id_aviso,banos,estacionamientos,dormitorios,antiguedad_anos,condominio_cerrado,distancia_centro_comuna_m,distancia_centro_concepcion_m,cantidad_paraderos,cantidad_jardines_infantiles,cantidad_colegios,cantidad_universidades,cantidad_plazas,cantidad_supermercados,cantidad_farmacias,cantidad_centros_comerciales,cantidad_hospitales,cantidad_clinicas,cantidad_estaciones_metro,superficie_total_m2,superficie_util_m2,bodegas,gastos_comunes,estacionamiento_visitas,piscina,quincho,conserjeria,ascensor,piso_unidad,rank_nac,c_ig_com,pob_rsh_uv,hog_uv,p_urbano,precio_clp,costo_total_clp,nivel_barrio,precio_m2_sector_departamento,tiene_comparables_cercanos,comuna_otras comunas,comuna_san-pedro-de-la-paz-biobio,amoblado,ratio_total_util
MLC-4108980484,1.0,0,1,5,True,2566.4,2566.4,1.0,0.0,1.0,1.0,0.0,0.0,0.0,0.0,0.0,0.0,0.0,33.1,37.9,0.0,50000.0,0.0,0.0,0.0,1.0,1.0,3.0,6304.0,3.0,4026.0,2134.0,100.0,380000.0,430000.0,4,12340.425531914894,True,False,False,0,0.8733509234828497
MLC-1908136045,2.0,1,2,0,True,1824.6,4989.2,0.0,0.0,1.0,0.0,0.0,0.0,0.0,0.0,0.0,0.0,0.0,64.0,63.0,0.0,120000.0,1.0,1.0,0.0,1.0,1.0,1.0,6748.0,4.0,2908.0,1351.0,5.75523405114186,620000.0,740000.0,3,11747.553816046966,True,False,True,0,1.0158730158730158
MLC-1944128621,1.0,1,2,7,True,2711.2,2711.2,5.0,0.0,2.0,0.0,2.0,3.0,1.0,0.0,0.0,0.0,0.0,56.0,54.0,1.0,0.0,1.0,0.0,0.0,1.0,1.0,3.0,5455.0,1.0,10400.0,5578.0,70.0075532601241,470000.0,470000.0,0,10738.831615120274,True,False,False,0,1.037037037037037
MLC-2016429359,2.0,0,3,25,False,1455.6,1455.6,0.0,0.0,0.0,0.0,0.0,0.0,0.0,0.0,0.0,0.0,0.0,66.0,66.0,0.0,92000.0,0.0,0.0,0.0,1.0,0.0,5.0,6279.0,3.0,2598.0,1648.0,100.0,470000.0,562000.0,2,11666.666666666666,True,False,False,0,1.0
MLC-1946981377,2.0,1,2,10,True,1681.8,2996.7,4.0,0.0,0.0,0.0,0.0,0.0,0.0,0.0,0.0,0.0,0.0,60.0,60.0,0.0,70000.0,0.0,1.0,0.0,1.0,1.0,6.0,5879.0,4.0,12234.0,5977.0,80.4354882614475,480000.0,550000.0,0,10166.666666666666,True,False,True,0,1.0
MLC-1954103769,1.0,0,2,6,True,4707.8,4707.8,4.0,0.0,0.0,0.0,0.0,0.0,1.0,0.0,0.0,0.0,0.0,58.0,60.0,0.0,40000.0,1.0,0.0,0.0,1.0,0.0,4.0,6409.0,4.0,6576.0,3080.0,94.3101149608368,580000.0,620000.0,0,9144.84126984127,True,False,False,1,0.9666666666666667
MLC-1957487293,2.0,1,2,5,True,3221.5,4548.7,0.0,0.0,0.0,0.0,0.0,0.0,0.0,0.0,0.0,0.0,0.0,60.0,64.0,0.0,90000.0,0.0,1.0,0.0,1.0,0.0,1.0,5933.0,4.0,1180.0,720.0,100.0,630000.0,720000.0,4,10254.261363636364,True,True,False,0,0.9375
MLC-1958748073,2.0,0,2,8,True,848.9,848.9,5.0,1.0,4.0,1.0,3.0,2.0,2.0,2.0,0.0,5.0,1.0,75.0,70.0,1.0,90000.0,0.0,0.0,0.0,1.0,1.0,7.0,3967.0,1.0,2152.0,1148.0,50.505791961991,570000.0,660000.0,2,11569.148936170212,True,False,False,0,1.0714285714285714
MLC-1973917649,1.0,1,1,7,True,1437.0,1437.0,5.0,1.0,1.0,2.0,0.0,1.0,0.0,0.0,0.0,1.0,0.0,35.0,33.0,0.0,60000.0,0.0,0.0,0.0,1.0,1.0,10.0,6691.0,4.0,2810.0,1764.0,100.0,470000.0,530000.0,4,12400.0,True,False,False,0,1.0606060606060606
MLC-1960282061,2.0,1,2,15,False,5214.5,5214.5,5.0,1.0,0.0,0.0,2.0,1.0,0.0,0.0,0.0,0.0,0.0,59.8,58.2,0.0,59000.0,1.0,0.0,0.0,1.0,1.0,7.0,6684.0,4.0,6833.0,3079.0,90.5171296845883,550000.0,609000.0,4,10000.0,True,False,False,0,1.0274914089347078
MLC-1961382985,2.0,0,2,5,True,3913.1,3913.1,4.0,0.0,0.0,0.0,0.0,0.0,0.0,0.0,0.0,0.0,0.0,70.0,68.0,0.0,100000.0,1.0,1.0,0.0,1.0,1.0,4.0,6684.0,4.0,6833.0,3079.0,90.5171296845883,650000.0,750000.0,4,12859.073359073358,True,False,False,0,1.0294117647058822
MLC-1966092899,1.0,1,1,7,True,926.7,926.7,5.0,2.0,1.0,0.0,1.0,0.0,2.0,0.0,0.0,0.0,0.0,38.0,38.0,1.0,70000.0,1.0,0.0,0.0,1.0,1.0,21.0,6178.0,3.0,2620.0,1658.0,100.0,490000.0,560000.0,2,12234.04255319149,True,False,False,0,1.0
MLC-1967388909,1.0,1,1,15,True,1445.8,4860.8,0.0,1.0,0.0,0.0,0.0,0.0,0.0,0.0,0.0,0.0,0.0,45.0,40.0,1.0,110000.0,1.0,1.0,0.0,1.0,0.0,4.0,6748.0,4.0,2908.0,1351.0,5.75523405114186,400000.0,510000.0,3,11326.671128466121,True,False,True,0,1.125
MLC-1968288773,2.0,1,2,1,True,539.9,4504.4,0.0,0.0,0.0,0.0,0.0,0.0,0.0,0.0,0.0,0.0,0.0,70.0,68.0,1.0,100000.0,0.0,1.0,0.0,1.0,1.0,5.0,5879.0,4.0,12234.0,5977.0,80.4354882614475,640000.0,740000.0,0,10916.17933723197,True,False,True,0,1.0294117647058822
MLC-1968291315,1.0,0,1,5,True,1436.2,1436.2,5.0,2.0,3.0,1.0,1.0,2.0,1.0,0.0,1.0,2.0,0.0,40.0,37.0,1.0,65000.0,1.0,0.0,0.0,1.0,1.0,8.0,6382.0,3.0,2472.0,1579.0,44.7477970543667,400000.0,465000.0,4,12110.817941952508,True,False,False,0,1.0810810810810811
MLC-1969407175,1.0,0,1,7,True,975.0,975.0,5.0,5.0,2.0,2.0,1.0,2.0,3.0,0.0,2.0,4.0,0.0,40.0,40.0,0.0,70000.0,0.0,0.0,0.0,1.0,1.0,15.0,5492.0,1.0,2073.0,1418.0,100.0,430000.0,500000.0,2,11612.90322580645,True,False,False,0,1.0
MLC-2095435545,2.0,1,2,9,True,1685.1,2990.2,4.0,0.0,0.0,0.0,0.0,0.0,0.0,0.0,0.0,0.0,0.0,56.0,56.0,0.0,60000.0,0.0,0.0,0.0,1.0,0.0,1.0,5879.0,4.0,12234.0,5977.0,80.4354882614475,450000.0,510000.0,0,10166.666666666666,True,False,True,0,1.0
MLC-2050897167,1.0,0,1,6,False,697.0,697.0,5.0,5.0,2.0,5.0,3.0,1.0,5.0,2.0,0.0,5.0,0.0,33.0,37.6,0.0,0.0,0.0,0.0,0.0,0.0,0.0,1.0,6768.0,4.0,1656.0,1111.0,100.0,230000.0,230000.0,2,11777.777777777777,True,False,False,0,0.8776595744680851
MLC-1973926265,2.0,0,2,0,True,698.9,698.9,5.0,1.0,4.0,0.0,0.0,2.0,2.0,1.0,0.0,0.0,0.0,38.0,39.0,0.0,70000.0,0.0,0.0,0.0,1.0,0.0,1.0,4644.0,1.0,2739.0,1645.0,100.0,500000.0,570000.0,2,12234.04255319149,True,False,False,0,0.9743589743589743
MLC-1974260687,2.0,2,2,6,True,935.3,5045.5,0.0,0.0,0.0,0.0,0.0,0.0,0.0,0.0,0.0,0.0,0.0,56.0,56.0,0.0,65000.0,0.0,0.0,0.0,1.0,0.0,1.0,4433.0,3.0,20174.0,9883.0,82.4572189855629,500000.0,565000.0,4,10454.545454545454,True,False,True,0,1.0
MLC-1984846539,2.0,1,3,5,True,2566.4,2566.4,1.0,0.0,1.0,1.0,0.0,0.0,0.0,0.0,0.0,0.0,0.0,70.0,70.0,0.0,0.0,1.0,0.0,0.0,1.0,1.0,5.0,6304.0,3.0,4026.0,2134.0,100.0,680000.0,680000.0,4,12340.425531914894,True,False,False,0,1.0
MLC-1974286497,2.0,1,2,0,False,1766.4,5906.6,4.0,0.0,0.0,0.0,0.0,0.0,0.0,0.0,0.0,0.0,0.0,60.0,58.0,0.0,68000.0,0.0,1.0,0.0,0.0,0.0,1.0,6064.0,3.0,3245.0,1834.0,100.0,550000.0,618000.0,1,10535.714285714286,True,True,False,0,1.0344827586206897
MLC-1975352157,1.0,0,1,0,True,723.7,723.7,5.0,5.0,5.0,3.0,2.0,1.0,5.0,0.0,0.0,3.0,0.0,33.0,37.6,0.0,55000.0,0.0,0.0,0.0,0.0,1.0,5.0,6636.0,4.0,2317.0,1552.0,99.9999999999999,400000.0,455000.0,2,12744.569381243064,True,False,False,0,0.8776595744680851
MLC-1975377791,2.0,1,2,2,True,2337.9,4967.7,0.0,0.0,0.0,0.0,0.0,0.0,0.0,0.0,0.0,0.0,0.0,72.0,70.0,0.0,90000.0,1.0,1.0,0.0,0.0,1.0,11.0,6748.0,4.0,2908.0,1351.0,5.75523405114186,780000.0,870000.0,3,12142.857142857143,True,False,True,0,1.0285714285714285
MLC-1975378827,1.0,0,1,1,True,698.0,698.0,5.0,5.0,5.0,2.0,1.0,0.0,2.0,0.0,0.0,1.0,0.0,38.0,35.0,0.0,70000.0,0.0,0.0,0.0,1.0,1.0,16.0,6636.0,4.0,2317.0,1552.0,99.9999999999999,600000.0,670000.0,2,12792.353823088455,True,False,False,0,1.0857142857142856
MLC-1975378955,2.0,1,2,2,True,2993.1,2993.1,5.0,0.0,2.0,0.0,3.0,3.0,1.0,0.0,0.0,0.0,0.0,65.0,60.0,1.0,100000.0,0.0,1.0,0.0,1.0,0.0,1.0,5455.0,1.0,10400.0,5578.0,70.0075532601241,530000.0,630000.0,0,10738.831615120274,True,False,False,0,1.0833333333333333
MLC-1975379055,2.0,1,3,6,True,2588.3,2588.3,5.0,0.0,1.0,0.0,0.0,1.0,0.0,0.0,0.0,0.0,0.0,59.8,74.9,1.0,160000.0,0.0,1.0,0.0,1.0,1.0,1.0,6741.0,4.0,1295.0,716.0,36.9900234018146,1054119.82,1214119.82,2,14043.911512717536,True,False,False,0,0.7983978638184245
MLC-1975401723,2.0,1,2,4,True,963.2,963.2,5.0,1.0,1.0,2.0,0.0,1.0,0.0,0.0,0.0,0.0,0.0,49.0,46.0,0.0,0.0,0.0,0.0,0.0,1.0,1.0,6.0,4889.0,1.0,6948.0,3534.0,56.3609274194969,520000.0,520000.0,2,10833.333333333334,True,False,False,0,1.065217391304348
MLC-1975413789,2.0,1,3,33,True,1186.5,1186.5,5.0,5.0,3.0,2.0,0.0,2.0,2.0,0.0,1.0,4.0,0.0,75.0,75.0,1.0,145000.0,0.0,0.0,0.0,1.0,1.0,1.0,6382.0,3.0,2472.0,1579.0,44.7477970543667,645000.0,790000.0,4,11873.35092348285,True,False,False,0,1.0
MLC-1976947129,2.0,0,2,0,False,377.5,377.5,5.0,0.0,2.0,2.0,0.0,5.0,5.0,1.0,0.0,0.0,0.0,62.0,62.0,0.0,115000.0,0.0,0.0,0.0,1.0,1.0,7.0,3511.0,1.0,1254.0,785.0,100.0,570000.0,685000.0,2,11851.851851851852,True,False,False,0,1.0
MLC-1976959067,1.0,1,1,2,False,354.0,354.0,5.0,1.0,5.0,5.0,1.0,5.0,5.0,1.0,0.0,4.0,0.0,32.0,30.0,0.0,36000.0,0.0,0.0,0.0,1.0,1.0,7.0,5332.0,1.0,4499.0,2404.0,100.0,450000.0,486000.0,2,12178.387650085764,True,False,False,0,1.0666666666666667
MLC-1976976223,1.0,1,1,1,True,1594.9,1594.9,5.0,2.0,4.0,2.0,1.0,3.0,1.0,0.0,2.0,2.0,0.0,33.0,37.6,1.0,95000.0,1.0,0.0,0.0,1.0,1.0,12.0,6382.0,3.0,2472.0,1579.0,44.7477970543667,580000.0,675000.0,4,11829.532604598568,True,False,False,0,0.8776595744680851
MLC-1976986761,1.0,0,2,0,True,2719.1,8891.0,4.0,0.0,1.0,0.0,0.0,0.0,0.0,0.0,0.0,0.0,0.0,54.0,54.0,0.0,0.0,1.0,0.0,0.0,1.0,0.0,3.0,5342.0,3.0,2386.0,1215.0,18.5074470416839,490000.0,490000.0,0,9230.76923076923,True,True,False,0,1.0
MLC-1978118349,1.0,0,1,0,True,900.0,4527.0,5.0,0.0,3.0,0.0,2.0,0.0,1.0,0.0,0.0,0.0,0.0,38.4,42.2,0.0,40000.0,1.0,0.0,0.0,1.0,1.0,1.0,5879.0,4.0,12234.0,5977.0,80.4354882614475,430000.0,470000.0,0,13685.390174732413,True,False,True,0,0.909952606635071
MLC-1978276583,1.0,0,3,14,False,3642.2,7799.6,5.0,2.0,0.0,1.0,3.0,1.0,0.0,0.0,0.0,0.0,1.0,56.0,56.0,0.0,30000.0,0.0,0.0,0.0,1.0,0.0,1.0,1859.0,2.0,27535.0,12357.0,68.1398650783455,350000.0,380000.0,0,7782.924528301886,True,False,True,0,1.0
MLC-1980232763,2.0,1,3,10,True,1461.6,4986.5,0.0,1.0,0.0,0.0,0.0,0.0,0.0,0.0,0.0,0.0,0.0,82.0,86.0,1.0,120000.0,1.0,1.0,0.0,1.0,1.0,8.0,6748.0,4.0,2908.0,1351.0,5.75523405114186,690000.0,810000.0,3,11481.481481481482,True,False,True,0,0.9534883720930233
MLC-1980245555,2.0,1,2,5,True,726.2,726.2,5.0,0.0,4.0,1.0,2.0,1.0,1.0,0.0,0.0,2.0,1.0,60.0,60.0,1.0,150000.0,1.0,0.0,0.0,1.0,1.0,1.0,3967.0,1.0,2152.0,1148.0,50.505791961991,615000.0,765000.0,2,11304.347826086956,True,False,False,0,1.0
MLC-2037754887,1.0,1,2,0,False,645.4,645.4,5.0,5.0,2.0,4.0,3.0,1.0,5.0,2.0,0.0,5.0,0.0,58.0,58.0,1.0,85000.0,0.0,0.0,0.0,0.0,1.0,13.0,6768.0,4.0,1656.0,1111.0,100.0,560000.0,645000.0,2,11304.33273156506,True,False,False,0,1.0
MLC-1980330259,1.0,1,3,4,True,5002.4,5002.4,3.0,0.0,0.0,0.0,1.0,0.0,0.0,0.0,0.0,0.0,0.0,60.0,58.0,0.0,0.0,1.0,0.0,0.0,1.0,0.0,4.0,6409.0,4.0,6576.0,3080.0,94.3101149608368,530000.0,530000.0,0,9523.809523809523,True,False,False,0,1.0344827586206897
MLC-1980960765,2.0,1,3,6,False,1654.9,1654.9,0.0,0.0,0.0,0.0,0.0,0.0,0.0,0.0,0.0,0.0,0.0,59.8,74.9,0.0,0.0,0.0,0.0,0.0,0.0,0.0,1.0,6279.0,3.0,2598.0,1648.0,100.0,680000.0,680000.0,1,11649.122807017544,True,False,False,0,0.7983978638184245
MLC-1982231797,1.0,1,2,5,True,4927.4,4927.4,0.0,0.0,0.0,0.0,0.0,0.0,1.0,0.0,0.0,0.0,0.0,55.0,48.0,0.0,0.0,0.0,0.0,0.0,1.0,0.0,2.0,6409.0,4.0,6576.0,3080.0,94.3101149608368,490000.0,490000.0,0,9523.809523809523,True,False,False,0,1.1458333333333333
MLC-1982233255,2.0,1,2,0,False,630.1,630.1,5.0,5.0,3.0,5.0,1.0,1.0,2.0,1.0,0.0,5.0,0.0,56.0,56.0,1.0,135000.0,0.0,0.0,0.0,0.0,1.0,7.0,6768.0,4.0,1656.0,1111.0,100.0,490000.0,625000.0,2,11777.777777777777,True,False,False,0,1.0
MLC-1983377571,1.0,1,3,0,True,4556.3,4556.3,2.0,0.0,0.0,0.0,0.0,0.0,0.0,0.0,0.0,0.0,0.0,55.0,51.0,0.0,0.0,1.0,0.0,0.0,1.0,0.0,3.0,6282.0,3.0,12506.0,6078.0,99.9999999999999,500000.0,500000.0,4,10896.692439862542,True,False,False,0,1.0784313725490196
MLC-1983402157,2.0,1,3,0,True,6727.6,5907.0,5.0,0.0,0.0,0.0,0.0,0.0,0.0,0.0,0.0,0.0,1.0,58.0,56.0,0.0,90000.0,0.0,0.0,0.0,1.0,0.0,4.0,6064.0,3.0,3245.0,1834.0,100.0,500000.0,590000.0,1,10595.443349753696,True,True,False,0,1.0357142857142858
MLC-1983493753,2.0,1,2,13,True,3187.5,3187.5,5.0,0.0,3.0,0.0,5.0,2.0,1.0,0.0,0.0,0.0,0.0,49.0,49.0,0.0,50000.0,0.0,0.0,0.0,1.0,0.0,1.0,6571.0,4.0,1072.0,625.0,89.9626305483346,530000.0,580000.0,0,10924.299952539155,True,False,False,0,1.0
MLC-1984814417,1.0,0,0,4,False,1535.1,1535.1,5.0,1.0,0.0,1.0,0.0,4.0,0.0,0.0,0.0,1.0,0.0,31.0,36.8,0.0,0.0,0.0,0.0,0.0,0.0,0.0,5.0,6382.0,3.0,2472.0,1579.0,44.7477970543667,500000.0,500000.0,4,12714.285714285714,True,False,False,0,0.8423913043478262
MLC-1984826661,2.0,1,2,1,False,2809.8,6949.2,4.0,0.0,0.0,0.0,0.0,0.0,0.0,0.0,0.0,0.0,0.0,56.0,52.0,1.0,0.0,0.0,0.0,0.0,1.0,1.0,11.0,5385.0,3.0,323.0,156.0,19.0571301445678,665000.0,665000.0,2,10849.056603773584,True,False,True,0,1.0769230769230769
MLC-1984829287,2.0,1,2,7,True,975.0,975.0,5.0,5.0,2.0,2.0,1.0,2.0,3.0,0.0,2.0,4.0,0.0,57.0,57.0,1.0,100000.0,0.0,0.0,0.0,1.0,1.0,11.0,5492.0,1.0,2073.0,1418.0,100.0,580000.0,680000.0,2,11612.90322580645,True,False,False,0,1.0
MLC-1984831169,2.0,1,2,21,True,1047.3,1047.3,5.0,1.0,3.0,0.0,5.0,1.0,0.0,0.0,0.0,0.0,0.0,53.0,53.0,0.0,90000.0,0.0,0.0,0.0,0.0,0.0,1.0,5941.0,2.0,3137.0,1891.0,100.0,500000.0,590000.0,2,11428.57142857143,True,False,False,0,1.0
MLC-1984835781,2.0,1,3,9,False,5003.1,5003.1,5.0,1.0,0.0,0.0,1.0,1.0,0.0,0.0,0.0,0.0,0.0,71.6,70.0,1.0,0.0,0.0,0.0,0.0,0.0,1.0,1.0,6282.0,3.0,12506.0,6078.0,99.9999999999999,650000.0,650000.0,4,10500.0,True,False,False,0,1.0228571428571427
MLC-4145437604,2.0,1,2,20,True,7876.0,32483.8,0.0,0.0,0.0,0.0,0.0,0.0,0.0,0.0,0.0,0.0,0.0,80.0,75.0,1.0,120000.0,1.0,1.0,0.0,1.0,1.0,8.0,2449.0,2.0,986.0,583.0,51.3838868908969,400000.0,520000.0,2,11400.0,False,True,False,0,1.0666666666666667
MLC-1986430245,1.0,0,2,0,False,2137.5,2137.5,5.0,1.0,5.0,0.0,1.0,3.0,2.0,0.0,1.0,0.0,0.0,58.0,58.0,0.0,70000.0,0.0,0.0,0.0,0.0,0.0,1.0,6715.0,4.0,2440.0,1484.0,100.0,450000.0,520000.0,4,11326.530612244898,True,False,False,0,1.0
MLC-1986460611,1.0,1,1,0,True,1653.0,4644.7,1.0,1.0,1.0,0.0,0.0,1.0,1.0,0.0,0.0,0.0,0.0,50.0,50.0,0.0,70000.0,1.0,0.0,0.0,1.0,1.0,2.0,6748.0,4.0,2908.0,1351.0,5.75523405114186,500000.0,570000.0,3,11590.90909090909,True,False,True,1,1.0
MLC-1986460775,2.0,1,2,2,True,2751.7,6895.4,0.0,0.0,0.0,0.0,0.0,0.0,0.0,0.0,0.0,0.0,0.0,60.0,53.0,1.0,55000.0,1.0,0.0,0.0,1.0,1.0,9.0,5385.0,3.0,323.0,156.0,19.0571301445678,520000.0,575000.0,2,11857.142857142857,True,False,True,0,1.1320754716981132
MLC-1986557509,1.0,1,1,0,True,1762.2,1762.2,1.0,0.0,1.0,0.0,0.0,1.0,0.0,0.0,0.0,0.0,0.0,33.0,37.6,0.0,50000.0,0.0,0.0,0.0,1.0,1.0,11.0,5924.0,2.0,3532.0,1915.0,100.0,450000.0,500000.0,4,11477.572559366756,True,False,False,0,0.8776595744680851
MLC-1986567935,2.0,1,2,1,False,1200.9,1200.9,5.0,0.0,1.0,0.0,1.0,1.0,2.0,1.0,0.0,0.0,0.0,56.7,55.0,0.0,0.0,0.0,0.0,0.0,0.0,0.0,9.0,6741.0,4.0,1295.0,716.0,36.9900234018146,650000.0,650000.0,2,13666.666666666666,True,False,False,0,1.030909090909091
MLC-1986964247,1.0,1,3,8,False,3169.0,3169.0,5.0,0.0,0.0,0.0,1.0,0.0,0.0,0.0,0.0,0.0,0.0,54.0,54.0,0.0,10000.0,0.0,0.0,0.0,0.0,0.0,1.0,6441.0,4.0,887.0,463.0,99.6600561653695,570000.0,580000.0,0,10422.667123204898,True,False,False,0,1.0
MLC-4223649362,2.0,1,2,6,False,1110.2,1110.2,4.0,0.0,1.0,0.0,3.0,0.0,0.0,0.0,0.0,0.0,0.0,59.0,50.0,1.0,80000.0,0.0,0.0,0.0,1.0,1.0,11.0,5941.0,2.0,3137.0,1891.0,100.0,620000.0,700000.0,2,11018.518518518518,True,False,False,0,1.18
MLC-1986997881,2.0,1,2,5,True,895.7,895.7,5.0,0.0,2.0,0.0,4.0,0.0,0.0,0.0,0.0,0.0,0.0,52.0,52.0,0.0,110000.0,0.0,0.0,0.0,1.0,1.0,10.0,5752.0,2.0,3137.0,1789.0,100.0,680000.0,790000.0,2,11525.738892151105,True,False,False,0,1.0
MLC-1988141769,2.0,0,2,0,True,1447.5,1447.5,5.0,1.0,0.0,0.0,4.0,2.0,1.0,0.0,0.0,0.0,0.0,50.0,50.0,0.0,0.0,0.0,0.0,0.0,1.0,0.0,1.0,6279.0,3.0,2598.0,1648.0,100.0,700000.0,700000.0,2,11631.578947368422,True,False,False,0,1.0
MLC-1988150973,2.0,1,2,1,True,733.8,733.8,5.0,5.0,5.0,3.0,2.0,1.0,5.0,0.0,0.0,3.0,0.0,53.0,48.0,0.0,70000.0,0.0,0.0,0.0,1.0,1.0,14.0,6636.0,4.0,2317.0,1552.0,99.9999999999999,680000.0,750000.0,2,12625.0,True,False,False,0,1.1041666666666667
MLC-1990021677,2.0,1,2,5,True,1334.9,1334.9,5.0,1.0,2.0,0.0,1.0,2.0,0.0,0.0,0.0,0.0,0.0,58.0,52.0,0.0,80000.0,1.0,0.0,0.0,0.0,1.0,6.0,6691.0,4.0,2810.0,1764.0,100.0,600000.0,680000.0,4,12229.53216374269,True,False,False,0,1.1153846153846154
MLC-1990025989,2.0,1,2,9,True,1685.1,2990.2,4.0,0.0,0.0,0.0,0.0,0.0,0.0,0.0,0.0,0.0,0.0,60.0,60.0,1.0,60000.0,0.0,1.0,0.0,0.0,0.0,1.0,5879.0,4.0,12234.0,5977.0,80.4354882614475,630000.0,690000.0,0,10166.666666666666,True,False,True,1,1.0
MLC-1990029339,2.0,1,2,8,True,3913.1,3913.1,4.0,0.0,0.0,0.0,0.0,0.0,0.0,0.0,0.0,0.0,0.0,55.0,58.2,1.0,100000.0,0.0,1.0,0.0,1.0,1.0,1.0,6684.0,4.0,6833.0,3079.0,90.5171296845883,590000.0,690000.0,4,12859.073359073358,True,False,False,1,0.9450171821305842
MLC-1990058255,2.0,1,2,10,True,4026.9,4026.9,3.0,0.0,0.0,0.0,0.0,1.0,1.0,0.0,0.0,0.0,0.0,60.0,60.0,1.0,80000.0,1.0,1.0,0.0,1.0,1.0,12.0,6684.0,4.0,6833.0,3079.0,90.5171296845883,650000.0,730000.0,4,12363.757199822772,True,False,False,1,1.0
MLC-1990064669,2.0,1,2,9,True,1685.1,2990.2,4.0,0.0,0.0,0.0,0.0,0.0,0.0,0.0,0.0,0.0,0.0,60.0,60.0,1.0,60000.0,0.0,0.0,0.0,0.0,0.0,1.0,5879.0,4.0,12234.0,5977.0,80.4354882614475,530000.0,590000.0,0,10166.666666666666,True,False,True,0,1.0
MLC-1990067511,2.0,1,2,7,True,3984.7,8154.5,5.0,0.0,0.0,0.0,0.0,0.0,0.0,0.0,0.0,0.0,0.0,72.0,68.0,0.0,70000.0,0.0,1.0,0.0,1.0,1.0,3.0,1859.0,2.0,27535.0,12357.0,68.1398650783455,550000.0,620000.0,0,10000.0,True,False,True,0,1.0588235294117647
MLC-2095436021,2.0,1,3,3,True,863.3,4951.8,5.0,0.0,3.0,0.0,1.0,2.0,0.0,0.0,0.0,0.0,0.0,94.0,85.0,1.0,160000.0,0.0,0.0,0.0,1.0,0.0,5.0,4433.0,3.0,20174.0,9883.0,82.4572189855629,750000.0,910000.0,4,10420.16806722689,True,False,True,0,1.1058823529411765
MLC-1990071015,1.0,1,2,0,False,6092.8,6633.1,0.0,0.0,0.0,0.0,0.0,0.0,0.0,0.0,0.0,0.0,0.0,46.0,46.0,0.0,50000.0,0.0,0.0,0.0,0.0,1.0,1.0,6682.0,4.0,4021.0,1996.0,65.5175717706704,550000.0,600000.0,1,12500.0,True,True,False,0,1.0
MLC-4111972100,2.0,1,2,0,True,900.0,4527.0,5.0,0.0,3.0,0.0,2.0,0.0,1.0,0.0,0.0,0.0,0.0,64.0,58.0,0.0,120000.0,0.0,0.0,0.0,0.0,1.0,1.0,5879.0,4.0,12234.0,5977.0,80.4354882614475,650000.0,770000.0,0,13685.390174732413,True,False,True,0,1.103448275862069
MLC-1990071487,2.0,1,2,11,True,1194.7,5280.1,1.0,0.0,0.0,0.0,0.0,0.0,0.0,0.0,0.0,0.0,0.0,64.0,59.0,0.0,80000.0,1.0,0.0,0.0,1.0,1.0,1.0,4433.0,3.0,20174.0,9883.0,82.4572189855629,590000.0,670000.0,4,10172.413793103447,True,False,True,0,1.0847457627118644
MLC-1990077303,1.0,1,2,10,True,775.2,775.2,5.0,4.0,1.0,0.0,3.0,1.0,3.0,2.0,0.0,4.0,0.0,56.0,56.0,1.0,75000.0,0.0,0.0,0.0,1.0,1.0,15.0,3967.0,1.0,2152.0,1148.0,50.505791961991,530000.0,605000.0,2,11285.714285714286,True,False,False,0,1.0
MLC-1991839121,1.0,1,2,10,False,580.1,580.1,5.0,0.0,3.0,1.0,0.0,5.0,0.0,0.0,0.0,0.0,0.0,43.0,43.0,0.0,80000.0,1.0,0.0,0.0,1.0,0.0,1.0,5332.0,1.0,4499.0,2404.0,100.0,550000.0,630000.0,2,10727.272727272728,True,False,False,1,1.0
MLC-1991845063,2.0,1,2,0,True,830.0,12415.0,5.0,0.0,1.0,0.0,0.0,1.0,0.0,0.0,0.0,0.0,0.0,76.0,76.0,0.0,80000.0,1.0,0.0,0.0,1.0,0.0,2.0,5136.0,2.0,13939.0,6879.0,81.3670347779654,650000.0,730000.0,1,8586.587436332768,True,True,False,0,1.0
MLC-1991911453,2.0,0,2,0,True,6172.8,6458.4,4.0,1.0,0.0,0.0,0.0,0.0,0.0,0.0,0.0,0.0,0.0,55.0,55.0,0.0,0.0,0.0,1.0,0.0,1.0,0.0,2.0,6682.0,4.0,4021.0,1996.0,65.5175717706704,750000.0,750000.0,1,13636.363636363636,True,True,False,1,1.0
MLC-1994487745,2.0,1,2,0,False,699.7,699.7,5.0,1.0,4.0,0.0,0.0,2.0,2.0,1.0,0.0,0.0,0.0,59.8,58.2,0.0,0.0,0.0,0.0,0.0,1.0,1.0,21.0,4644.0,1.0,2739.0,1645.0,100.0,500000.0,500000.0,2,12400.0,True,False,False,0,1.0274914089347078
MLC-1991923311,1.0,0,1,1,False,710.8,710.8,5.0,5.0,2.0,0.0,1.0,0.0,0.0,0.0,0.0,1.0,0.0,33.0,37.6,0.0,57000.0,1.0,0.0,0.0,1.0,1.0,1.0,6636.0,4.0,2317.0,1552.0,99.9999999999999,450000.0,507000.0,2,12753.289705882353,True,False,False,0,0.8776595744680851
MLC-1991923709,1.0,0,1,1,False,710.8,710.8,5.0,5.0,2.0,0.0,1.0,0.0,0.0,0.0,0.0,1.0,0.0,45.0,40.0,0.0,70000.0,1.0,0.0,0.0,1.0,1.0,1.0,6636.0,4.0,2317.0,1552.0,99.9999999999999,520000.0,590000.0,2,12753.289705882353,True,False,False,0,1.125
MLC-1992097959,2.0,1,2,0,True,1123.1,1123.1,5.0,3.0,1.0,0.0,0.0,0.0,2.0,0.0,0.0,4.0,0.0,50.0,50.0,0.0,60000.0,1.0,0.0,0.0,1.0,0.0,21.0,6382.0,3.0,2472.0,1579.0,44.7477970543667,680000.0,740000.0,4,11836.1975,True,False,False,0,1.0
MLC-1992105461,2.0,2,2,3,True,2327.5,5062.9,0.0,0.0,0.0,0.0,0.0,0.0,0.0,0.0,0.0,0.0,0.0,82.0,70.0,1.0,100000.0,1.0,1.0,0.0,1.0,1.0,1.0,6748.0,4.0,2908.0,1351.0,5.75523405114186,750000.0,850000.0,3,12285.714285714286,True,False,True,0,1.1714285714285715
MLC-1994427015,1.0,1,2,0,True,1003.8,4794.1,5.0,0.0,0.0,0.0,3.0,1.0,0.0,0.0,0.0,0.0,0.0,56.0,56.0,1.0,0.0,1.0,1.0,0.0,1.0,1.0,3.0,4433.0,3.0,20174.0,9883.0,82.4572189855629,600000.0,600000.0,4,10023.444266666665,True,False,True,0,1.0
MLC-1994432705,3.0,1,3,25,True,1134.3,1134.3,5.0,4.0,4.0,1.0,1.0,0.0,0.0,0.0,0.0,2.0,0.0,103.0,103.0,0.0,180000.0,0.0,0.0,0.0,1.0,1.0,10.0,6691.0,4.0,2810.0,1764.0,100.0,1300000.0,1480000.0,4,12142.857142857143,True,False,False,0,1.0
MLC-1994442087,1.0,1,1,10,True,5303.3,5303.3,0.0,0.0,0.0,0.0,0.0,0.0,0.0,0.0,0.0,0.0,0.0,40.0,40.0,1.0,45000.0,0.0,0.0,0.0,1.0,1.0,7.0,6684.0,4.0,6833.0,3079.0,90.5171296845883,450000.0,495000.0,4,9827.201783723522,True,False,False,0,1.0
MLC-1996206821,2.0,1,3,4,True,5059.9,5059.9,5.0,1.0,0.0,0.0,2.0,1.0,0.0,0.0,0.0,0.0,0.0,78.0,74.9,0.0,0.0,0.0,1.0,0.0,1.0,1.0,5.0,6282.0,3.0,12506.0,6078.0,99.9999999999999,890000.0,890000.0,4,10463.519654824848,True,False,False,1,1.0413885180240319
MLC-1996217247,2.0,1,2,7,True,3984.7,8154.5,5.0,0.0,0.0,0.0,0.0,0.0,0.0,0.0,0.0,0.0,0.0,62.0,60.0,0.0,80000.0,1.0,1.0,0.0,1.0,1.0,2.0,1859.0,2.0,27535.0,12357.0,68.1398650783455,520000.0,600000.0,0,10000.0,True,False,True,0,1.0333333333333334
MLC-1996220621,2.0,1,2,4,True,944.2,944.2,5.0,1.0,1.0,2.0,0.0,1.0,0.0,0.0,0.0,0.0,0.0,50.0,50.0,0.0,60000.0,0.0,0.0,0.0,1.0,0.0,13.0,4889.0,1.0,6948.0,3534.0,56.3609274194969,470000.0,530000.0,2,10833.333333333334,True,False,False,0,1.0
MLC-1996323253,2.0,0,2,0,True,482.1,482.1,5.0,2.0,3.0,1.0,1.0,3.0,5.0,2.0,0.0,2.0,0.0,57.0,54.0,0.0,110000.0,0.0,0.0,0.0,1.0,1.0,9.0,3511.0,1.0,1254.0,785.0,100.0,550000.0,660000.0,2,11750.0,True,False,False,0,1.0555555555555556
MLC-1996332881,1.0,1,1,5,True,1930.4,1930.4,2.0,0.0,1.0,1.0,1.0,0.0,0.0,0.0,0.0,0.0,0.0,45.0,45.0,1.0,55000.0,1.0,0.0,0.0,1.0,1.0,9.0,5924.0,2.0,3532.0,1915.0,100.0,450000.0,505000.0,4,11255.263157894737,True,False,False,0,1.0
MLC-1997603963,2.0,1,2,0,True,4064.4,4064.4,5.0,0.0,0.0,0.0,0.0,1.0,1.0,0.0,1.0,0.0,0.0,54.0,52.0,1.0,90000.0,1.0,1.0,0.0,1.0,1.0,1.0,6684.0,4.0,6833.0,3079.0,90.5171296845883,530000.0,620000.0,4,12295.081967213115,True,False,False,0,1.0384615384615385
MLC-1997606321,1.0,1,1,0,True,2161.5,5420.2,0.0,0.0,0.0,0.0,0.0,0.0,0.0,0.0,0.0,0.0,0.0,50.0,50.0,1.0,75000.0,1.0,1.0,0.0,1.0,1.0,9.0,6748.0,4.0,2908.0,1351.0,5.75523405114186,600000.0,675000.0,3,11911.764705882353,True,False,True,1,1.0
MLC-1997623699,1.0,0,3,10,True,1303.5,1303.5,5.0,0.0,1.0,0.0,5.0,0.0,0.0,0.0,0.0,0.0,0.0,63.2,61.3,0.0,0.0,1.0,1.0,0.0,1.0,0.0,1.0,5752.0,2.0,3137.0,1789.0,100.0,500000.0,500000.0,1,9909.09090909091,True,False,False,0,1.030995106035889
MLC-2037765491,1.0,0,2,0,True,610.9,610.9,5.0,5.0,2.0,5.0,3.0,2.0,5.0,2.0,0.0,5.0,0.0,58.0,58.0,0.0,70000.0,0.0,0.0,0.0,0.0,1.0,1.0,6768.0,4.0,1656.0,1111.0,100.0,500000.0,570000.0,2,11347.549909255898,True,False,False,0,1.0
MLC-1997629305,1.0,1,2,0,True,3749.8,7888.4,5.0,2.0,0.0,1.0,3.0,1.0,0.0,0.0,0.0,0.0,1.0,53.0,53.0,0.0,30000.0,0.0,1.0,0.0,1.0,0.0,1.0,1859.0,2.0,27535.0,12357.0,68.1398650783455,380000.0,410000.0,0,7307.857142857143,True,False,True,0,1.0
MLC-1997629953,1.0,1,1,5,True,4015.3,4015.3,5.0,0.0,0.0,0.0,0.0,0.0,0.0,0.0,0.0,0.0,0.0,39.0,37.0,0.0,70000.0,1.0,1.0,0.0,1.0,1.0,3.0,6684.0,4.0,6833.0,3079.0,90.5171296845883,390000.0,460000.0,4,12805.647840531561,True,False,False,0,1.054054054054054
MLC-1997630127,2.0,1,2,15,True,5269.5,9423.5,0.0,0.0,0.0,0.0,0.0,0.0,0.0,0.0,0.0,0.0,0.0,48.0,48.0,0.0,50000.0,1.0,1.0,0.0,1.0,1.0,3.0,1859.0,2.0,27535.0,12357.0,68.1398650783455,460000.0,510000.0,0,10990.23199023199,True,False,True,1,1.0
MLC-1997631137,2.0,1,2,0,True,698.9,698.9,5.0,1.0,4.0,0.0,0.0,2.0,2.0,1.0,0.0,0.0,0.0,50.0,50.0,0.0,75000.0,0.0,0.0,0.0,1.0,1.0,17.0,4644.0,1.0,2739.0,1645.0,100.0,550000.0,625000.0,2,12234.04255319149,True,False,False,0,1.0
MLC-1997636541,1.0,0,1,0,False,1000.3,1000.3,5.0,0.0,3.0,0.0,3.0,1.0,1.0,0.0,0.0,0.0,0.0,48.0,46.0,0.0,70000.0,0.0,0.0,0.0,1.0,1.0,18.0,6279.0,3.0,2598.0,1648.0,100.0,570000.0,640000.0,2,11111.111111111111,True,False,False,1,1.0434782608695652
MLC-1997638383,2.0,1,3,13,True,5167.4,5167.4,5.0,1.0,0.0,0.0,3.0,0.0,0.0,0.0,0.0,0.0,0.0,77.7,78.0,1.0,120000.0,0.0,0.0,0.0,1.0,1.0,9.0,6684.0,4.0,6833.0,3079.0,90.5171296845883,650000.0,770000.0,4,10142.857142857143,True,False,False,0,0.9961538461538462
MLC-1999201775,2.0,0,2,2,False,1358.0,1358.0,5.0,1.0,2.0,0.0,5.0,3.0,1.0,0.0,0.0,1.0,0.0,59.7,58.3,0.0,72000.0,1.0,0.0,0.0,1.0,1.0,19.0,6279.0,3.0,2598.0,1648.0,100.0,590000.0,662000.0,2,11620.538814053605,True,False,False,1,1.0240137221269299
MLC-4182539388,2.0,0,2,15,True,912.7,912.7,5.0,5.0,1.0,1.0,1.0,2.0,3.0,0.0,0.0,4.0,0.0,57.0,54.0,0.0,80000.0,0.0,1.0,0.0,1.0,1.0,2.0,6636.0,4.0,2317.0,1552.0,99.9999999999999,550000.0,630000.0,2,12234.04255319149,True,False,False,0,1.0555555555555556
MLC-1999222725,2.0,1,2,6,True,4321.9,4321.9,5.0,0.0,0.0,0.0,0.0,0.0,0.0,0.0,0.0,0.0,0.0,64.0,64.0,0.0,70000.0,1.0,1.0,0.0,1.0,1.0,1.0,6282.0,3.0,12506.0,6078.0,99.9999999999999,550000.0,620000.0,4,11189.18918918919,True,False,False,0,1.0
MLC-1999226989,1.0,1,1,0,True,698.9,698.9,5.0,1.0,4.0,0.0,0.0,2.0,2.0,1.0,0.0,0.0,0.0,33.5,32.0,0.0,60000.0,0.0,0.0,0.0,1.0,1.0,15.0,4644.0,1.0,2739.0,1645.0,100.0,430000.0,490000.0,2,12234.04255319149,True,False,False,0,1.046875
MLC-1999737981,2.0,0,2,6,True,751.5,751.5,5.0,5.0,1.0,1.0,1.0,1.0,2.0,1.0,0.0,5.0,0.0,55.0,54.0,0.0,80000.0,0.0,0.0,0.0,1.0,1.0,8.0,6768.0,4.0,1656.0,1111.0,100.0,650000.0,730000.0,2,11777.777777777777,True,False,False,1,1.0185185185185186
MLC-1999194115,1.0,1,1,0,True,900.0,4527.0,5.0,0.0,3.0,0.0,2.0,0.0,1.0,0.0,0.0,0.0,0.0,32.0,32.0,0.0,60000.0,0.0,0.0,0.0,1.0,1.0,9.0,5879.0,4.0,12234.0,5977.0,80.4354882614475,500000.0,560000.0,0,13402.636916835701,True,False,True,0,1.0
MLC-2001121665,2.0,1,2,5,True,1797.5,1797.5,5.0,1.0,4.0,0.0,1.0,5.0,2.0,0.0,0.0,0.0,0.0,56.0,56.0,0.0,70000.0,1.0,0.0,0.0,1.0,1.0,1.0,6715.0,4.0,2440.0,1484.0,100.0,580000.0,650000.0,4,13397.435897435898,True,False,False,0,1.0
MLC-2001122473,1.0,0,1,0,False,1465.2,1465.2,5.0,2.0,2.0,0.0,1.0,2.0,0.0,0.0,0.0,0.0,0.0,38.0,38.0,0.0,55000.0,0.0,0.0,0.0,0.0,1.0,8.0,6691.0,4.0,2810.0,1764.0,100.0,410000.0,465000.0,4,12664.90765171504,True,False,False,0,1.0
MLC-2001176375,1.0,1,2,5,False,2514.8,2514.8,5.0,1.0,1.0,0.0,2.0,0.0,0.0,0.0,0.0,0.0,0.0,50.0,50.0,0.0,50000.0,1.0,0.0,0.0,1.0,1.0,1.0,5666.0,2.0,2051.0,1108.0,100.0,520000.0,570000.0,4,11400.0,False,False,False,0,1.0
MLC-2001580259,2.0,1,2,10,True,6171.3,6627.8,2.0,0.0,0.0,0.0,0.0,0.0,0.0,0.0,0.0,0.0,0.0,62.0,60.0,0.0,95000.0,1.0,0.0,0.0,1.0,1.0,1.0,6682.0,4.0,4021.0,1996.0,65.5175717706704,600000.0,695000.0,1,12500.0,True,True,False,0,1.0333333333333334
MLC-2001651019,2.0,1,2,1,True,3132.4,3132.4,5.0,0.0,3.0,0.0,2.0,2.0,1.0,0.0,0.0,0.0,0.0,60.0,60.0,0.0,90000.0,1.0,1.0,0.0,1.0,1.0,9.0,5455.0,1.0,10400.0,5578.0,70.0075532601241,550000.0,640000.0,0,10930.232558139534,True,False,False,0,1.0
MLC-4170369466,2.0,0,2,17,True,497.5,497.5,5.0,5.0,3.0,4.0,1.0,2.0,5.0,1.0,0.0,5.0,0.0,55.0,55.0,0.0,80000.0,1.0,0.0,0.0,1.0,1.0,11.0,6318.0,3.0,1035.0,677.0,100.0,450000.0,530000.0,2,11692.307692307691,True,False,False,0,1.0
MLC-4255238380,1.0,0,1,4,False,856.6,856.6,5.0,4.0,1.0,0.0,0.0,1.0,0.0,1.0,0.0,0.0,0.0,42.0,42.0,0.0,60000.0,0.0,0.0,0.0,0.0,0.0,1.0,5492.0,1.0,2073.0,1418.0,100.0,400000.0,460000.0,2,12500.0,True,False,False,0,1.0
MLC-2003009133,1.0,0,1,0,False,892.1,4524.5,0.0,0.0,0.0,0.0,0.0,0.0,0.0,0.0,0.0,0.0,0.0,33.0,30.0,0.0,60000.0,0.0,0.0,0.0,0.0,1.0,1.0,5879.0,4.0,12234.0,5977.0,80.4354882614475,390000.0,450000.0,0,13402.636916835701,True,False,True,0,1.1
MLC-2057125001,2.0,1,2,14,True,865.5,865.5,5.0,5.0,3.0,1.0,2.0,1.0,1.0,0.0,0.0,2.0,0.0,53.0,53.0,1.0,100000.0,1.0,1.0,0.0,1.0,1.0,1.0,6636.0,4.0,2317.0,1552.0,99.9999999999999,650000.0,750000.0,2,12826.08695652174,True,False,False,0,1.0
MLC-2003319517,1.0,0,2,7,True,926.7,926.7,5.0,2.0,1.0,0.0,1.0,0.0,2.0,0.0,0.0,0.0,0.0,47.0,47.0,0.0,75000.0,0.0,0.0,0.0,1.0,1.0,1.0,6178.0,3.0,2620.0,1658.0,100.0,500000.0,575000.0,2,12283.687943262412,True,False,False,0,1.0
MLC-2003313423,1.0,0,1,7,True,1210.6,1210.6,5.0,1.0,2.0,0.0,5.0,2.0,0.0,0.0,0.0,0.0,0.0,49.0,49.0,0.0,70000.0,1.0,0.0,0.0,1.0,1.0,1.0,6279.0,3.0,2598.0,1648.0,100.0,490000.0,560000.0,2,11287.286114713635,True,False,False,1,1.0
MLC-4108983258,2.0,1,2,14,True,890.7,5034.5,0.0,0.0,0.0,0.0,0.0,0.0,0.0,0.0,0.0,0.0,0.0,65.0,60.0,0.0,70000.0,0.0,0.0,0.0,1.0,1.0,1.0,5879.0,4.0,12234.0,5977.0,80.4354882614475,520000.0,590000.0,0,10505.050505050505,True,False,True,0,1.0833333333333333
MLC-2059405555,3.0,1,4,30,True,8584.9,3019.8,5.0,0.0,1.0,0.0,0.0,1.0,0.0,0.0,0.0,0.0,0.0,129.0,129.0,1.0,185000.0,0.0,1.0,0.0,1.0,1.0,1.0,6741.0,4.0,1295.0,716.0,36.9900234018146,1200000.0,1385000.0,1,11315.78947368421,True,True,False,0,1.0
MLC-2004373907,1.0,0,0,5,True,1044.8,1044.8,5.0,0.0,2.0,0.0,4.0,1.0,0.0,0.0,0.0,0.0,0.0,31.0,30.0,0.0,40000.0,0.0,0.0,0.0,1.0,1.0,10.0,6279.0,3.0,2598.0,1648.0,100.0,390000.0,430000.0,2,11041.666666666666,True,False,False,0,1.0333333333333334
MLC-2004387507,1.0,0,1,0,True,556.7,556.7,0.0,0.0,0.0,0.0,0.0,0.0,0.0,0.0,0.0,0.0,0.0,33.1,37.9,0.0,48000.0,0.0,0.0,0.0,1.0,1.0,1.0,6768.0,4.0,1656.0,1111.0,100.0,380000.0,428000.0,2,11797.979797979799,True,False,False,0,0.8733509234828497
MLC-2004366301,2.0,1,2,9,True,4026.9,4026.9,3.0,0.0,0.0,0.0,0.0,1.0,1.0,0.0,0.0,0.0,0.0,66.4,65.0,0.0,120000.0,1.0,1.0,0.0,0.0,1.0,1.0,6684.0,4.0,6833.0,3079.0,90.5171296845883,559997.0,679997.0,4,12363.757199822772,True,False,False,0,1.0215384615384617
MLC-2061553045,2.0,1,3,16,True,5603.0,5603.0,5.0,0.0,1.0,0.0,1.0,0.0,0.0,0.0,0.0,0.0,0.0,73.0,68.0,0.0,0.0,1.0,1.0,0.0,1.0,1.0,2.0,6684.0,4.0,6833.0,3079.0,90.5171296845883,660000.0,660000.0,4,9090.92533909559,True,False,False,0,1.0735294117647058
MLC-2004375391,1.0,1,2,8,False,1005.9,11602.7,5.0,0.0,0.0,0.0,0.0,0.0,0.0,0.0,0.0,0.0,0.0,50.0,48.4,0.0,50000.0,1.0,0.0,0.0,1.0,0.0,5.0,5443.0,2.0,1903.0,1062.0,100.0,420000.0,470000.0,4,11400.0,False,True,False,0,1.0330578512396695
MLC-2004379665,2.0,1,2,2,True,4584.9,4584.9,0.0,0.0,1.0,0.0,0.0,0.0,0.0,0.0,0.0,0.0,0.0,67.0,67.0,1.0,95000.0,0.0,0.0,0.0,1.0,0.0,6.0,6684.0,4.0,6833.0,3079.0,90.5171296845883,520000.0,615000.0,4,11189.18918918919,True,False,False,0,1.0
MLC-4109455166,1.0,0,1,2,True,1807.5,1807.5,0.0,0.0,1.0,1.0,1.0,0.0,0.0,0.0,0.0,1.0,0.0,33.1,37.9,0.0,0.0,0.0,0.0,0.0,1.0,1.0,13.0,5924.0,2.0,3532.0,1915.0,100.0,500000.0,500000.0,4,10837.5,True,False,False,1,0.8733509234828497
MLC-2061519983,1.0,1,1,25,True,1475.8,1475.8,5.0,1.0,2.0,0.0,1.0,2.0,0.0,0.0,0.0,0.0,0.0,35.0,35.0,1.0,60000.0,0.0,0.0,0.0,1.0,1.0,9.0,6691.0,4.0,2810.0,1764.0,100.0,400000.0,460000.0,4,12631.578947368422,True,False,False,0,1.0
MLC-2004394191,2.0,1,2,5,True,2744.4,2744.4,2.0,0.0,0.0,0.0,0.0,0.0,0.0,0.0,0.0,0.0,0.0,41.0,41.0,0.0,50000.0,0.0,0.0,0.0,0.0,0.0,1.0,5901.0,2.0,3835.0,2050.0,58.6173339550477,410000.0,460000.0,4,9911.111111111111,True,False,False,0,1.0
MLC-2061516949,2.0,1,2,0,True,758.0,758.0,5.0,0.0,4.0,0.0,1.0,0.0,0.0,0.0,0.0,0.0,0.0,56.0,51.0,0.0,0.0,0.0,0.0,0.0,0.0,1.0,17.0,4644.0,1.0,2739.0,1645.0,100.0,595000.0,595000.0,2,10950.859950859951,True,False,False,0,1.0980392156862746
MLC-2061587801,1.0,1,2,0,True,2177.3,2177.3,5.0,2.0,4.0,0.0,1.0,3.0,2.0,0.0,1.0,1.0,0.0,55.0,55.0,0.0,65000.0,1.0,0.0,0.0,1.0,1.0,6.0,6715.0,4.0,2440.0,1484.0,100.0,480000.0,545000.0,4,8866.320264525271,True,False,False,0,1.0
MLC-2042181101,1.0,0,1,3,True,1535.1,1535.1,5.0,1.0,0.0,1.0,0.0,4.0,0.0,0.0,0.0,1.0,0.0,30.0,37.9,0.0,0.0,1.0,0.0,0.0,1.0,1.0,5.0,6382.0,3.0,2472.0,1579.0,44.7477970543667,520000.0,520000.0,4,12714.285714285714,True,False,False,1,0.79155672823219
MLC-2004400031,1.0,1,1,0,True,1808.8,1808.8,5.0,1.0,5.0,2.0,2.0,5.0,3.0,0.0,0.0,2.0,0.0,37.5,36.0,1.0,60000.0,1.0,0.0,0.0,1.0,1.0,15.0,6382.0,3.0,2472.0,1579.0,44.7477970543667,550000.0,610000.0,4,13333.333333333334,True,False,False,1,1.0416666666666667
MLC-2004399367,1.0,0,2,12,True,645.2,645.2,5.0,5.0,2.0,4.0,3.0,1.0,5.0,2.0,0.0,5.0,0.0,67.0,65.0,1.0,90000.0,1.0,0.0,0.0,1.0,1.0,13.0,6768.0,4.0,1656.0,1111.0,100.0,560000.0,650000.0,2,11304.33273156506,True,False,False,0,1.0307692307692307
MLC-2005730257,2.0,1,2,12,True,1877.4,5414.2,0.0,0.0,0.0,0.0,0.0,0.0,0.0,0.0,0.0,0.0,0.0,73.0,68.0,0.0,170000.0,0.0,1.0,0.0,1.0,1.0,6.0,6748.0,4.0,2908.0,1351.0,5.75523405114186,650000.0,820000.0,3,12238.805970149253,True,False,True,0,1.0735294117647058
MLC-4187131132,2.0,1,2,15,True,5286.0,5286.0,5.0,1.0,0.0,0.0,1.0,0.0,0.0,0.0,0.0,0.0,0.0,82.0,78.0,0.0,120000.0,1.0,0.0,0.0,1.0,1.0,3.0,6684.0,4.0,6833.0,3079.0,90.5171296845883,650000.0,770000.0,4,10571.42857142857,True,False,False,0,1.0512820512820513
MLC-2005992777,1.0,0,1,4,True,783.9,783.9,5.0,5.0,0.0,0.0,1.0,1.0,2.0,2.0,0.0,5.0,0.0,40.0,36.0,0.0,60000.0,0.0,0.0,0.0,1.0,1.0,11.0,6768.0,4.0,1656.0,1111.0,100.0,450000.0,510000.0,2,11777.777777777777,True,False,False,0,1.1111111111111112
MLC-2005996011,1.0,1,2,5,True,3464.1,6135.4,5.0,0.0,1.0,0.0,0.0,1.0,1.0,0.0,0.0,0.0,0.0,52.0,52.0,0.0,0.0,0.0,0.0,0.0,1.0,0.0,4.0,4924.0,2.0,16315.0,7728.0,96.1398621005236,500000.0,500000.0,4,9814.814814814816,True,True,False,0,1.0
MLC-2044120695,1.0,1,1,8,False,4878.5,4878.5,0.0,0.0,0.0,0.0,0.0,0.0,0.0,0.0,0.0,0.0,0.0,30.0,30.0,0.0,50000.0,0.0,0.0,0.0,0.0,0.0,1.0,6282.0,3.0,12506.0,6078.0,99.9999999999999,450000.0,500000.0,4,10571.42857142857,True,False,False,1,1.0
MLC-2005990653,2.0,1,2,6,True,1092.4,1092.4,5.0,1.0,1.0,0.0,5.0,0.0,0.0,0.0,0.0,0.0,0.0,59.7,58.3,0.0,72000.0,1.0,0.0,0.0,1.0,1.0,17.0,5941.0,2.0,3137.0,1891.0,100.0,530000.0,602000.0,2,11576.923076923076,True,False,False,0,1.0240137221269299
MLC-2005991549,2.0,1,3,2,True,5141.9,5141.9,5.0,1.0,0.0,0.0,2.0,1.0,0.0,0.0,0.0,0.0,0.0,81.8,80.0,0.0,125000.0,1.0,1.0,0.0,1.0,1.0,1.0,6684.0,4.0,6833.0,3079.0,90.5171296845883,650000.0,775000.0,4,10445.96912521441,True,False,False,0,1.0225
MLC-2006031251,1.0,0,1,15,True,793.4,793.4,5.0,5.0,0.0,0.0,1.0,1.0,2.0,1.0,0.0,5.0,0.0,39.0,39.0,0.0,55000.0,0.0,0.0,0.0,1.0,0.0,5.0,6768.0,4.0,1656.0,1111.0,100.0,400000.0,455000.0,2,11875.0,True,False,False,0,1.0
MLC-2006056517,2.0,0,2,1,True,1558.4,1558.4,5.0,0.0,0.0,2.0,1.0,3.0,0.0,0.0,0.0,1.0,0.0,50.0,47.0,0.0,90000.0,0.0,0.0,0.0,1.0,1.0,8.0,6382.0,3.0,2472.0,1579.0,44.7477970543667,590000.0,680000.0,4,12911.739130434784,True,False,False,0,1.0638297872340425
MLC-2079764993,2.0,2,2,3,True,2327.5,5062.9,0.0,0.0,0.0,0.0,0.0,0.0,0.0,0.0,0.0,0.0,0.0,82.0,70.0,1.0,100000.0,1.0,1.0,0.0,1.0,1.0,1.0,6748.0,4.0,2908.0,1351.0,5.75523405114186,750000.0,850000.0,3,12285.714285714286,True,False,True,0,1.1714285714285715
MLC-2007590221,1.0,0,1,0,True,2027.4,2027.4,5.0,2.0,4.0,0.0,1.0,4.0,2.0,0.0,1.0,1.0,0.0,31.0,31.0,0.0,50000.0,0.0,0.0,0.0,0.0,0.0,9.0,6715.0,4.0,2440.0,1484.0,100.0,400000.0,450000.0,4,13000.0,True,False,False,0,1.0
MLC-2007590569,2.0,1,2,5,True,6263.3,6646.2,2.0,0.0,0.0,0.0,0.0,0.0,0.0,0.0,0.0,0.0,0.0,55.0,55.0,0.0,40000.0,0.0,0.0,0.0,1.0,0.0,1.0,6682.0,4.0,4021.0,1996.0,65.5175717706704,530000.0,570000.0,1,12338.697984630999,True,True,False,0,1.0
MLC-2007590571,2.0,1,2,3,True,685.0,4792.3,1.0,0.0,0.0,0.0,0.0,0.0,0.0,0.0,0.0,0.0,0.0,70.0,70.0,0.0,0.0,0.0,0.0,0.0,0.0,0.0,1.0,4433.0,3.0,20174.0,9883.0,82.4572189855629,580000.0,580000.0,4,10044.642857142857,True,False,True,0,1.0
MLC-2051233411,2.0,1,2,0,True,6171.3,6627.8,2.0,0.0,0.0,0.0,0.0,0.0,0.0,0.0,0.0,0.0,0.0,60.0,60.0,0.0,0.0,1.0,0.0,0.0,1.0,0.0,1.0,6682.0,4.0,4021.0,1996.0,65.5175717706704,850000.0,850000.0,1,12500.0,True,True,False,0,1.0
MLC-3940090814,3.0,1,4,15,True,906.5,906.5,5.0,3.0,4.0,0.0,2.0,0.0,0.0,0.0,0.0,1.0,0.0,140.0,136.0,1.0,250000.0,1.0,0.0,0.0,1.0,0.0,1.0,6636.0,4.0,2317.0,1552.0,99.9999999999999,1484447.4,1734447.4,2,12758.620689655172,True,False,False,0,1.0294117647058822
MLC-2007591987,1.0,0,1,2,True,1412.1,1412.1,5.0,1.0,1.0,1.0,0.0,1.0,0.0,0.0,0.0,1.0,0.0,33.0,37.6,0.0,30000.0,0.0,0.0,0.0,1.0,1.0,5.0,6382.0,3.0,2472.0,1579.0,44.7477970543667,360000.0,390000.0,4,12632.278835386338,True,False,False,0,0.8776595744680851
MLC-2007745851,1.0,1,2,0,True,7663.8,11159.6,2.0,0.0,0.0,0.0,0.0,1.0,0.0,0.0,0.0,0.0,1.0,50.0,47.0,0.0,40000.0,0.0,1.0,0.0,0.0,1.0,1.0,4426.0,2.0,23629.0,10635.0,64.8623594811321,400000.0,440000.0,0,10869.565217391304,True,False,True,0,1.0638297872340425
MLC-2007797195,1.0,1,2,1,False,4114.3,4114.3,5.0,0.0,0.0,0.0,0.0,1.0,0.0,0.0,0.0,0.0,0.0,50.6,50.0,0.0,0.0,0.0,0.0,0.0,0.0,0.0,1.0,6409.0,4.0,6576.0,3080.0,94.3101149608368,450000.0,450000.0,0,11400.0,False,False,False,0,1.012
MLC-2091984603,1.0,0,1,0,True,1294.9,1294.9,5.0,2.0,1.0,1.0,0.0,0.0,0.0,0.0,0.0,2.0,0.0,33.1,37.9,0.0,39000.0,0.0,0.0,0.0,1.0,1.0,1.0,6382.0,3.0,2472.0,1579.0,44.7477970543667,420000.0,459000.0,4,12361.111111111111,True,False,False,1,0.8733509234828497
MLC-2007592385,2.0,1,2,15,True,1591.2,1591.2,4.0,1.0,0.0,0.0,2.0,2.0,0.0,0.0,0.0,0.0,0.0,56.0,54.0,0.0,0.0,0.0,0.0,0.0,0.0,0.0,11.0,5924.0,2.0,3532.0,1915.0,100.0,850000.0,850000.0,4,11609.498680738787,True,False,False,1,1.037037037037037
MLC-2007800835,1.0,1,1,0,True,758.0,758.0,5.0,0.0,4.0,0.0,1.0,0.0,0.0,0.0,0.0,0.0,0.0,38.0,37.9,0.0,45000.0,0.0,0.0,0.0,0.0,0.0,14.0,4644.0,1.0,2739.0,1645.0,100.0,450000.0,495000.0,2,10950.859950859951,True,False,False,0,1.0026385224274408
MLC-2009675179,2.0,1,2,16,True,1461.6,4986.5,0.0,1.0,0.0,0.0,0.0,0.0,0.0,0.0,0.0,0.0,0.0,66.0,62.0,0.0,95000.0,0.0,1.0,0.0,1.0,1.0,9.0,6748.0,4.0,2908.0,1351.0,5.75523405114186,690000.0,785000.0,3,11353.03265940902,True,False,True,0,1.064516129032258
MLC-2007801319,1.0,0,1,0,True,733.8,733.8,5.0,5.0,5.0,3.0,2.0,1.0,5.0,0.0,0.0,3.0,0.0,50.0,44.0,1.0,45000.0,0.0,0.0,0.0,0.0,0.0,2.0,6636.0,4.0,2317.0,1552.0,99.9999999999999,460000.0,505000.0,2,12735.849056603774,True,False,False,0,1.1363636363636365
MLC-2007810301,1.0,1,3,20,True,1558.1,1558.1,5.0,2.0,1.0,0.0,5.0,1.0,0.0,0.0,0.0,0.0,0.0,55.0,53.0,0.0,55000.0,1.0,0.0,0.0,1.0,0.0,1.0,6304.0,3.0,4026.0,2134.0,100.0,800000.0,855000.0,1,9818.181818181818,True,False,False,1,1.0377358490566038
MLC-4253607962,1.0,0,1,0,True,872.9,872.9,5.0,1.0,1.0,0.0,0.0,0.0,2.0,0.0,0.0,0.0,0.0,40.0,40.0,0.0,0.0,0.0,0.0,0.0,1.0,0.0,1.0,6178.0,3.0,2620.0,1658.0,100.0,390000.0,390000.0,2,12450.0,True,False,False,0,1.0
MLC-2007800669,1.0,0,1,1,True,790.9,790.9,5.0,4.0,0.0,0.0,1.0,1.0,2.0,1.0,0.0,5.0,0.0,34.0,34.0,0.0,45000.0,0.0,0.0,0.0,1.0,1.0,5.0,6768.0,4.0,1656.0,1111.0,100.0,450000.0,495000.0,2,11777.777777777777,True,False,False,0,1.0
MLC-2007813665,2.0,1,2,6,True,2153.4,4892.0,0.0,0.0,0.0,0.0,0.0,0.0,0.0,0.0,0.0,0.0,0.0,60.0,54.0,1.0,60000.0,0.0,0.0,0.0,0.0,0.0,1.0,6748.0,4.0,2908.0,1351.0,5.75523405114186,670000.0,730000.0,3,11641.791044776119,True,False,True,0,1.1111111111111112
MLC-4187140616,2.0,1,2,4,False,4640.2,4640.2,5.0,1.0,1.0,0.0,2.0,0.0,0.0,0.0,0.0,0.0,0.0,76.0,65.0,1.0,70000.0,0.0,0.0,0.0,1.0,0.0,1.0,6684.0,4.0,6833.0,3079.0,90.5171296845883,690000.0,760000.0,4,10582.52427184466,True,False,False,0,1.1692307692307693
MLC-2009508327,1.0,1,2,5,True,1334.9,1334.9,5.0,1.0,2.0,0.0,1.0,2.0,0.0,0.0,0.0,0.0,0.0,50.0,50.0,0.0,0.0,0.0,0.0,0.0,1.0,1.0,1.0,6691.0,4.0,2810.0,1764.0,100.0,620000.0,620000.0,4,12229.53216374269,True,False,False,0,1.0
MLC-2009522509,2.0,1,2,9,True,1842.3,1842.3,1.0,1.0,3.0,0.0,0.0,0.0,0.0,0.0,0.0,0.0,0.0,62.0,60.0,0.0,72000.0,0.0,0.0,0.0,1.0,1.0,4.0,4687.0,1.0,2156.0,1177.0,57.9263203269884,900000.0,972000.0,2,11226.415094339623,True,False,False,0,1.0333333333333334
MLC-2009518893,1.0,0,1,3,True,1258.0,1258.0,5.0,2.0,1.0,0.0,1.0,0.0,0.0,0.0,0.0,2.0,0.0,37.0,37.9,0.0,45000.0,1.0,0.0,0.0,1.0,1.0,1.0,6382.0,3.0,2472.0,1579.0,44.7477970543667,405000.0,450000.0,4,12206.504824561403,True,False,False,0,0.9762532981530343
MLC-2007826599,4.0,1,3,18,True,6146.1,5439.9,0.0,0.0,0.0,0.0,0.0,0.0,0.0,0.0,0.0,0.0,0.0,160.0,140.0,1.0,230000.0,1.0,1.0,0.0,1.0,1.0,5.0,6624.0,4.0,1277.0,600.0,16.149253186174,1200000.0,1430000.0,1,10314.826461538461,True,True,False,0,1.1428571428571428
MLC-2094696891,1.0,0,1,1,True,693.8,693.8,5.0,5.0,2.0,0.0,1.0,0.0,0.0,0.0,0.0,1.0,0.0,50.0,45.0,0.0,70000.0,1.0,0.0,0.0,1.0,1.0,1.0,6636.0,4.0,2317.0,1552.0,99.9999999999999,480000.0,550000.0,2,12756.861365235749,True,False,False,0,1.1111111111111112
MLC-2011905107,2.0,1,3,16,True,3996.5,3996.5,5.0,2.0,0.0,0.0,1.0,2.0,1.0,0.0,1.0,0.0,0.0,84.0,84.0,1.0,150000.0,0.0,0.0,0.0,1.0,1.0,1.0,6684.0,4.0,6833.0,3079.0,90.5171296845883,650000.0,800000.0,4,12295.081967213115,True,False,False,0,1.0
MLC-2011912663,2.0,2,2,10,True,2750.5,2750.5,2.0,0.0,0.0,0.0,0.0,1.0,0.0,0.0,0.0,0.0,0.0,96.0,96.0,1.0,200000.0,1.0,1.0,0.0,1.0,1.0,3.0,6741.0,4.0,1295.0,716.0,36.9900234018146,1300000.0,1500000.0,2,13289.473684210527,True,False,False,0,1.0
MLC-2011922919,2.0,1,2,18,True,7071.7,10870.6,0.0,0.0,0.0,0.0,0.0,0.0,0.0,0.0,0.0,0.0,0.0,65.0,60.0,1.0,140000.0,1.0,1.0,0.0,1.0,1.0,3.0,4426.0,2.0,23629.0,10635.0,64.8623594811321,571065.88,711065.88,0,9446.768985507248,True,False,True,0,1.0833333333333333
MLC-2011926587,2.0,1,2,11,True,1600.1,3013.4,4.0,0.0,0.0,0.0,0.0,0.0,0.0,0.0,0.0,0.0,0.0,57.0,55.0,0.0,90000.0,0.0,0.0,0.0,1.0,1.0,2.0,5879.0,4.0,12234.0,5977.0,80.4354882614475,500000.0,590000.0,0,10166.666666666666,True,False,True,0,1.0363636363636364
MLC-2095630071,1.0,1,1,15,True,768.8,768.8,5.0,0.0,2.0,1.0,2.0,1.0,1.0,0.0,0.0,1.0,1.0,36.0,36.0,1.0,85000.0,0.0,0.0,0.0,0.0,0.0,1.0,3967.0,1.0,2152.0,1148.0,50.505791961991,500000.0,585000.0,2,11304.347826086956,True,False,False,0,1.0
MLC-4111975274,1.0,0,2,60,False,211.2,211.2,5.0,2.0,3.0,3.0,2.0,5.0,5.0,3.0,0.0,1.0,0.0,60.0,60.0,0.0,85000.0,0.0,0.0,0.0,1.0,1.0,3.0,3511.0,1.0,1254.0,785.0,100.0,650000.0,735000.0,2,11115.384615384615,True,False,False,0,1.0
MLC-4187139856,1.0,1,1,4,True,1002.3,1002.3,5.0,3.0,1.0,0.0,1.0,0.0,0.0,0.0,0.0,0.0,0.0,45.0,40.0,0.0,65000.0,1.0,0.0,0.0,0.0,1.0,14.0,5492.0,1.0,2073.0,1418.0,100.0,408447.9,473447.9,4,12110.817941952508,True,False,False,0,1.125
MLC-2011933423,2.0,1,2,10,True,1498.3,10209.9,3.0,1.0,0.0,0.0,2.0,0.0,0.0,0.0,0.0,0.0,1.0,55.0,55.0,0.0,75000.0,1.0,1.0,0.0,1.0,1.0,3.0,6201.0,4.0,3828.0,1963.0,52.2534527838595,530000.0,605000.0,0,10186.350735294118,True,True,False,0,1.0
MLC-4187141068,2.0,0,2,9,False,2952.4,2952.4,5.0,0.0,1.0,0.0,2.0,3.0,1.0,0.0,0.0,0.0,0.0,60.0,65.0,0.0,80000.0,0.0,0.0,0.0,0.0,0.0,1.0,5455.0,1.0,10400.0,5578.0,70.0075532601241,450000.0,530000.0,0,10943.396226415094,True,False,False,0,0.9230769230769231
MLC-2013007471,2.0,2,2,6,True,2094.9,3159.2,0.0,0.0,0.0,0.0,0.0,0.0,0.0,0.0,0.0,0.0,0.0,89.0,85.0,1.0,130000.0,1.0,0.0,0.0,1.0,1.0,5.0,6748.0,4.0,2908.0,1351.0,5.75523405114186,860000.0,990000.0,0,15283.797729618163,True,False,True,0,1.0470588235294118
MLC-2095629595,2.0,1,3,8,True,2588.3,2588.3,5.0,0.0,1.0,0.0,0.0,1.0,0.0,0.0,0.0,0.0,0.0,75.0,75.0,0.0,180000.0,1.0,1.0,0.0,1.0,1.0,10.0,6741.0,4.0,1295.0,716.0,36.9900234018146,850000.0,1030000.0,2,14291.460532325378,True,False,False,0,1.0
MLC-2011940263,2.0,0,2,0,False,2996.5,2996.5,5.0,0.0,1.0,0.0,1.0,0.0,1.0,0.0,0.0,0.0,0.0,50.0,50.0,0.0,0.0,0.0,0.0,0.0,0.0,0.0,2.0,5455.0,1.0,10400.0,5578.0,70.0075532601241,480000.0,480000.0,0,8585.978891820581,True,False,False,0,1.0
MLC-2011946109,1.0,1,1,2,True,4868.6,4868.6,5.0,1.0,0.0,0.0,2.0,0.0,0.0,0.0,0.0,0.0,0.0,33.1,37.9,0.0,75000.0,1.0,0.0,0.0,1.0,1.0,7.0,6282.0,3.0,12506.0,6078.0,99.9999999999999,430000.0,505000.0,4,11000.0,True,False,False,0,0.8733509234828497
MLC-2062072285,2.0,0,2,0,True,4025.3,4025.3,3.0,0.0,0.0,0.0,0.0,1.0,1.0,0.0,0.0,0.0,0.0,60.0,60.0,1.0,95000.0,1.0,1.0,0.0,0.0,1.0,1.0,6684.0,4.0,6833.0,3079.0,90.5171296845883,800000.0,895000.0,4,12295.081967213115,True,False,False,1,1.0
MLC-2094698015,1.0,2,1,10,True,876.1,876.1,5.0,5.0,1.0,1.0,1.0,2.0,2.0,0.0,0.0,3.0,0.0,38.0,38.0,1.0,55000.0,0.0,0.0,0.0,1.0,1.0,12.0,6636.0,4.0,2317.0,1552.0,99.9999999999999,480000.0,535000.0,2,12558.139534883721,True,False,False,0,1.0
MLC-2012985043,1.0,1,2,2,True,948.9,948.9,5.0,1.0,3.0,0.0,1.0,1.0,2.0,0.0,0.0,0.0,0.0,45.0,45.0,1.0,70000.0,0.0,0.0,0.0,1.0,1.0,15.0,6178.0,3.0,2620.0,1658.0,100.0,495000.0,565000.0,2,12366.666666666668,True,False,False,0,1.0
MLC-2011949215,2.0,1,3,0,True,4830.0,4830.0,0.0,0.0,0.0,0.0,0.0,0.0,0.0,0.0,0.0,0.0,0.0,60.0,60.0,0.0,0.0,0.0,0.0,0.0,1.0,1.0,1.0,6746.0,4.0,1359.0,578.0,0.79120010960881,580000.0,580000.0,0,10333.333333333334,True,False,False,0,1.0
MLC-2062150403,2.0,1,2,10,True,1123.1,1123.1,5.0,3.0,1.0,0.0,0.0,0.0,2.0,0.0,0.0,4.0,0.0,62.0,57.0,0.0,90000.0,1.0,0.0,0.0,1.0,1.0,22.0,6382.0,3.0,2472.0,1579.0,44.7477970543667,722163.6,812163.6,4,11836.1975,True,False,False,1,1.087719298245614
MLC-2062150079,2.0,1,1,10,True,6924.8,10737.9,0.0,0.0,1.0,0.0,1.0,0.0,0.0,0.0,0.0,0.0,0.0,80.0,90.0,0.0,150000.0,1.0,1.0,0.0,1.0,1.0,10.0,4426.0,2.0,23629.0,10635.0,64.8623594811321,900000.0,1050000.0,0,9445.113333333335,True,False,True,1,0.8888888888888888
MLC-2062074941,2.0,1,2,0,True,1003.3,4976.7,5.0,0.0,2.0,0.0,1.0,3.0,0.0,0.0,0.0,0.0,0.0,100.0,56.0,0.0,80000.0,1.0,0.0,0.0,1.0,1.0,5.308641975308642,4433.0,3.0,20174.0,9883.0,82.4572189855629,550000.0,630000.0,4,10420.16806722689,True,False,True,0,1.7857142857142858
MLC-2012998139,2.0,1,2,0,True,2068.1,2068.1,5.0,2.0,5.0,0.0,1.0,1.0,0.0,0.0,0.0,0.0,0.0,47.0,47.0,1.0,70000.0,0.0,0.0,0.0,1.0,1.0,9.0,6715.0,4.0,2440.0,1484.0,100.0,500000.0,570000.0,4,11326.530612244898,True,False,False,0,1.0
MLC-4116618134,2.0,1,2,4,True,4321.9,4321.9,5.0,0.0,0.0,0.0,0.0,0.0,0.0,0.0,0.0,0.0,0.0,78.0,74.0,1.0,78000.0,0.0,1.0,0.0,1.0,0.0,1.0,6282.0,3.0,12506.0,6078.0,99.9999999999999,750000.0,828000.0,4,10625.0,True,False,False,1,1.054054054054054
MLC-2013007079,2.0,1,2,4,True,1085.0,5073.4,2.0,0.0,1.0,0.0,0.0,1.0,0.0,0.0,0.0,0.0,0.0,90.0,87.0,1.0,80000.0,0.0,0.0,0.0,0.0,0.0,4.0,4433.0,3.0,20174.0,9883.0,82.4572189855629,590000.0,670000.0,4,10454.545454545454,True,False,True,0,1.0344827586206897
MLC-2013011007,2.0,1,2,2,True,1373.8,1373.8,5.0,1.0,2.0,0.0,1.0,2.0,0.0,0.0,0.0,0.0,0.0,59.8,58.2,0.0,65000.0,0.0,0.0,0.0,1.0,1.0,2.0,6691.0,4.0,2810.0,1764.0,100.0,450000.0,515000.0,4,12182.539682539682,True,False,False,0,1.0274914089347078
MLC-4188276718,2.0,1,3,17,True,5270.7,9424.7,0.0,0.0,0.0,0.0,0.0,0.0,0.0,0.0,0.0,0.0,0.0,47.0,47.0,0.0,144000.0,1.0,1.0,0.0,0.0,1.0,6.0,1859.0,2.0,27535.0,12357.0,68.1398650783455,600000.0,744000.0,0,10620.192307692309,True,False,True,0,1.0
MLC-2013899317,2.0,1,2,9,False,6220.0,6492.0,5.0,0.0,0.0,0.0,0.0,0.0,0.0,0.0,0.0,0.0,0.0,68.9,61.0,1.0,80000.0,0.0,0.0,0.0,0.0,0.0,1.0,6682.0,4.0,4021.0,1996.0,65.5175717706704,590000.0,670000.0,1,12500.0,True,True,False,0,1.1295081967213116
MLC-2094695377,2.0,1,2,0,True,698.9,698.9,5.0,1.0,4.0,0.0,0.0,2.0,2.0,1.0,0.0,0.0,0.0,50.0,50.0,1.0,70000.0,1.0,0.0,0.0,1.0,1.0,1.0,4644.0,1.0,2739.0,1645.0,100.0,540000.0,610000.0,2,12400.0,True,False,False,0,1.0
MLC-2013013541,2.0,1,2,2,True,948.9,948.9,5.0,1.0,3.0,0.0,1.0,1.0,2.0,0.0,0.0,0.0,0.0,53.0,53.0,1.0,80000.0,0.0,0.0,0.0,1.0,1.0,13.0,6178.0,3.0,2620.0,1658.0,100.0,415000.0,495000.0,2,12450.0,True,False,False,0,1.0
MLC-2013440195,2.0,1,3,20,True,784.8,784.8,5.0,4.0,1.0,0.0,3.0,1.0,3.0,2.0,0.0,4.0,0.0,84.0,80.0,0.0,100000.0,1.0,0.0,0.0,0.0,1.0,6.0,3967.0,1.0,2152.0,1148.0,50.505791961991,700000.0,800000.0,2,11233.766233766233,True,False,False,0,1.05
MLC-2013451925,2.0,1,2,15,True,610.9,610.9,5.0,5.0,2.0,5.0,3.0,2.0,5.0,2.0,0.0,5.0,0.0,70.0,68.0,0.0,85000.0,0.0,0.0,0.0,1.0,1.0,13.0,6768.0,4.0,1656.0,1111.0,100.0,650000.0,735000.0,2,11347.549909255898,True,False,False,0,1.0294117647058822
MLC-2013450519,2.0,1,2,10,True,935.3,5045.5,0.0,0.0,0.0,0.0,0.0,0.0,0.0,0.0,0.0,0.0,0.0,60.0,52.0,0.0,80000.0,1.0,0.0,0.0,1.0,1.0,2.0,4433.0,3.0,20174.0,9883.0,82.4572189855629,500000.0,580000.0,4,10454.545454545454,True,False,True,0,1.1538461538461537
MLC-4188213978,1.0,1,1,85,True,718.5,718.5,5.0,5.0,2.0,2.0,0.0,2.0,2.0,0.0,0.0,3.0,0.0,47.0,37.9,0.0,0.0,0.0,1.0,0.0,0.0,0.0,19.0,6636.0,4.0,2317.0,1552.0,99.9999999999999,650000.0,650000.0,2,12753.289705882353,True,False,False,1,1.2401055408970976
MLC-2013910601,1.0,1,1,4,True,6142.2,6641.8,2.0,0.0,0.0,0.0,0.0,0.0,0.0,0.0,0.0,0.0,0.0,32.0,32.0,0.0,33000.0,0.0,0.0,0.0,1.0,1.0,5.0,6682.0,4.0,4021.0,1996.0,65.5175717706704,440000.0,473000.0,1,12500.0,True,True,False,0,1.0
MLC-2013913269,1.0,0,1,2,False,817.1,817.1,5.0,0.0,3.0,1.0,3.0,0.0,0.0,0.0,0.0,0.0,0.0,33.0,37.6,0.0,0.0,0.0,0.0,0.0,0.0,0.0,1.0,5332.0,1.0,4499.0,2404.0,100.0,370000.0,370000.0,2,10637.5,True,False,False,0,0.8776595744680851
MLC-4118619430,2.0,1,2,2,True,791.0,791.0,5.0,4.0,0.0,0.0,1.0,1.0,2.0,1.0,0.0,5.0,0.0,63.0,61.0,0.0,0.0,0.0,0.0,0.0,1.0,1.0,5.0,6768.0,4.0,1656.0,1111.0,100.0,660000.0,660000.0,2,11875.0,True,False,False,0,1.0327868852459017
MLC-4188420314,2.0,0,2,0,True,1047.3,1047.3,5.0,1.0,3.0,0.0,5.0,1.0,0.0,0.0,0.0,0.0,0.0,45.0,45.0,0.0,0.0,0.0,1.0,0.0,1.0,0.0,1.0,5941.0,2.0,3137.0,1891.0,100.0,400000.0,400000.0,2,11428.57142857143,True,False,False,0,1.0
MLC-2095181051,1.0,0,1,12,True,645.2,645.2,5.0,5.0,2.0,4.0,3.0,1.0,5.0,2.0,0.0,5.0,0.0,36.0,36.0,0.0,40000.0,0.0,0.0,0.0,1.0,1.0,4.0,6768.0,4.0,1656.0,1111.0,100.0,430000.0,470000.0,2,11289.295137580099,True,False,False,0,1.0
MLC-2013914297,1.0,1,1,0,True,5167.9,5167.9,0.0,0.0,0.0,0.0,0.0,0.0,0.0,0.0,0.0,0.0,0.0,65.0,65.0,0.0,0.0,0.0,0.0,0.0,1.0,0.0,1.0,6409.0,4.0,6576.0,3080.0,94.3101149608368,500000.0,500000.0,0,9523.809523809523,True,False,False,0,1.0
MLC-2013902333,2.0,1,2,11,True,1600.1,3013.4,4.0,0.0,0.0,0.0,0.0,0.0,0.0,0.0,0.0,0.0,0.0,60.0,60.0,0.0,70000.0,0.0,0.0,0.0,1.0,1.0,9.0,5879.0,4.0,12234.0,5977.0,80.4354882614475,650000.0,720000.0,0,10166.666666666666,True,False,True,1,1.0
MLC-2013963299,2.0,1,2,9,True,6142.2,6641.8,2.0,0.0,0.0,0.0,0.0,0.0,0.0,0.0,0.0,0.0,0.0,50.0,50.0,0.0,55000.0,0.0,0.0,0.0,1.0,1.0,2.0,6682.0,4.0,4021.0,1996.0,65.5175717706704,580000.0,635000.0,1,12500.0,True,True,False,0,1.0
MLC-2063374437,2.0,1,3,3,True,863.3,4951.8,5.0,0.0,3.0,0.0,1.0,2.0,0.0,0.0,0.0,0.0,0.0,95.0,95.0,1.0,0.0,0.0,0.0,0.0,1.0,1.0,1.0,4433.0,3.0,20174.0,9883.0,82.4572189855629,816895.8,816895.8,4,10454.545454545454,True,False,True,0,1.0
MLC-2063349195,1.0,0,1,10,True,2687.4,2687.4,2.0,0.0,1.0,0.0,1.0,0.0,0.0,0.0,0.0,0.0,0.0,33.1,37.9,0.0,35000.0,0.0,0.0,0.0,1.0,1.0,5.0,6304.0,3.0,4026.0,2134.0,100.0,330000.0,365000.0,4,10239.361702127659,True,False,False,0,0.8733509234828497
MLC-2063375289,2.0,2,2,7,True,2588.3,2588.3,5.0,0.0,1.0,0.0,0.0,1.0,0.0,0.0,0.0,0.0,0.0,76.0,76.0,0.0,160000.0,0.0,0.0,0.0,1.0,1.0,1.0,6741.0,4.0,1295.0,716.0,36.9900234018146,850000.0,1010000.0,2,14291.460532325378,True,False,False,0,1.0
MLC-4118620912,1.0,0,2,0,True,1373.8,1373.8,5.0,1.0,2.0,0.0,1.0,2.0,0.0,0.0,0.0,0.0,0.0,55.0,55.0,0.0,70000.0,0.0,0.0,0.0,1.0,0.0,1.0,6691.0,4.0,2810.0,1764.0,100.0,590000.0,660000.0,4,12182.539682539682,True,False,False,0,1.0
MLC-2092618657,2.0,1,2,10,True,1461.6,4986.5,0.0,1.0,0.0,0.0,0.0,0.0,0.0,0.0,0.0,0.0,0.0,57.7,57.0,0.0,110000.0,1.0,1.0,0.0,0.0,1.0,2.0,6748.0,4.0,2908.0,1351.0,5.75523405114186,550000.0,660000.0,3,11353.03265940902,True,False,True,0,1.012280701754386
MLC-2013970895,1.0,0,1,1,True,733.8,733.8,5.0,5.0,5.0,3.0,2.0,1.0,5.0,0.0,0.0,3.0,0.0,50.0,50.0,0.0,55000.0,0.0,0.0,0.0,1.0,0.0,1.0,6636.0,4.0,2317.0,1552.0,99.9999999999999,480000.0,535000.0,2,12735.849056603774,True,False,False,0,1.0
MLC-2063384721,2.0,1,2,20,True,472.3,4560.8,5.0,0.0,1.0,0.0,1.0,0.0,0.0,0.0,0.0,0.0,0.0,80.0,70.0,0.0,80000.0,0.0,0.0,0.0,1.0,1.0,1.0,4433.0,3.0,20174.0,9883.0,82.4572189855629,650000.0,730000.0,4,9596.774193548386,True,False,True,0,1.1428571428571428
MLC-4176332546,2.0,1,3,9,True,3720.3,3720.3,0.0,0.0,0.0,0.0,0.0,0.0,0.0,0.0,0.0,0.0,0.0,93.0,88.0,1.0,0.0,0.0,1.0,0.0,0.0,1.0,2.0,6684.0,4.0,6833.0,3079.0,90.5171296845883,980000.0,980000.0,4,14310.344827586207,True,False,False,0,1.0568181818181819
MLC-2016440665,2.0,0,2,0,True,746.9,746.9,5.0,4.0,5.0,1.0,1.0,0.0,1.0,0.0,0.0,2.0,0.0,60.0,58.0,0.0,120000.0,0.0,0.0,0.0,1.0,1.0,1.0,6636.0,4.0,2317.0,1552.0,99.9999999999999,560000.0,680000.0,2,13230.240549828179,True,False,False,0,1.0344827586206897
MLC-2016677383,1.0,1,3,5,True,3495.3,5791.1,5.0,0.0,1.0,0.0,0.0,0.0,0.0,0.0,0.0,0.0,0.0,53.0,53.0,0.0,0.0,1.0,0.0,0.0,0.0,0.0,3.0,4924.0,2.0,16315.0,7728.0,96.1398621005236,470000.0,470000.0,4,11886.792452830188,True,True,False,0,1.0
MLC-2016682185,1.0,0,1,10,True,764.9,764.9,5.0,0.0,2.0,1.0,2.0,1.0,1.0,0.0,0.0,1.0,1.0,40.0,40.0,0.0,45000.0,0.0,0.0,0.0,1.0,1.0,6.0,3967.0,1.0,2152.0,1148.0,50.505791961991,365000.0,410000.0,2,11345.646437994723,True,False,False,0,1.0
MLC-4120772298,1.0,1,3,0,False,2942.6,2942.6,0.0,0.0,0.0,0.0,0.0,0.0,0.0,0.0,0.0,0.0,0.0,80.0,80.0,0.0,0.0,0.0,0.0,0.0,0.0,0.0,1.0,5901.0,2.0,3835.0,2050.0,58.6173339550477,480000.0,480000.0,4,8793.103448275862,True,False,False,0,1.0
MLC-2016683605,1.0,1,1,0,True,723.7,723.7,5.0,5.0,5.0,3.0,2.0,1.0,5.0,0.0,0.0,3.0,0.0,50.0,46.0,1.0,90000.0,0.0,0.0,0.0,1.0,1.0,7.0,6636.0,4.0,2317.0,1552.0,99.9999999999999,500000.0,590000.0,2,12680.424528301886,True,False,False,0,1.0869565217391304
MLC-2061517295,1.0,1,1,10,True,6547.5,10246.2,5.0,0.0,1.0,0.0,2.0,2.0,1.0,0.0,0.0,0.0,1.0,50.0,50.0,0.0,38000.0,1.0,0.0,0.0,1.0,0.0,5.0,4426.0,2.0,23629.0,10635.0,64.8623594811321,350000.0,388000.0,0,7636.363636363636,True,False,True,0,1.0
MLC-4126576528,2.0,1,2,15,True,4359.0,3313.2,0.0,0.0,0.0,0.0,0.0,0.0,0.0,0.0,1.0,1.0,0.0,62.0,62.0,1.0,90000.0,1.0,1.0,0.0,1.0,1.0,14.0,5535.0,3.0,1600.0,768.0,9.03186513678773,570000.0,660000.0,4,10400.0,True,True,False,0,1.0
MLC-2017190437,2.0,1,3,10,True,5428.6,5428.6,5.0,1.0,1.0,0.0,1.0,1.0,0.0,0.0,0.0,0.0,0.0,96.0,92.0,1.0,100000.0,1.0,0.0,0.0,1.0,1.0,1.0,6684.0,4.0,6833.0,3079.0,90.5171296845883,800000.0,900000.0,4,9705.882352941177,True,False,False,0,1.0434782608695652
MLC-2017191481,1.0,0,2,3,False,2658.6,2658.6,3.0,0.0,0.0,0.0,0.0,0.0,0.0,0.0,0.0,0.0,0.0,48.0,45.0,0.0,46000.0,1.0,0.0,0.0,1.0,0.0,2.0,5901.0,2.0,3835.0,2050.0,58.6173339550477,400000.0,446000.0,4,10121.951219512195,True,False,False,0,1.0666666666666667
MLC-2017191645,1.0,0,1,29,True,861.7,861.7,5.0,4.0,1.0,0.0,0.0,1.0,0.0,1.0,0.0,0.0,0.0,33.0,37.6,0.0,20000.0,0.0,0.0,0.0,0.0,0.0,1.0,5492.0,1.0,2073.0,1418.0,100.0,400000.0,420000.0,2,12400.527704485488,True,False,False,0,0.8776595744680851
MLC-2017193565,2.0,2,2,11,True,4743.7,4743.7,5.0,2.0,0.0,0.0,3.0,0.0,0.0,0.0,0.0,0.0,0.0,70.0,58.2,1.0,0.0,0.0,1.0,0.0,1.0,1.0,1.0,6282.0,3.0,12506.0,6078.0,99.9999999999999,650000.0,650000.0,4,10582.52427184466,True,False,False,0,1.2027491408934707
MLC-2017193923,1.0,0,0,1,False,1684.1,1684.1,0.0,0.0,0.0,0.0,0.0,0.0,0.0,0.0,0.0,0.0,0.0,33.5,36.8,0.0,0.0,0.0,0.0,0.0,0.0,0.0,1.0,4687.0,1.0,2156.0,1177.0,57.9263203269884,260000.0,260000.0,2,10806.174957118354,True,False,False,0,0.9103260869565218
MLC-2017195069,1.0,1,1,2,True,2993.1,2993.1,5.0,0.0,2.0,0.0,3.0,3.0,1.0,0.0,0.0,0.0,0.0,37.0,34.0,0.0,55000.0,1.0,1.0,0.0,1.0,1.0,13.0,5455.0,1.0,10400.0,5578.0,70.0075532601241,410000.0,465000.0,0,10666.666666666666,True,False,False,0,1.088235294117647
MLC-2018132639,1.0,1,1,0,True,698.9,698.9,5.0,1.0,4.0,0.0,0.0,2.0,2.0,1.0,0.0,0.0,0.0,39.0,35.0,1.0,50000.0,1.0,0.0,0.0,1.0,0.0,5.0,4644.0,1.0,2739.0,1645.0,100.0,390000.0,440000.0,2,12234.04255319149,True,False,False,0,1.1142857142857143
MLC-4126580098,2.0,1,3,10,True,4026.9,4026.9,3.0,0.0,0.0,0.0,0.0,1.0,1.0,0.0,0.0,0.0,0.0,84.0,80.0,1.0,120000.0,1.0,1.0,0.0,1.0,1.0,14.0,6684.0,4.0,6833.0,3079.0,90.5171296845883,750000.0,870000.0,4,12363.757199822772,True,False,False,0,1.05
MLC-4168568462,2.0,1,2,12,True,1194.7,5280.1,1.0,0.0,0.0,0.0,0.0,0.0,0.0,0.0,0.0,0.0,0.0,75.0,70.0,0.0,120000.0,1.0,0.0,0.0,1.0,1.0,1.0,4433.0,3.0,20174.0,9883.0,82.4572189855629,590000.0,710000.0,4,10454.545454545454,True,False,True,0,1.0714285714285714
MLC-2018156825,2.0,1,2,13,False,4077.8,4077.8,4.0,0.0,0.0,0.0,0.0,1.0,1.0,0.0,1.0,0.0,0.0,59.8,58.2,0.0,90000.0,0.0,0.0,0.0,0.0,0.0,15.0,6684.0,4.0,6833.0,3079.0,90.5171296845883,560000.0,650000.0,4,12295.081967213115,True,False,False,0,1.0274914089347078
MLC-4128149892,2.0,1,2,6,True,751.5,751.5,5.0,5.0,1.0,1.0,1.0,1.0,2.0,1.0,0.0,5.0,0.0,62.0,62.0,0.0,100000.0,0.0,0.0,0.0,1.0,1.0,12.0,6768.0,4.0,1656.0,1111.0,100.0,580000.0,680000.0,2,11826.388888888889,True,False,False,0,1.0
MLC-4179311504,2.0,1,3,0,True,4208.6,8420.9,0.0,0.0,0.0,0.0,0.0,0.0,0.0,0.0,0.0,0.0,0.0,66.0,66.0,0.0,40000.0,1.0,0.0,0.0,1.0,0.0,1.0,6358.0,4.0,4448.0,2458.0,54.2005929673536,560000.0,600000.0,4,9083.916083916083,True,True,False,0,1.0
MLC-4127629690,2.0,1,3,6,True,7157.7,10598.0,5.0,0.0,1.0,0.0,0.0,0.0,0.0,0.0,0.0,0.0,0.0,81.3,81.9,0.0,0.0,0.0,0.0,0.0,1.0,0.0,5.0,4426.0,2.0,23629.0,10635.0,64.8623594811321,800000.0,800000.0,0,8492.829204693611,True,False,True,1,0.9926739926739926
MLC-4253610852,1.0,0,1,3,True,1002.3,1002.3,5.0,3.0,1.0,0.0,1.0,0.0,0.0,0.0,0.0,0.0,0.0,39.0,36.0,0.0,45000.0,0.0,0.0,0.0,1.0,1.0,11.0,5492.0,1.0,2073.0,1418.0,100.0,430000.0,475000.0,4,12089.55223880597,True,False,False,0,1.0833333333333333
MLC-4179334830,3.0,1,4,30,True,6721.6,4867.2,4.0,0.0,0.0,0.0,0.0,0.0,0.0,0.0,0.0,0.0,0.0,115.0,113.0,1.0,200000.0,0.0,0.0,0.0,1.0,1.0,1.0,6624.0,4.0,1277.0,600.0,16.149253186174,800000.0,1000000.0,1,8407.079646017699,True,True,False,0,1.0176991150442478
MLC-2018357815,2.0,1,2,1,True,1558.4,1558.4,5.0,0.0,0.0,2.0,1.0,3.0,0.0,0.0,0.0,1.0,0.0,50.0,47.0,0.0,120000.0,0.0,0.0,0.0,1.0,1.0,8.0,6382.0,3.0,2472.0,1579.0,44.7477970543667,620000.0,740000.0,4,12911.739130434784,True,False,False,0,1.0638297872340425
MLC-2018304173,2.0,2,2,0,True,2271.6,3230.5,2.0,0.0,0.0,0.0,0.0,0.0,0.0,0.0,0.0,0.0,0.0,64.1,64.6,0.0,150000.0,0.0,1.0,0.0,1.0,1.0,3.0,6748.0,4.0,2908.0,1351.0,5.75523405114186,850000.0,1000000.0,3,11537.81512605042,True,False,True,0,0.9922600619195047
MLC-2018311157,2.0,1,2,15,False,839.1,839.1,0.0,0.0,0.0,0.0,0.0,0.0,0.0,0.0,0.0,0.0,0.0,58.0,55.0,0.0,75000.0,0.0,1.0,0.0,0.0,1.0,14.0,5492.0,1.0,2073.0,1418.0,100.0,600000.0,675000.0,2,12046.511627906977,True,False,False,0,1.0545454545454545
MLC-2048414625,1.0,1,3,36,False,3642.2,7799.6,5.0,2.0,0.0,1.0,3.0,1.0,0.0,0.0,0.0,0.0,1.0,45.0,45.0,0.0,30000.0,0.0,0.0,0.0,1.0,0.0,4.0,1859.0,2.0,27535.0,12357.0,68.1398650783455,350000.0,380000.0,0,7667.924528301886,True,False,True,0,1.0
MLC-4182756344,2.0,0,2,14,True,753.9,753.9,5.0,5.0,2.0,2.0,0.0,1.0,1.0,1.0,0.0,5.0,0.0,59.0,52.0,0.0,107000.0,0.0,0.0,0.0,1.0,1.0,9.0,6768.0,4.0,1656.0,1111.0,100.0,550000.0,657000.0,2,11777.777777777777,True,False,False,0,1.1346153846153846
MLC-2019967141,1.0,1,2,8,True,747.5,747.5,4.0,3.0,3.0,0.0,1.0,0.0,0.0,0.0,0.0,0.0,0.0,43.0,41.0,0.0,80000.0,0.0,0.0,0.0,1.0,1.0,16.0,6636.0,4.0,2317.0,1552.0,99.9999999999999,550000.0,630000.0,2,12753.289705882353,True,False,False,0,1.048780487804878
MLC-2018365047,2.0,1,2,6,True,6161.2,6634.0,2.0,0.0,0.0,0.0,0.0,0.0,0.0,0.0,0.0,0.0,0.0,116.0,60.0,0.0,55000.0,0.0,0.0,0.0,1.0,1.0,1.0,6682.0,4.0,4021.0,1996.0,65.5175717706704,600000.0,655000.0,1,12500.0,True,True,False,0,1.9333333333333333
MLC-2019967239,2.0,1,3,7,True,4222.9,8344.2,5.0,2.0,0.0,0.0,0.0,1.0,0.0,0.0,0.0,1.0,0.0,60.0,58.0,0.0,67000.0,0.0,0.0,0.0,1.0,0.0,3.0,1859.0,2.0,27535.0,12357.0,68.1398650783455,400000.0,467000.0,0,9600.0,True,False,True,0,1.0344827586206897
MLC-4111974740,2.0,0,2,10,True,781.1,781.1,5.0,0.0,3.0,1.0,1.0,1.0,1.0,0.0,0.0,0.0,1.0,60.0,62.0,0.0,85000.0,1.0,0.0,0.0,1.0,1.0,1.0,3967.0,1.0,2152.0,1148.0,50.505791961991,500000.0,585000.0,2,11277.173913043478,True,False,False,0,0.967741935483871
MLC-4130754744,1.0,0,2,0,True,758.0,758.0,5.0,0.0,4.0,0.0,1.0,0.0,0.0,0.0,0.0,0.0,0.0,48.3,52.4,0.0,60000.0,0.0,0.0,0.0,1.0,1.0,13.0,4644.0,1.0,2739.0,1645.0,100.0,550000.0,610000.0,2,10950.859950859951,True,False,False,0,0.9217557251908397
MLC-4248045284,2.0,1,3,17,True,515.2,515.2,5.0,5.0,5.0,3.0,3.0,3.0,5.0,1.0,0.0,5.0,0.0,75.0,75.0,0.0,120000.0,0.0,0.0,0.0,1.0,1.0,13.0,6636.0,4.0,2317.0,1552.0,99.9999999999999,630000.0,750000.0,2,13037.5,True,False,False,0,1.0
MLC-2019977831,1.0,0,1,0,True,758.0,758.0,5.0,0.0,4.0,0.0,1.0,0.0,0.0,0.0,0.0,0.0,0.0,42.0,38.0,0.0,45000.0,0.0,0.0,0.0,0.0,0.0,1.0,4644.0,1.0,2739.0,1645.0,100.0,430000.0,475000.0,2,10950.859950859951,True,False,False,0,1.105263157894737
MLC-2020104323,1.0,0,2,0,True,1373.8,1373.8,5.0,1.0,2.0,0.0,1.0,2.0,0.0,0.0,0.0,0.0,0.0,50.0,45.0,0.0,60000.0,0.0,0.0,0.0,1.0,1.0,5.0,6691.0,4.0,2810.0,1764.0,100.0,490000.0,550000.0,4,12071.428571428572,True,False,False,0,1.1111111111111112
MLC-2020106341,1.0,1,1,5,True,2588.3,2588.3,5.0,0.0,1.0,0.0,0.0,1.0,0.0,0.0,0.0,0.0,0.0,42.0,34.0,1.0,70000.0,1.0,1.0,0.0,1.0,1.0,16.0,6741.0,4.0,1295.0,716.0,36.9900234018146,500000.0,570000.0,2,14043.911512717536,True,False,False,0,1.2352941176470589
MLC-4082802050,1.0,1,1,15,True,429.8,429.8,0.0,0.0,0.0,0.0,0.0,0.0,0.0,0.0,0.0,0.0,0.0,50.0,50.0,0.0,90000.0,0.0,0.0,0.0,1.0,1.0,7.0,5332.0,1.0,4499.0,2404.0,100.0,400000.0,490000.0,2,11892.319420621308,True,False,False,0,1.0
MLC-2020098073,1.0,0,1,10,True,569.0,569.0,5.0,0.0,3.0,3.0,1.0,2.0,4.0,1.0,0.0,4.0,0.0,55.0,55.0,1.0,85000.0,0.0,0.0,0.0,1.0,1.0,1.0,5332.0,1.0,4499.0,2404.0,100.0,500000.0,585000.0,2,12092.6243567753,True,False,False,0,1.0
MLC-2020107813,2.0,1,3,1,False,5583.5,5583.5,0.0,0.0,0.0,0.0,0.0,0.0,0.0,0.0,0.0,0.0,0.0,63.0,60.0,0.0,60000.0,0.0,0.0,0.0,0.0,1.0,1.0,6684.0,4.0,6833.0,3079.0,90.5171296845883,550000.0,610000.0,0,9233.333333333334,True,False,False,0,1.05
MLC-2020552215,2.0,1,3,19,True,1641.3,1641.3,5.0,2.0,3.0,2.0,1.0,3.0,1.0,0.0,2.0,2.0,0.0,75.0,75.0,1.0,85000.0,0.0,0.0,0.0,1.0,1.0,8.0,6382.0,3.0,2472.0,1579.0,44.7477970543667,750000.0,835000.0,4,12400.0,True,False,False,0,1.0
MLC-2066614309,2.0,1,2,9,True,1842.3,1842.3,1.0,1.0,3.0,0.0,0.0,0.0,0.0,0.0,0.0,0.0,0.0,62.0,60.0,0.0,72000.0,0.0,0.0,0.0,1.0,1.0,4.0,4687.0,1.0,2156.0,1177.0,57.9263203269884,900000.0,972000.0,2,11226.415094339623,True,False,False,0,1.0333333333333334
MLC-2020556327,2.0,0,2,19,True,5141.9,5141.9,5.0,1.0,0.0,0.0,2.0,1.0,0.0,0.0,0.0,0.0,0.0,65.0,58.3,0.0,0.0,0.0,1.0,0.0,1.0,0.0,1.0,6684.0,4.0,6833.0,3079.0,90.5171296845883,580000.0,580000.0,4,10445.96912521441,True,False,False,0,1.1149228130360207
MLC-4082804248,2.0,1,3,8,True,898.4,4840.3,0.0,0.0,0.0,0.0,0.0,0.0,0.0,0.0,0.0,0.0,0.0,120.0,120.0,1.0,100000.0,0.0,1.0,0.0,1.0,0.0,1.0,4433.0,3.0,20174.0,9883.0,82.4572189855629,800000.0,900000.0,4,10420.16806722689,True,False,True,0,1.0
MLC-4132775362,2.0,1,2,1,True,2303.7,4957.1,0.0,0.0,0.0,0.0,0.0,0.0,0.0,0.0,0.0,0.0,0.0,80.0,62.0,1.0,95000.0,0.0,1.0,0.0,1.0,1.0,4.0,6748.0,4.0,2908.0,1351.0,5.75523405114186,750000.0,845000.0,3,11641.791044776119,True,False,True,0,1.2903225806451613
MLC-2064058813,2.0,1,2,3,True,1597.0,1597.0,5.0,1.0,4.0,0.0,1.0,2.0,0.0,0.0,0.0,0.0,0.0,65.0,60.0,1.0,100000.0,1.0,0.0,0.0,1.0,1.0,3.0,6691.0,4.0,2810.0,1764.0,100.0,549999.0,649999.0,4,12714.285714285714,True,False,False,0,1.0833333333333333
MLC-2020671041,1.0,0,1,2,True,576.7,576.7,5.0,5.0,1.0,5.0,0.0,1.0,5.0,2.0,0.0,5.0,0.0,33.0,37.6,1.0,80000.0,0.0,0.0,0.0,0.0,1.0,9.0,6768.0,4.0,1656.0,1111.0,100.0,300000.0,380000.0,2,11797.979797979799,True,False,False,0,0.8776595744680851
MLC-2022488753,2.0,1,2,1,True,584.9,584.9,5.0,0.0,4.0,0.0,0.0,5.0,1.0,0.0,0.0,0.0,0.0,55.0,55.0,0.0,70000.0,0.0,0.0,0.0,0.0,0.0,1.0,4644.0,1.0,2739.0,1645.0,100.0,540000.0,610000.0,2,11228.070175438595,True,False,False,0,1.0
MLC-2022492955,1.0,1,2,7,False,3179.1,3179.1,5.0,0.0,0.0,0.0,1.0,0.0,0.0,0.0,0.0,0.0,0.0,48.3,52.4,0.0,80000.0,0.0,0.0,0.0,1.0,1.0,6.0,6441.0,4.0,887.0,463.0,99.6600561653695,480000.0,560000.0,0,10449.52604319359,True,False,False,0,0.9217557251908397
MLC-4087916284,1.0,0,1,2,False,792.5,792.5,5.0,5.0,0.0,0.0,1.0,1.0,2.0,2.0,0.0,5.0,0.0,35.0,37.6,0.0,0.0,0.0,0.0,0.0,1.0,0.0,1.0,6768.0,4.0,1656.0,1111.0,100.0,400000.0,400000.0,2,11891.891891891892,True,False,False,0,0.9308510638297872
MLC-4134091156,3.0,1,3,25,True,1383.1,4891.9,0.0,1.0,0.0,0.0,0.0,0.0,0.0,0.0,0.0,0.0,0.0,104.0,104.0,1.0,250000.0,1.0,1.0,0.0,1.0,1.0,2.0,6748.0,4.0,2908.0,1351.0,5.75523405114186,800000.0,1050000.0,3,11481.481481481482,True,False,True,0,1.0
MLC-4179314968,2.0,1,3,6,True,4934.0,4934.0,0.0,0.0,0.0,0.0,0.0,0.0,1.0,0.0,0.0,0.0,0.0,66.0,63.0,0.0,65000.0,0.0,0.0,0.0,1.0,1.0,1.0,6409.0,4.0,6576.0,3080.0,94.3101149608368,550000.0,615000.0,0,9314.713064713065,True,False,False,0,1.0476190476190477
MLC-2024977315,1.0,0,2,15,True,2327.2,5399.9,5.0,0.0,0.0,0.0,0.0,1.0,0.0,0.0,0.0,0.0,0.0,55.0,55.0,0.0,0.0,1.0,0.0,0.0,1.0,1.0,1.0,6117.0,4.0,6313.0,3653.0,99.9999999999999,390000.0,390000.0,1,9650.0,True,True,False,0,1.0
MLC-2024978197,1.0,1,1,0,True,900.0,4527.0,5.0,0.0,3.0,0.0,2.0,0.0,1.0,0.0,0.0,0.0,0.0,50.0,47.0,1.0,60000.0,0.0,0.0,0.0,1.0,1.0,1.0,5879.0,4.0,12234.0,5977.0,80.4354882614475,500000.0,560000.0,0,13685.390174732413,True,False,True,0,1.0638297872340425
MLC-4134310416,2.0,1,2,1,True,2816.8,6952.9,4.0,0.0,0.0,0.0,0.0,0.0,0.0,0.0,0.0,0.0,0.0,68.0,62.0,0.0,65000.0,0.0,0.0,0.0,1.0,1.0,6.0,5385.0,3.0,323.0,156.0,19.0571301445678,590000.0,655000.0,2,11857.142857142857,True,False,True,0,1.096774193548387
MLC-2024975587,1.0,0,2,9,True,2327.2,5399.9,5.0,0.0,0.0,0.0,0.0,1.0,0.0,0.0,0.0,0.0,0.0,40.0,49.9,0.0,35000.0,0.0,0.0,0.0,0.0,1.0,1.0,6117.0,4.0,6313.0,3653.0,99.9999999999999,400000.0,435000.0,1,9650.0,True,True,False,0,0.8016032064128257
MLC-4134298708,1.0,1,1,10,False,2598.3,2598.3,0.0,0.0,0.0,1.0,0.0,0.0,0.0,0.0,0.0,0.0,0.0,30.0,30.0,0.0,30000.0,1.0,0.0,0.0,1.0,0.0,1.0,6304.0,3.0,4026.0,2134.0,100.0,370000.0,400000.0,4,11345.646437994723,True,False,False,0,1.0
MLC-4198196578,2.0,0,3,60,True,630.0,630.0,5.0,5.0,2.0,2.0,1.0,4.0,5.0,2.0,0.0,2.0,0.0,46.5,74.7,0.0,100000.0,0.0,0.0,0.0,0.0,0.0,9.0,5492.0,1.0,2073.0,1418.0,100.0,600000.0,700000.0,2,12258.064516129032,True,False,False,0,0.6224899598393574
MLC-2025080771,2.0,1,2,5,True,3075.3,8514.4,5.0,0.0,1.0,0.0,0.0,0.0,0.0,0.0,0.0,0.0,0.0,67.0,67.0,0.0,140000.0,1.0,1.0,0.0,1.0,1.0,4.0,6335.0,4.0,485.0,244.0,24.1564524129314,600000.0,740000.0,2,11645.569620253165,True,True,False,0,1.0
MLC-2027360753,1.0,1,2,1,False,742.5,742.5,5.0,5.0,5.0,3.0,2.0,1.0,5.0,0.0,0.0,3.0,0.0,58.0,58.0,1.0,80000.0,0.0,0.0,0.0,1.0,1.0,1.0,6636.0,4.0,2317.0,1552.0,99.9999999999999,650000.0,730000.0,2,12753.289705882353,True,False,False,0,1.0
MLC-2027779271,1.0,1,2,6,False,2646.4,8945.6,5.0,1.0,1.0,0.0,0.0,0.0,0.0,0.0,0.0,0.0,0.0,54.0,52.0,0.0,0.0,0.0,0.0,0.0,0.0,0.0,4.0,5342.0,3.0,2386.0,1215.0,18.5074470416839,480000.0,480000.0,0,9074.074074074075,True,True,False,0,1.0384615384615385
MLC-2027360981,1.0,1,3,10,False,4667.9,8742.4,0.0,0.0,0.0,0.0,0.0,0.0,0.0,0.0,0.0,0.0,0.0,60.0,58.0,0.0,0.0,0.0,0.0,0.0,1.0,0.0,3.0,1859.0,2.0,27535.0,12357.0,68.1398650783455,430000.0,430000.0,0,6866.710875331564,True,False,True,0,1.0344827586206897
MLC-2025082737,2.0,1,2,5,True,9940.5,34611.7,0.0,0.0,0.0,0.0,0.0,0.0,0.0,0.0,0.0,0.0,0.0,64.0,70.0,0.0,140000.0,0.0,1.0,0.0,1.0,0.0,1.0,2449.0,2.0,986.0,583.0,51.3838868908969,700000.0,840000.0,2,12230.21582733813,True,True,False,1,0.9142857142857143
MLC-2025083711,1.0,1,1,0,True,673.8,673.8,0.0,0.0,0.0,0.0,0.0,0.0,0.0,0.0,0.0,0.0,0.0,45.0,45.0,0.0,60000.0,1.0,0.0,0.0,1.0,0.0,7.0,6636.0,4.0,2317.0,1552.0,99.9999999999999,590000.0,650000.0,2,12352.941176470587,True,False,False,0,1.0
MLC-2027953881,2.0,1,3,5,True,6760.7,10601.9,0.0,0.0,1.0,0.0,1.0,0.0,0.0,0.0,0.0,0.0,0.0,58.0,56.0,0.0,45000.0,1.0,0.0,0.0,1.0,0.0,1.0,4426.0,2.0,23629.0,10635.0,64.8623594811321,450000.0,495000.0,0,11666.666666666666,True,False,True,0,1.0357142857142858
MLC-4198205972,1.0,0,0,4,False,1535.1,1535.1,5.0,1.0,0.0,1.0,0.0,4.0,0.0,0.0,0.0,1.0,0.0,31.0,35.7,0.0,0.0,0.0,0.0,0.0,0.0,1.0,5.0,6382.0,3.0,2472.0,1579.0,44.7477970543667,500000.0,500000.0,4,12714.285714285714,True,False,False,0,0.8683473389355741
MLC-2068831847,1.0,1,3,12,False,4452.6,4452.6,0.0,0.0,0.0,0.0,0.0,0.0,0.0,0.0,0.0,0.0,0.0,54.3,53.0,0.0,40000.0,0.0,0.0,0.0,0.0,0.0,1.0,5569.0,2.0,8881.0,4312.0,47.4765461690525,460000.0,500000.0,0,8472.222222222223,True,False,False,0,1.0245283018867923
MLC-2027947187,3.0,1,4,0,True,768.1,768.1,4.0,2.0,4.0,2.0,1.0,0.0,1.0,0.0,0.0,3.0,0.0,100.0,118.7,1.0,70000.0,0.0,0.0,0.0,0.0,0.0,2.0,6768.0,4.0,1656.0,1111.0,100.0,930000.0,1000000.0,2,10071.42857142857,True,False,False,0,0.8424599831508003
MLC-2027948187,2.0,1,2,5,True,6147.0,6725.8,2.0,0.0,0.0,0.0,0.0,0.0,0.0,0.0,0.0,0.0,0.0,57.0,57.0,0.0,0.0,0.0,1.0,0.0,1.0,0.0,1.0,6682.0,4.0,4021.0,1996.0,65.5175717706704,700000.0,700000.0,1,12298.347107438018,True,True,False,0,1.0
MLC-2027948939,1.0,1,2,6,True,3709.8,3709.8,5.0,0.0,2.0,0.0,0.0,0.0,0.0,0.0,0.0,0.0,0.0,60.0,52.0,0.0,30000.0,1.0,0.0,0.0,1.0,0.0,1.0,5569.0,2.0,8881.0,4312.0,47.4765461690525,480000.0,510000.0,0,9375.0,True,False,False,0,1.1538461538461537
MLC-2095172577,2.0,1,2,3,True,2140.6,2140.6,5.0,0.0,1.0,0.0,2.0,0.0,0.0,0.0,0.0,0.0,0.0,60.0,60.0,0.0,100000.0,0.0,0.0,0.0,1.0,1.0,1.0,6019.0,3.0,4332.0,2303.0,55.0392235701766,600000.0,700000.0,4,11280.491796839198,True,False,False,0,1.0
MLC-2034880929,2.0,1,2,1,True,1558.4,1558.4,5.0,0.0,0.0,2.0,1.0,3.0,0.0,0.0,0.0,1.0,0.0,51.0,58.3,1.0,75000.0,0.0,0.0,0.0,0.0,0.0,1.0,6382.0,3.0,2472.0,1579.0,44.7477970543667,600000.0,675000.0,4,13043.478260869566,True,False,False,0,0.8747855917667239
MLC-2027789139,2.0,1,3,16,True,1003.8,4794.1,5.0,0.0,0.0,0.0,3.0,1.0,0.0,0.0,0.0,0.0,0.0,87.0,75.0,1.0,0.0,1.0,1.0,0.0,1.0,1.0,3.0,4433.0,3.0,20174.0,9883.0,82.4572189855629,700000.0,700000.0,4,10047.449325490195,True,False,True,0,1.16
MLC-4201745354,1.0,0,1,10,True,825.4,825.4,5.0,4.0,2.0,1.0,1.0,2.0,1.0,1.0,0.0,0.0,0.0,38.0,36.0,0.0,55000.0,0.0,0.0,0.0,1.0,1.0,1.0,5492.0,1.0,2073.0,1418.0,100.0,510000.0,565000.0,2,12242.021276595744,True,False,False,1,1.0555555555555556
MLC-2028678991,2.0,1,2,0,False,4686.7,4686.7,4.0,0.0,0.0,0.0,0.0,1.0,0.0,0.0,0.0,0.0,0.0,59.7,58.3,1.0,95000.0,1.0,1.0,0.0,1.0,1.0,3.0,6684.0,4.0,6833.0,3079.0,90.5171296845883,760000.0,855000.0,4,12377.04918032787,True,False,False,0,1.0240137221269299
MLC-2069548835,1.0,0,1,6,True,654.3,654.3,5.0,3.0,1.0,1.0,1.0,3.0,5.0,2.0,0.0,1.0,0.0,50.0,50.0,0.0,35000.0,0.0,0.0,0.0,0.0,0.0,1.0,5492.0,1.0,2073.0,1418.0,100.0,410000.0,445000.0,2,12375.0,True,False,False,0,1.0
MLC-2028678071,2.0,1,2,10,True,1681.8,2996.7,4.0,0.0,0.0,0.0,0.0,0.0,0.0,0.0,0.0,0.0,0.0,60.0,60.0,0.0,60000.0,1.0,0.0,0.0,1.0,1.0,7.0,5879.0,4.0,12234.0,5977.0,80.4354882614475,550000.0,610000.0,0,10166.666666666666,True,False,True,0,1.0
MLC-2035099937,2.0,1,3,10,True,912.7,912.7,5.0,5.0,1.0,1.0,1.0,2.0,3.0,0.0,0.0,4.0,0.0,84.0,84.0,0.0,120000.0,0.0,1.0,0.0,1.0,1.0,15.0,6636.0,4.0,2317.0,1552.0,99.9999999999999,850000.0,970000.0,2,12234.04255319149,True,False,False,0,1.0
MLC-2028678523,3.0,1,3,21,True,1377.0,4825.9,4.0,1.0,2.0,0.0,1.0,1.0,1.0,0.0,0.0,0.0,0.0,110.0,104.0,1.0,184087.0,0.0,1.0,0.0,1.0,1.0,3.0,6748.0,4.0,2908.0,1351.0,5.75523405114186,850000.0,1034087.0,3,11530.214424951268,True,False,True,0,1.0576923076923077
MLC-2071199531,2.0,1,2,5,True,1127.0,1127.0,5.0,1.0,1.0,0.0,4.0,0.0,0.0,0.0,0.0,0.0,0.0,59.0,52.0,1.0,70000.0,1.0,0.0,0.0,1.0,1.0,16.0,5941.0,2.0,3137.0,1891.0,100.0,660000.0,730000.0,2,10912.346737818436,True,False,False,0,1.1346153846153846
MLC-2031476071,1.0,1,2,5,False,1776.8,5902.7,0.0,0.0,0.0,0.0,0.0,0.0,0.0,0.0,0.0,0.0,0.0,45.0,45.0,1.0,0.0,0.0,0.0,0.0,0.0,0.0,1.0,5879.0,4.0,12234.0,5977.0,80.4354882614475,430000.0,430000.0,0,11400.0,False,False,True,0,1.0
MLC-2031478371,1.0,1,1,0,False,1254.2,1254.2,5.0,2.0,0.0,1.0,0.0,0.0,1.0,0.0,0.0,0.0,0.0,38.0,38.0,0.0,0.0,0.0,0.0,0.0,0.0,0.0,1.0,4687.0,1.0,2156.0,1177.0,57.9263203269884,500000.0,500000.0,2,13012.820512820514,True,False,False,0,1.0
MLC-4134828362,1.0,1,2,1,True,584.9,584.9,5.0,0.0,4.0,0.0,0.0,5.0,1.0,0.0,0.0,0.0,0.0,62.0,57.0,0.0,60000.0,1.0,0.0,0.0,1.0,1.0,12.0,4644.0,1.0,2739.0,1645.0,100.0,590000.0,650000.0,2,11071.77033492823,True,False,False,0,1.087719298245614
MLC-4253608378,2.0,1,2,0,True,5001.0,5001.0,2.0,1.0,0.0,0.0,1.0,1.0,0.0,0.0,0.0,0.0,0.0,67.0,67.0,0.0,80000.0,1.0,1.0,0.0,1.0,0.0,1.0,6282.0,3.0,12506.0,6078.0,99.9999999999999,570000.0,650000.0,4,10500.0,True,False,False,0,1.0
MLC-2031482619,1.0,1,1,10,True,4026.9,4026.9,3.0,0.0,0.0,0.0,0.0,1.0,1.0,0.0,0.0,0.0,0.0,39.0,36.0,0.0,70000.0,1.0,1.0,0.0,1.0,1.0,14.0,6684.0,4.0,6833.0,3079.0,90.5171296845883,390000.0,460000.0,4,12295.081967213115,True,False,False,0,1.0833333333333333
MLC-4111975502,2.0,1,2,2,False,580.3,4520.4,5.0,0.0,4.0,0.0,3.0,1.0,5.0,0.0,1.0,0.0,0.0,89.6,64.3,1.0,115000.0,0.0,1.0,0.0,1.0,1.0,9.0,5879.0,4.0,12234.0,5977.0,80.4354882614475,693714.24,808714.24,0,10891.089108910892,True,False,True,0,1.3934681181959565
MLC-2031523259,2.0,0,2,26,True,1393.2,1393.2,5.0,2.0,1.0,2.0,1.0,2.0,0.0,0.0,1.0,2.0,0.0,60.0,60.0,0.0,80000.0,0.0,0.0,0.0,1.0,0.0,1.0,6382.0,3.0,2472.0,1579.0,44.7477970543667,580000.0,660000.0,4,12110.817941952508,True,False,False,0,1.0
MLC-2031490549,2.0,1,3,16,True,472.3,4560.8,5.0,0.0,1.0,0.0,1.0,0.0,0.0,0.0,0.0,0.0,0.0,122.0,116.0,1.0,110000.0,0.0,0.0,0.0,1.0,1.0,2.0,4433.0,3.0,20174.0,9883.0,82.4572189855629,950000.0,1060000.0,4,9652.173913043478,True,False,True,0,1.0517241379310345
MLC-2031486095,1.0,1,2,6,False,1239.9,1239.9,5.0,5.0,3.0,2.0,1.0,2.0,2.0,0.0,1.0,4.0,0.0,48.0,48.0,0.0,30000.0,0.0,0.0,0.0,0.0,0.0,2.0,6382.0,3.0,2472.0,1579.0,44.7477970543667,490000.0,520000.0,4,11818.181818181818,True,False,False,0,1.0
MLC-2031486573,1.0,1,3,6,True,4833.7,8915.9,0.0,0.0,0.0,0.0,0.0,0.0,0.0,0.0,0.0,0.0,0.0,58.0,58.0,0.0,30000.0,0.0,0.0,0.0,1.0,0.0,1.0,1859.0,2.0,27535.0,12357.0,68.1398650783455,365000.0,395000.0,0,7168.4350132626,True,False,True,0,1.0
MLC-2031488907,2.0,1,2,10,True,1916.4,5455.1,0.0,0.0,0.0,0.0,0.0,0.0,0.0,0.0,0.0,0.0,0.0,68.0,76.0,0.0,170000.0,0.0,1.0,0.0,1.0,1.0,5.0,6748.0,4.0,2908.0,1351.0,5.75523405114186,650000.0,820000.0,3,12238.805970149253,True,False,True,0,0.8947368421052632
MLC-2031490063,2.0,1,2,12,True,659.5,3826.4,5.0,0.0,1.0,0.0,2.0,1.0,3.0,0.0,0.0,0.0,0.0,57.0,57.0,0.0,95000.0,0.0,0.0,0.0,1.0,0.0,5.0,1859.0,2.0,27535.0,12357.0,68.1398650783455,500000.0,595000.0,0,11428.57142857143,True,False,True,0,1.0
MLC-2031495463,1.0,0,1,0,True,751.5,751.5,5.0,5.0,1.0,1.0,1.0,1.0,2.0,1.0,0.0,5.0,0.0,37.0,37.0,0.0,60000.0,0.0,0.0,0.0,1.0,1.0,1.0,6768.0,4.0,1656.0,1111.0,100.0,380000.0,440000.0,2,11777.777777777777,True,False,False,0,1.0
MLC-4112341130,1.0,1,1,5,True,1102.0,4935.4,0.0,0.0,0.0,0.0,0.0,0.0,0.0,0.0,0.0,0.0,0.0,45.0,45.0,0.0,60000.0,1.0,0.0,0.0,0.0,1.0,3.0,4433.0,3.0,20174.0,9883.0,82.4572189855629,450000.0,510000.0,4,10048.010117647058,True,False,True,1,1.0
MLC-2035106223,2.0,1,3,9,False,5003.1,5003.1,5.0,1.0,0.0,0.0,1.0,1.0,0.0,0.0,0.0,0.0,0.0,67.0,65.0,1.0,0.0,0.0,0.0,0.0,1.0,1.0,5.308641975308642,6282.0,3.0,12506.0,6078.0,99.9999999999999,650000.0,650000.0,4,10500.0,True,False,False,0,1.0307692307692307
MLC-2035108677,1.0,1,3,3,True,2087.2,13662.8,5.0,1.0,1.0,0.0,0.0,2.0,0.0,0.0,0.0,0.0,0.0,60.0,60.0,0.0,45000.0,1.0,0.0,0.0,1.0,0.0,5.0,4290.0,1.0,8912.0,4260.0,99.9999999999999,450000.0,495000.0,0,8552.35515568453,True,True,False,0,1.0
MLC-2035107125,1.0,0,2,0,True,5167.9,5167.9,0.0,0.0,0.0,0.0,0.0,0.0,0.0,0.0,0.0,0.0,0.0,54.0,52.0,0.0,0.0,0.0,0.0,0.0,1.0,0.0,5.0,6409.0,4.0,6576.0,3080.0,94.3101149608368,490000.0,490000.0,0,9523.809523809523,True,False,False,0,1.0384615384615385
MLC-2035109933,2.0,1,2,7,True,2216.9,4937.9,0.0,0.0,0.0,0.0,0.0,0.0,0.0,0.0,0.0,0.0,0.0,67.0,67.0,1.0,110000.0,1.0,1.0,0.0,0.0,0.0,3.0,6748.0,4.0,2908.0,1351.0,5.75523405114186,670000.0,780000.0,3,11855.378281008749,True,False,True,0,1.0
MLC-2035136237,1.0,1,1,4,False,909.7,909.7,5.0,4.0,1.0,0.0,0.0,0.0,0.0,0.0,0.0,0.0,0.0,35.0,37.6,0.0,0.0,0.0,0.0,0.0,0.0,0.0,1.0,5492.0,1.0,2073.0,1418.0,100.0,500000.0,500000.0,2,12400.0,True,False,False,0,0.9308510638297872
MLC-4135249990,1.0,1,1,0,True,3653.3,3653.3,5.0,0.0,1.0,0.0,1.0,2.0,0.0,0.0,0.0,0.0,0.0,58.0,58.0,0.0,0.0,1.0,0.0,0.0,1.0,1.0,2.0,6684.0,4.0,6833.0,3079.0,90.5171296845883,750000.0,750000.0,4,12455.95219855983,True,False,False,1,1.0
MLC-4112471850,1.0,1,1,10,True,1858.0,6027.7,5.0,2.0,1.0,0.0,5.0,1.0,0.0,0.0,0.0,0.0,0.0,42.0,40.0,0.0,60000.0,1.0,1.0,0.0,1.0,1.0,3.0,5879.0,4.0,12234.0,5977.0,80.4354882614475,395000.0,455000.0,0,8855.93220338983,True,False,True,0,1.05
MLC-2035148509,1.0,1,2,10,True,610.9,610.9,5.0,5.0,2.0,5.0,3.0,2.0,5.0,2.0,0.0,5.0,0.0,49.0,49.0,1.0,75000.0,0.0,0.0,0.0,1.0,1.0,7.0,6768.0,4.0,1656.0,1111.0,100.0,570000.0,645000.0,2,11304.33273156506,True,False,False,0,1.0
MLC-2070930425,2.0,0,3,40,True,1551.0,1551.0,5.0,2.0,2.0,2.0,1.0,2.0,1.0,0.0,0.0,2.0,0.0,78.0,78.0,1.0,0.0,0.0,0.0,0.0,1.0,1.0,6.0,6382.0,3.0,2472.0,1579.0,44.7477970543667,850000.0,850000.0,4,12632.978723404254,True,False,False,0,1.0
MLC-2035146665,1.0,0,1,2,False,783.9,783.9,5.0,5.0,0.0,0.0,1.0,1.0,2.0,2.0,0.0,5.0,0.0,30.0,37.6,0.0,49000.0,0.0,0.0,0.0,1.0,1.0,1.0,6768.0,4.0,1656.0,1111.0,100.0,370000.0,419000.0,2,11891.891891891892,True,False,False,0,0.7978723404255319
MLC-2035146973,2.0,1,2,18,True,7071.7,10870.6,0.0,0.0,0.0,0.0,0.0,0.0,0.0,0.0,0.0,0.0,0.0,69.0,69.0,1.0,80000.0,1.0,1.0,0.0,1.0,1.0,3.0,4426.0,2.0,23629.0,10635.0,64.8623594811321,571598.5800000001,651598.5800000001,0,10476.190476190477,True,False,True,0,1.0
MLC-2073938599,2.0,1,3,5,True,5281.8,5281.8,5.0,1.0,0.0,0.0,1.0,0.0,0.0,0.0,0.0,0.0,0.0,46.5,74.7,0.0,67000.0,0.0,1.0,0.0,1.0,1.0,1.0,6684.0,4.0,6833.0,3079.0,90.5171296845883,600000.0,667000.0,4,10000.0,True,False,False,0,0.6224899598393574
MLC-4243846148,2.0,1,2,0,True,1686.2,2955.2,5.0,0.0,0.0,0.0,0.0,0.0,0.0,0.0,0.0,0.0,0.0,60.0,60.0,1.0,20000.0,0.0,1.0,0.0,1.0,1.0,1.0,5879.0,4.0,12234.0,5977.0,80.4354882614475,590000.0,610000.0,0,10166.666666666666,True,False,True,0,1.0
MLC-2035139403,2.0,1,0,0,True,4872.4,4872.4,0.0,0.0,0.0,0.0,0.0,0.0,0.0,0.0,0.0,0.0,0.0,73.0,68.0,0.0,0.0,1.0,0.0,0.0,1.0,1.0,1.0,6282.0,3.0,12506.0,6078.0,99.9999999999999,700000.0,700000.0,4,11041.666666666666,True,False,False,0,1.0735294117647058
MLC-4211817078,1.0,0,1,1,True,721.9,721.9,5.0,4.0,3.0,2.0,0.0,0.0,1.0,0.0,0.0,5.0,0.0,33.1,37.9,0.0,30000.0,0.0,0.0,0.0,0.0,1.0,3.0,6768.0,4.0,1656.0,1111.0,100.0,350000.0,380000.0,2,12567.567567567568,True,False,False,0,0.8733509234828497
MLC-4179313058,2.0,0,3,10,True,1977.2,5188.8,0.0,0.0,0.0,0.0,0.0,0.0,0.0,0.0,0.0,0.0,0.0,70.0,70.0,0.0,90000.0,1.0,1.0,0.0,1.0,1.0,1.0,6748.0,4.0,2908.0,1351.0,5.75523405114186,650000.0,740000.0,3,11937.5,True,False,True,0,1.0
MLC-4244628838,1.0,1,3,12,True,3564.8,7727.0,5.0,1.0,0.0,1.0,3.0,1.0,0.0,0.0,0.0,0.0,1.0,47.0,45.0,0.0,0.0,0.0,0.0,0.0,1.0,0.0,5.0,1859.0,2.0,27535.0,12357.0,68.1398650783455,400000.0,400000.0,0,7192.857142857143,True,False,True,0,1.0444444444444445
MLC-2037754885,2.0,1,2,0,True,746.9,746.9,5.0,4.0,5.0,1.0,1.0,0.0,1.0,0.0,0.0,2.0,0.0,55.0,55.0,1.0,130000.0,0.0,0.0,0.0,0.0,1.0,1.0,6636.0,4.0,2317.0,1552.0,99.9999999999999,520000.0,650000.0,2,13230.240549828179,True,False,False,0,1.0
MLC-2037600369,2.0,0,2,0,True,723.7,723.7,5.0,5.0,5.0,3.0,2.0,1.0,5.0,0.0,0.0,3.0,0.0,59.7,58.3,0.0,75000.0,0.0,0.0,0.0,1.0,1.0,19.0,6636.0,4.0,2317.0,1552.0,99.9999999999999,590000.0,665000.0,2,12744.569381243064,True,False,False,0,1.0240137221269299
MLC-2037565799,1.0,0,1,10,False,792.1,792.1,5.0,0.0,2.0,1.0,2.0,1.0,1.0,0.0,0.0,1.0,1.0,30.0,30.0,0.0,42000.0,0.0,0.0,0.0,0.0,0.0,1.0,3967.0,1.0,2152.0,1148.0,50.505791961991,350000.0,392000.0,2,11304.347826086956,True,False,False,0,1.0
MLC-2037604401,1.0,1,1,10,False,6574.0,6136.2,0.0,0.0,0.0,0.0,0.0,0.0,0.0,0.0,0.0,0.0,0.0,33.0,33.0,0.0,0.0,0.0,0.0,0.0,1.0,1.0,6.0,6682.0,4.0,4021.0,1996.0,65.5175717706704,449113.17000000004,449113.17000000004,1,11000.0,True,True,False,0,1.0
MLC-2037612063,1.0,0,1,2,True,2589.7,2589.7,5.0,0.0,0.0,1.0,1.0,0.0,0.0,0.0,0.0,0.0,0.0,33.1,37.9,0.0,40000.0,0.0,0.0,0.0,0.0,0.0,10.0,6304.0,3.0,4026.0,2134.0,100.0,300000.0,340000.0,1,10239.361702127659,True,False,False,0,0.8733509234828497
MLC-4211819694,2.0,1,2,3,True,856.0,856.0,5.0,4.0,1.0,0.0,0.0,1.0,2.0,1.0,0.0,0.0,0.0,59.0,56.0,0.0,95000.0,1.0,1.0,0.0,1.0,1.0,8.0,5492.0,1.0,2073.0,1418.0,100.0,650000.0,745000.0,2,12500.0,True,False,False,0,1.0535714285714286
MLC-2076505239,2.0,1,2,1,True,723.7,723.7,5.0,5.0,5.0,3.0,2.0,1.0,5.0,0.0,0.0,3.0,0.0,51.0,51.0,0.0,90000.0,0.0,0.0,0.0,1.0,1.0,14.0,6636.0,4.0,2317.0,1552.0,99.9999999999999,700000.0,790000.0,2,12680.424528301886,True,False,False,0,1.0
MLC-4179288828,2.0,1,2,10,True,1461.6,4986.5,0.0,1.0,0.0,0.0,0.0,0.0,0.0,0.0,0.0,0.0,0.0,57.5,57.0,0.0,110000.0,1.0,1.0,0.0,1.0,1.0,2.0,6748.0,4.0,2908.0,1351.0,5.75523405114186,550000.0,660000.0,3,11353.03265940902,True,False,True,0,1.0087719298245614
MLC-2037612695,1.0,1,2,0,True,3238.2,3238.2,5.0,0.0,2.0,0.0,5.0,2.0,1.0,0.0,0.0,0.0,0.0,48.3,52.4,1.0,80000.0,1.0,0.0,0.0,1.0,1.0,13.0,5455.0,1.0,10400.0,5578.0,70.0075532601241,500000.0,580000.0,0,11836.734693877552,True,False,False,0,0.9217557251908397
MLC-4255002356,2.0,1,2,1,True,687.7,687.7,5.0,5.0,5.0,3.0,2.0,1.0,4.0,0.0,0.0,4.0,0.0,63.0,60.0,0.0,80000.0,0.0,0.0,0.0,1.0,1.0,14.0,6636.0,4.0,2317.0,1552.0,99.9999999999999,650000.0,730000.0,2,12864.493996569468,True,False,False,0,1.05
MLC-2037613421,1.0,0,1,2,True,2993.1,2993.1,5.0,0.0,2.0,0.0,3.0,3.0,1.0,0.0,0.0,0.0,0.0,42.0,36.0,0.0,60000.0,0.0,0.0,0.0,0.0,0.0,1.0,5455.0,1.0,10400.0,5578.0,70.0075532601241,450000.0,510000.0,0,10666.666666666666,True,False,False,0,1.1666666666666667
MLC-2037752497,1.0,1,2,15,True,4054.0,4054.0,5.0,0.0,0.0,0.0,0.0,1.0,1.0,0.0,1.0,0.0,0.0,57.0,55.0,1.0,60000.0,1.0,1.0,0.0,1.0,1.0,5.0,6684.0,4.0,6833.0,3079.0,90.5171296845883,530000.0,590000.0,4,12295.081967213115,True,False,False,0,1.0363636363636364
MLC-2039820525,2.0,1,2,1,True,733.8,733.8,5.0,5.0,5.0,3.0,2.0,1.0,5.0,0.0,0.0,3.0,0.0,60.0,58.0,1.0,85000.0,0.0,0.0,0.0,1.0,1.0,12.0,6636.0,4.0,2317.0,1552.0,99.9999999999999,700000.0,785000.0,2,12625.0,True,False,False,0,1.0344827586206897
MLC-2076420099,2.0,1,3,30,True,124.7,124.7,5.0,1.0,5.0,5.0,1.0,5.0,5.0,1.0,0.0,5.0,0.0,140.0,140.0,0.0,250000.0,0.0,0.0,0.0,1.0,1.0,7.0,6318.0,3.0,1035.0,677.0,100.0,780000.0,1030000.0,2,12404.580152671757,True,False,False,0,1.0
MLC-2039824545,2.0,1,2,8,False,2775.6,2775.6,0.0,0.0,1.0,0.0,1.0,0.0,0.0,0.0,0.0,0.0,0.0,47.0,47.0,0.0,75000.0,0.0,0.0,0.0,0.0,0.0,3.0,6304.0,3.0,4026.0,2134.0,100.0,520000.0,595000.0,4,10158.311345646438,True,False,False,0,1.0
MLC-2039826171,2.0,1,2,0,True,1373.8,1373.8,5.0,1.0,2.0,0.0,1.0,2.0,0.0,0.0,0.0,0.0,0.0,59.0,54.0,1.0,70000.0,0.0,0.0,0.0,1.0,1.0,5.0,6691.0,4.0,2810.0,1764.0,100.0,590000.0,660000.0,4,12071.428571428572,True,False,False,0,1.0925925925925926
MLC-4243844358,2.0,0,2,3,True,698.9,698.9,5.0,1.0,4.0,0.0,0.0,2.0,2.0,1.0,0.0,0.0,0.0,45.0,45.0,0.0,80000.0,0.0,0.0,0.0,1.0,1.0,13.0,4644.0,1.0,2739.0,1645.0,100.0,500000.0,580000.0,2,12234.04255319149,True,False,False,0,1.0
MLC-2039819827,1.0,1,3,6,False,2014.9,22456.5,0.0,0.0,0.0,0.0,0.0,0.0,0.0,0.0,0.0,0.0,0.0,61.0,59.0,0.0,0.0,0.0,0.0,0.0,0.0,0.0,2.0,3191.0,2.0,1368.0,697.0,70.9091441623044,350000.0,350000.0,0,11400.0,False,True,False,0,1.0338983050847457
MLC-2039833193,2.0,1,2,0,False,2692.7,2692.7,5.0,0.0,1.0,0.0,0.0,0.0,0.0,0.0,0.0,0.0,0.0,110.0,110.0,0.0,150000.0,0.0,0.0,0.0,1.0,1.0,13.0,6741.0,4.0,1295.0,716.0,36.9900234018146,1100000.0,1250000.0,2,14291.460532325378,True,False,False,1,1.0
MLC-4218352544,1.0,1,3,3,True,2353.3,13860.5,0.0,0.0,0.0,0.0,0.0,0.0,0.0,0.0,0.0,0.0,0.0,60.6,59.6,0.0,0.0,0.0,1.0,0.0,1.0,0.0,5.0,5136.0,2.0,13939.0,6879.0,81.3670347779654,500000.0,500000.0,0,11400.0,False,True,False,1,1.016778523489933
MLC-2039833321,1.0,1,2,7,False,4747.4,4747.4,0.0,0.0,0.0,0.0,0.0,0.0,1.0,0.0,0.0,0.0,0.0,50.0,53.0,0.0,0.0,0.0,0.0,0.0,1.0,0.0,1.0,6409.0,4.0,6576.0,3080.0,94.3101149608368,500000.0,500000.0,0,8730.15873015873,True,False,False,1,0.9433962264150944
MLC-2039833479,1.0,0,2,8,True,2744.4,2744.4,2.0,0.0,0.0,0.0,0.0,0.0,0.0,0.0,0.0,0.0,0.0,41.0,41.0,0.0,45000.0,1.0,0.0,0.0,1.0,0.0,5.0,5901.0,2.0,3835.0,2050.0,58.6173339550477,370000.0,415000.0,4,9911.111111111111,True,False,False,0,1.0
MLC-2039833527,1.0,1,1,6,True,1406.3,1406.3,5.0,2.0,4.0,2.0,1.0,4.0,1.0,0.0,0.0,2.0,0.0,33.0,37.6,0.0,50000.0,0.0,0.0,0.0,0.0,1.0,14.0,6382.0,3.0,2472.0,1579.0,44.7477970543667,400000.0,450000.0,4,12631.578947368422,True,False,False,0,0.8776595744680851
MLC-4246173168,2.0,1,3,17,True,497.5,497.5,5.0,5.0,3.0,4.0,1.0,2.0,5.0,1.0,0.0,5.0,0.0,68.0,64.0,0.0,0.0,0.0,0.0,0.0,1.0,1.0,7.0,6318.0,3.0,1035.0,677.0,100.0,750000.0,750000.0,2,11379.310344827587,True,False,False,0,1.0625
MLC-2092618611,1.0,1,1,0,True,598.4,598.4,5.0,5.0,1.0,5.0,0.0,1.0,5.0,2.0,0.0,5.0,0.0,39.3,38.0,0.0,80000.0,1.0,0.0,0.0,0.0,1.0,12.0,6768.0,4.0,1656.0,1111.0,100.0,470000.0,550000.0,2,11777.777777777777,True,False,False,0,1.0342105263157895
MLC-4246172822,1.0,0,2,8,True,2744.4,2744.4,2.0,0.0,0.0,0.0,0.0,0.0,0.0,0.0,0.0,0.0,0.0,41.0,41.0,0.0,45000.0,1.0,0.0,0.0,1.0,0.0,5.0,5901.0,2.0,3835.0,2050.0,58.6173339550477,370000.0,415000.0,4,9911.111111111111,True,False,False,0,1.0
MLC-2048415685,1.0,0,1,0,True,790.9,790.9,5.0,4.0,0.0,0.0,1.0,1.0,2.0,1.0,0.0,5.0,0.0,37.5,36.0,0.0,0.0,0.0,0.0,0.0,1.0,0.0,1.0,6768.0,4.0,1656.0,1111.0,100.0,430000.0,430000.0,2,11777.777777777777,True,False,False,0,1.0416666666666667
MLC-2039833533,1.0,1,2,47,True,555.1,555.1,5.0,1.0,2.0,0.0,0.0,5.0,3.0,0.0,0.0,0.0,0.0,70.0,70.0,0.0,30000.0,0.0,0.0,0.0,0.0,0.0,5.0,4644.0,1.0,2739.0,1645.0,100.0,550000.0,580000.0,2,12400.0,True,False,False,0,1.0
MLC-2039836691,1.0,0,1,9,True,825.4,825.4,5.0,4.0,2.0,1.0,1.0,2.0,1.0,1.0,0.0,0.0,0.0,38.0,36.0,1.0,60000.0,0.0,0.0,0.0,0.0,1.0,22.0,5492.0,1.0,2073.0,1418.0,100.0,420000.0,480000.0,2,12242.021276595744,True,False,False,0,1.0555555555555556
MLC-2039839865,2.0,0,3,19,True,1124.4,1124.4,5.0,4.0,0.0,0.0,1.0,0.0,2.0,0.0,1.0,2.0,0.0,96.0,96.0,0.0,120000.0,0.0,0.0,0.0,1.0,0.0,1.0,4687.0,1.0,2156.0,1177.0,57.9263203269884,800000.0,920000.0,2,12046.511627906977,True,False,False,0,1.0
MLC-2039844871,1.0,0,1,4,True,783.9,783.9,5.0,5.0,0.0,0.0,1.0,1.0,2.0,2.0,0.0,5.0,0.0,31.0,37.6,0.0,0.0,1.0,0.0,0.0,1.0,1.0,22.0,6768.0,4.0,1656.0,1111.0,100.0,400000.0,400000.0,2,11826.388888888889,True,False,False,0,0.8244680851063829
MLC-2076837569,2.0,1,2,9,True,1685.1,2990.2,4.0,0.0,0.0,0.0,0.0,0.0,0.0,0.0,0.0,0.0,0.0,56.0,56.0,0.0,60000.0,0.0,0.0,0.0,0.0,0.0,1.0,5879.0,4.0,12234.0,5977.0,80.4354882614475,450000.0,510000.0,0,10166.666666666666,True,False,True,0,1.0
MLC-2048424113,1.0,0,1,0,True,872.9,872.9,5.0,1.0,1.0,0.0,0.0,0.0,2.0,0.0,0.0,0.0,0.0,30.0,30.0,1.0,45000.0,0.0,0.0,0.0,1.0,0.0,1.0,6178.0,3.0,2620.0,1658.0,100.0,390000.0,435000.0,2,12400.0,True,False,False,0,1.0
MLC-2039846081,2.0,0,2,1,False,3248.2,3248.2,5.0,0.0,2.0,0.0,4.0,2.0,1.0,0.0,0.0,0.0,0.0,52.0,52.0,0.0,80000.0,0.0,0.0,0.0,0.0,1.0,10.0,6571.0,4.0,1072.0,625.0,89.9626305483346,480000.0,560000.0,0,11068.702290076337,True,False,False,0,1.0
MLC-2039846085,1.0,1,1,2,True,1427.5,5410.4,1.0,0.0,1.0,0.0,0.0,1.0,0.0,0.0,0.0,0.0,0.0,44.0,44.0,0.0,80000.0,0.0,0.0,0.0,0.0,1.0,4.0,4433.0,3.0,20174.0,9883.0,82.4572189855629,480000.0,560000.0,4,10848.748473748474,True,False,True,0,1.0
MLC-4246173066,2.0,1,2,26,False,3664.7,3664.7,5.0,0.0,1.0,0.0,1.0,2.0,0.0,0.0,0.0,0.0,0.0,140.0,105.0,0.0,0.0,1.0,0.0,0.0,1.0,1.0,3.0,6684.0,4.0,6833.0,3079.0,90.5171296845883,1200000.0,1200000.0,4,12616.822429906542,True,False,False,1,1.3333333333333333
MLC-2039852397,1.0,1,3,12,True,3564.8,7727.0,5.0,1.0,0.0,1.0,3.0,1.0,0.0,0.0,0.0,0.0,1.0,50.0,50.0,0.0,30000.0,0.0,0.0,0.0,0.0,0.0,1.0,1859.0,2.0,27535.0,12357.0,68.1398650783455,350000.0,380000.0,0,7483.766233766233,True,False,True,0,1.0
MLC-2092636109,2.0,1,3,8,True,2588.3,2588.3,5.0,0.0,1.0,0.0,0.0,1.0,0.0,0.0,0.0,0.0,0.0,75.0,70.0,0.0,180000.0,1.0,0.0,0.0,1.0,1.0,1.0,6741.0,4.0,1295.0,716.0,36.9900234018146,850000.0,1030000.0,2,14043.911512717536,True,False,False,0,1.0714285714285714
MLC-2041098965,1.0,0,1,4,True,704.4,704.4,5.0,5.0,5.0,3.0,3.0,3.0,5.0,2.0,0.0,5.0,0.0,35.0,35.0,0.0,60000.0,0.0,0.0,0.0,1.0,0.0,6.0,6636.0,4.0,2317.0,1552.0,99.9999999999999,530000.0,590000.0,2,12558.139534883721,True,False,False,1,1.0
MLC-2050884615,3.0,1,3,20,True,1787.3,4908.7,0.0,0.0,0.0,0.0,0.0,0.0,0.0,0.0,0.0,0.0,0.0,110.0,104.0,1.0,180000.0,1.0,1.0,0.0,1.0,1.0,3.0,6748.0,4.0,2908.0,1351.0,5.75523405114186,850000.0,1030000.0,3,11288.235294117647,True,False,True,0,1.0576923076923077
MLC-2041106713,2.0,1,2,0,True,900.0,4527.0,5.0,0.0,3.0,0.0,2.0,0.0,1.0,0.0,0.0,0.0,0.0,89.6,64.3,1.0,100000.0,0.0,0.0,0.0,1.0,1.0,10.0,5879.0,4.0,12234.0,5977.0,80.4354882614475,790000.0,890000.0,0,13402.636916835701,True,False,True,0,1.3934681181959565
MLC-2041086295,2.0,1,2,11,True,610.9,610.9,5.0,5.0,2.0,5.0,3.0,2.0,5.0,2.0,0.0,5.0,0.0,58.0,58.0,1.0,80000.0,0.0,0.0,0.0,0.0,1.0,7.0,6768.0,4.0,1656.0,1111.0,100.0,580000.0,660000.0,2,11304.33273156506,True,False,False,0,1.0
MLC-2041098435,2.0,1,2,5,True,2738.2,4975.9,5.0,0.0,1.0,1.0,0.0,1.0,0.0,0.0,0.0,0.0,0.0,58.0,58.0,0.0,80000.0,0.0,1.0,0.0,1.0,1.0,10.0,6117.0,4.0,6313.0,3653.0,99.9999999999999,650000.0,730000.0,1,9473.684210526315,True,True,False,0,1.0
MLC-2041104597,1.0,1,1,13,True,2566.4,2566.4,1.0,0.0,1.0,1.0,0.0,0.0,0.0,0.0,0.0,0.0,0.0,32.0,32.0,0.0,45000.0,0.0,0.0,0.0,1.0,1.0,3.0,6304.0,3.0,4026.0,2134.0,100.0,390000.0,435000.0,4,11345.646437994723,True,False,False,0,1.0
MLC-2042180807,2.0,1,2,5,True,6191.8,6605.4,3.0,1.0,0.0,0.0,0.0,0.0,0.0,0.0,0.0,0.0,0.0,50.0,50.0,0.0,0.0,0.0,0.0,0.0,0.0,0.0,4.0,6682.0,4.0,4021.0,1996.0,65.5175717706704,650000.0,650000.0,1,12500.0,True,True,False,0,1.0
MLC-2042167917,2.0,1,2,16,False,700.9,700.9,5.0,5.0,3.0,2.0,1.0,2.0,2.0,0.0,0.0,2.0,0.0,70.0,70.0,0.0,130000.0,0.0,0.0,0.0,1.0,1.0,20.0,6636.0,4.0,2317.0,1552.0,99.9999999999999,600000.0,730000.0,2,12755.102040816326,True,False,False,0,1.0
MLC-2042168517,1.0,0,2,5,True,822.4,822.4,5.0,4.0,1.0,1.0,1.0,2.0,1.0,1.0,0.0,0.0,0.0,48.3,52.4,0.0,55000.0,0.0,0.0,0.0,1.0,1.0,11.0,5492.0,1.0,2073.0,1418.0,100.0,520000.0,575000.0,2,12400.0,True,False,False,0,0.9217557251908397
MLC-2092613565,2.0,2,3,16,True,4025.3,4025.3,3.0,0.0,0.0,0.0,0.0,1.0,1.0,0.0,0.0,0.0,0.0,74.0,74.0,1.0,150000.0,1.0,1.0,0.0,1.0,1.0,9.0,6684.0,4.0,6833.0,3079.0,90.5171296845883,800000.0,950000.0,4,12295.081967213115,True,False,False,0,1.0
MLC-2042168995,1.0,0,1,6,True,751.5,751.5,5.0,5.0,1.0,1.0,1.0,1.0,2.0,1.0,0.0,5.0,0.0,33.5,32.0,0.0,57000.0,0.0,0.0,0.0,1.0,1.0,1.0,6768.0,4.0,1656.0,1111.0,100.0,390000.0,447000.0,2,11777.777777777777,True,False,False,0,1.046875
MLC-2042168315,1.0,1,1,6,True,2588.3,2588.3,5.0,0.0,1.0,0.0,0.0,1.0,0.0,0.0,0.0,0.0,0.0,33.1,37.9,1.0,100000.0,0.0,1.0,0.0,1.0,1.0,12.0,6741.0,4.0,1295.0,716.0,36.9900234018146,500000.0,600000.0,2,14043.911512717536,True,False,False,0,0.8733509234828497
MLC-2092641625,2.0,1,2,9,True,782.1,782.1,5.0,5.0,3.0,2.0,2.0,3.0,5.0,1.0,0.0,5.0,0.0,55.5,54.0,1.0,90000.0,0.0,0.0,0.0,1.0,1.0,21.0,5492.0,1.0,2073.0,1418.0,100.0,650000.0,740000.0,2,12200.0,True,False,False,0,1.0277777777777777
MLC-2092637515,2.0,1,2,3,False,2606.6,2606.6,0.0,0.0,0.0,0.0,0.0,0.0,0.0,0.0,0.0,0.0,0.0,59.0,59.0,2.0,100000.0,0.0,1.0,0.0,1.0,1.0,1.0,5455.0,1.0,10400.0,5578.0,70.0075532601241,550000.0,650000.0,0,11526.993094789705,True,False,False,0,1.0
MLC-2042181921,2.0,0,3,10,True,1977.2,5188.8,0.0,0.0,0.0,0.0,0.0,0.0,0.0,0.0,0.0,0.0,0.0,70.0,70.0,0.0,90000.0,1.0,1.0,0.0,1.0,1.0,1.0,6748.0,4.0,2908.0,1351.0,5.75523405114186,650000.0,740000.0,3,11937.5,True,False,True,0,1.0
MLC-2044096041,2.0,1,3,5,True,4372.6,4372.6,5.0,0.0,0.0,0.0,0.0,1.0,0.0,0.0,0.0,0.0,0.0,60.0,60.0,0.0,60000.0,0.0,0.0,0.0,0.0,0.0,1.0,6409.0,4.0,6576.0,3080.0,94.3101149608368,550000.0,610000.0,0,8363.636363636364,True,False,False,1,1.0
MLC-2044120385,2.0,1,2,5,False,868.9,868.9,5.0,1.0,1.0,2.0,0.0,0.0,0.0,0.0,0.0,0.0,0.0,48.0,48.0,0.0,48000.0,0.0,0.0,0.0,0.0,0.0,1.0,5332.0,1.0,4499.0,2404.0,100.0,450000.0,498000.0,2,10833.333333333334,True,False,False,0,1.0
MLC-2044119689,1.0,0,1,0,True,1675.4,1675.4,5.0,2.0,5.0,1.0,2.0,4.0,0.0,0.0,0.0,1.0,0.0,36.0,34.0,0.0,45000.0,0.0,0.0,0.0,1.0,1.0,17.0,6691.0,4.0,2810.0,1764.0,100.0,425000.0,470000.0,4,12605.263157894737,True,False,False,0,1.0588235294117647
MLC-2044131287,2.0,1,2,12,True,1461.6,4986.5,0.0,1.0,0.0,0.0,0.0,0.0,0.0,0.0,0.0,0.0,0.0,70.0,63.0,0.0,120000.0,1.0,1.0,0.0,0.0,1.0,8.0,6748.0,4.0,2908.0,1351.0,5.75523405114186,650000.0,770000.0,3,11353.03265940902,True,False,True,0,1.1111111111111112
MLC-2092620399,2.0,1,3,6,True,1653.0,4644.7,1.0,1.0,1.0,0.0,0.0,1.0,1.0,0.0,0.0,0.0,0.0,80.0,80.0,0.0,95000.0,1.0,1.0,0.0,1.0,1.0,8.0,6748.0,4.0,2908.0,1351.0,5.75523405114186,620000.0,715000.0,3,11590.90909090909,True,False,True,0,1.0
MLC-2044149213,2.0,1,3,1,False,5621.8,5621.8,0.0,0.0,0.0,0.0,0.0,0.0,0.0,0.0,0.0,0.0,0.0,68.0,65.0,0.0,0.0,0.0,0.0,0.0,0.0,0.0,1.0,6684.0,4.0,6833.0,3079.0,90.5171296845883,620000.0,620000.0,4,9538.461538461539,True,False,False,0,1.0461538461538462
MLC-4253064598,1.0,0,1,3,True,574.4,574.4,5.0,5.0,1.0,5.0,0.0,1.0,5.0,2.0,0.0,5.0,0.0,44.2,45.0,0.0,60000.0,0.0,0.0,0.0,1.0,1.0,1.0,6768.0,4.0,1656.0,1111.0,100.0,380000.0,440000.0,2,11797.979797979799,True,False,False,0,0.9822222222222223
MLC-2044184757,1.0,0,2,1,False,710.8,710.8,5.0,5.0,2.0,0.0,1.0,0.0,0.0,0.0,0.0,1.0,0.0,55.0,55.0,0.0,80000.0,0.0,0.0,0.0,0.0,0.0,1.0,6636.0,4.0,2317.0,1552.0,99.9999999999999,550000.0,630000.0,2,12755.102040816326,True,False,False,0,1.0
MLC-2044184867,1.0,1,1,8,False,4801.5,4801.5,0.0,0.0,0.0,0.0,0.0,0.0,0.0,0.0,0.0,0.0,0.0,30.0,30.0,0.0,50000.0,0.0,0.0,0.0,0.0,0.0,1.0,6282.0,3.0,12506.0,6078.0,99.9999999999999,450000.0,500000.0,4,10582.52427184466,True,False,False,1,1.0
MLC-2050892745,1.0,1,3,5,False,183.3,10597.7,5.0,1.0,5.0,0.0,0.0,4.0,0.0,0.0,0.0,0.0,0.0,40.0,35.0,0.0,40000.0,0.0,0.0,0.0,0.0,0.0,1.0,5769.0,4.0,4456.0,2342.0,99.9386935309315,450000.0,490000.0,2,11400.0,False,True,False,0,1.1428571428571428
MLC-2045847777,1.0,0,1,5,False,3294.5,4598.2,5.0,0.0,1.0,0.0,1.0,1.0,0.0,0.0,0.0,0.0,0.0,33.3,33.5,0.0,0.0,0.0,0.0,0.0,0.0,0.0,1.0,6323.0,4.0,1513.0,835.0,100.0,250000.0,250000.0,4,11400.0,False,True,False,0,0.9940298507462686
MLC-2045836889,2.0,1,2,3,True,580.3,4520.4,5.0,0.0,4.0,0.0,3.0,1.0,5.0,0.0,1.0,0.0,0.0,64.1,64.6,1.0,85000.0,1.0,1.0,0.0,0.0,1.0,11.0,5879.0,4.0,12234.0,5977.0,80.4354882614475,600000.0,685000.0,0,10916.17933723197,True,False,True,0,0.9922600619195047
MLC-2045840697,2.0,1,2,8,True,3899.8,3899.8,3.0,0.0,0.0,0.0,1.0,0.0,0.0,0.0,0.0,0.0,0.0,66.0,61.0,1.0,100000.0,1.0,0.0,0.0,1.0,1.0,1.0,6684.0,4.0,6833.0,3079.0,90.5171296845883,650000.0,750000.0,4,12295.081967213115,True,False,False,0,1.0819672131147542
MLC-2045842139,2.0,1,2,6,True,2216.9,4937.9,0.0,0.0,0.0,0.0,0.0,0.0,0.0,0.0,0.0,0.0,0.0,67.0,67.0,1.0,110000.0,1.0,1.0,0.0,1.0,0.0,1.0,6748.0,4.0,2908.0,1351.0,5.75523405114186,670000.0,780000.0,3,11855.378281008749,True,False,True,0,1.0
MLC-2092618407,2.0,1,3,6,True,2120.7,5266.8,0.0,0.0,1.0,0.0,0.0,0.0,0.0,0.0,0.0,0.0,0.0,120.0,110.0,0.0,220000.0,0.0,1.0,0.0,1.0,1.0,2.0,6748.0,4.0,2908.0,1351.0,5.75523405114186,1100000.0,1320000.0,3,12166.666666666666,True,False,True,0,1.0909090909090908
MLC-2046337165,1.0,0,0,10,True,2589.7,2589.7,5.0,0.0,0.0,1.0,1.0,0.0,0.0,0.0,0.0,0.0,0.0,32.0,32.0,0.0,0.0,0.0,0.0,0.0,0.0,0.0,2.0,6304.0,3.0,4026.0,2134.0,100.0,380000.0,380000.0,1,10158.311345646438,True,False,False,0,1.0
MLC-4247386542,2.0,1,2,11,True,610.9,610.9,5.0,5.0,2.0,5.0,3.0,2.0,5.0,2.0,0.0,5.0,0.0,52.0,48.0,1.0,90000.0,0.0,0.0,0.0,1.0,1.0,10.0,6768.0,4.0,1656.0,1111.0,100.0,600000.0,690000.0,2,11304.33273156506,True,False,False,0,1.0833333333333333
MLC-2046348099,1.0,1,1,6,True,1123.1,1123.1,5.0,3.0,1.0,0.0,0.0,0.0,2.0,0.0,0.0,4.0,0.0,54.0,50.0,0.0,55000.0,0.0,0.0,0.0,1.0,0.0,9.0,6382.0,3.0,2472.0,1579.0,44.7477970543667,470000.0,525000.0,4,11873.35092348285,True,False,False,0,1.08
MLC-2048411547,2.0,1,3,9,True,1591.2,1591.2,4.0,1.0,0.0,0.0,2.0,2.0,0.0,0.0,0.0,0.0,0.0,71.6,70.0,0.0,0.0,0.0,1.0,0.0,1.0,1.0,1.0,5924.0,2.0,3532.0,1915.0,100.0,690000.0,690000.0,4,11631.578947368422,True,False,False,0,1.0228571428571427
MLC-2048414609,1.0,0,3,12,True,4319.3,4319.3,0.0,0.0,0.0,0.0,0.0,0.0,0.0,0.0,0.0,0.0,0.0,54.0,54.0,0.0,0.0,0.0,0.0,0.0,1.0,0.0,4.0,5569.0,2.0,8881.0,4312.0,47.4765461690525,450000.0,450000.0,0,8611.111111111111,True,False,False,0,1.0
MLC-2048414623,1.0,0,1,4,True,909.0,909.0,5.0,0.0,2.0,0.0,4.0,0.0,0.0,0.0,0.0,0.0,0.0,33.1,37.9,0.0,50000.0,0.0,0.0,0.0,0.0,1.0,8.0,5752.0,2.0,3137.0,1789.0,100.0,330000.0,380000.0,2,11653.944020356234,True,False,False,0,0.8733509234828497
MLC-4164894060,2.0,1,2,0,True,718.0,718.0,5.0,5.0,1.0,2.0,1.0,1.0,2.0,1.0,0.0,5.0,0.0,60.0,60.0,1.0,100000.0,0.0,0.0,0.0,1.0,1.0,5.0,6768.0,4.0,1656.0,1111.0,100.0,500000.0,600000.0,2,11826.388888888889,True,False,False,0,1.0
MLC-2091478489,2.0,1,2,8,True,2068.1,2068.1,5.0,2.0,5.0,0.0,1.0,1.0,0.0,0.0,0.0,0.0,0.0,45.0,45.0,0.0,0.0,0.0,0.0,0.0,1.0,1.0,8.0,6715.0,4.0,2440.0,1484.0,100.0,620000.0,620000.0,4,11326.530612244898,True,False,False,1,1.0
MLC-2046362195,1.0,1,1,13,True,3968.3,3968.3,3.0,0.0,0.0,0.0,0.0,0.0,0.0,0.0,0.0,0.0,0.0,42.0,38.0,0.0,60000.0,1.0,1.0,0.0,0.0,1.0,11.0,6684.0,4.0,6833.0,3079.0,90.5171296845883,480000.0,540000.0,4,12295.081967213115,True,False,False,1,1.105263157894737
MLC-2048414359,2.0,1,2,0,True,966.7,966.7,5.0,1.0,0.0,0.0,1.0,1.0,2.0,1.0,0.0,1.0,0.0,55.0,55.0,0.0,100000.0,1.0,0.0,0.0,1.0,0.0,17.0,6768.0,4.0,1656.0,1111.0,100.0,630000.0,730000.0,2,12385.521885521885,True,False,False,0,1.0
MLC-2048416705,1.0,1,3,14,True,1985.4,13567.9,0.0,0.0,0.0,0.0,0.0,0.0,0.0,0.0,0.0,0.0,0.0,60.6,60.0,0.0,0.0,1.0,1.0,0.0,1.0,0.0,4.0,5136.0,2.0,13939.0,6879.0,81.3670347779654,430000.0,430000.0,0,8530.884808013356,True,True,False,0,1.01
MLC-2048417921,1.0,0,2,9,True,747.5,747.5,4.0,3.0,3.0,0.0,1.0,0.0,0.0,0.0,0.0,0.0,0.0,46.9,45.0,0.0,80000.0,0.0,0.0,0.0,0.0,1.0,1.0,6636.0,4.0,2317.0,1552.0,99.9999999999999,550000.0,630000.0,2,12753.289705882353,True,False,False,0,1.0422222222222222
MLC-2092641075,1.0,1,3,0,True,2216.3,13799.1,5.0,2.0,1.0,0.0,0.0,3.0,0.0,0.0,0.0,0.0,0.0,60.6,59.9,0.0,45000.0,1.0,1.0,0.0,1.0,0.0,3.0,5136.0,2.0,13939.0,6879.0,81.3670347779654,490000.0,535000.0,0,8530.884808013356,True,True,False,0,1.011686143572621
MLC-4058629810,1.0,0,3,16,True,1087.8,1087.8,5.0,0.0,2.0,0.0,4.0,0.0,1.0,0.0,0.0,0.0,0.0,42.0,42.0,0.0,55000.0,0.0,0.0,0.0,1.0,1.0,2.0,6178.0,3.0,2620.0,1658.0,100.0,420000.0,475000.0,2,11867.021276595744,True,False,False,0,1.0
MLC-2091478987,1.0,0,1,9,True,1028.9,1028.9,5.0,3.0,1.0,0.0,1.0,0.0,0.0,0.0,0.0,0.0,0.0,34.0,32.0,0.0,60000.0,0.0,0.0,0.0,1.0,1.0,3.0,6178.0,3.0,2620.0,1658.0,100.0,380000.0,440000.0,4,12000.0,True,False,False,0,1.0625
MLC-4060670474,1.0,0,1,9,False,861.8,861.8,5.0,5.0,2.0,3.0,1.0,3.0,5.0,1.0,2.0,5.0,0.0,60.0,60.0,0.0,0.0,0.0,0.0,0.0,0.0,0.0,1.0,5492.0,1.0,2073.0,1418.0,100.0,550000.0,550000.0,2,12093.023255813954,True,False,False,1,1.0
MLC-2048425895,1.0,0,1,9,True,2938.0,2938.0,5.0,0.0,1.0,0.0,2.0,3.0,1.0,0.0,0.0,0.0,0.0,30.9,30.0,1.0,40000.0,0.0,0.0,0.0,1.0,1.0,1.0,5455.0,1.0,10400.0,5578.0,70.0075532601241,430000.0,470000.0,0,10666.666666666666,True,False,False,0,1.03
MLC-2044157165,2.0,0,3,9,False,839.2,839.2,5.0,5.0,1.0,1.0,2.0,2.0,2.0,1.0,0.0,4.0,0.0,100.0,100.0,0.0,0.0,0.0,0.0,0.0,0.0,0.0,1.0,6636.0,4.0,2317.0,1552.0,99.9999999999999,680000.0,680000.0,2,11986.842105263157,True,False,False,0,1.0
MLC-2048430371,2.0,1,2,1,False,6253.6,6496.6,5.0,1.0,0.0,0.0,0.0,0.0,0.0,0.0,0.0,0.0,0.0,57.0,52.0,0.0,0.0,0.0,0.0,0.0,0.0,1.0,2.0,6682.0,4.0,4021.0,1996.0,65.5175717706704,650000.0,650000.0,1,12500.0,True,True,False,0,1.0961538461538463
MLC-2089683573,1.0,1,1,0,True,900.0,4527.0,5.0,0.0,3.0,0.0,2.0,0.0,1.0,0.0,0.0,0.0,0.0,32.0,32.0,0.0,60000.0,0.0,0.0,0.0,1.0,1.0,9.0,5879.0,4.0,12234.0,5977.0,80.4354882614475,500000.0,560000.0,0,13402.636916835701,True,False,True,0,1.0
MLC-2048427551,1.0,0,2,36,False,928.6,928.6,5.0,0.0,3.0,1.0,5.0,0.0,0.0,0.0,0.0,0.0,0.0,91.0,86.0,1.0,0.0,0.0,0.0,0.0,0.0,0.0,1.0,5752.0,2.0,3137.0,1789.0,100.0,400000.0,400000.0,2,10442.350332594237,True,False,False,0,1.058139534883721
MLC-2092646331,2.0,1,2,0,False,662.4,3813.6,5.0,0.0,1.0,0.0,2.0,1.0,3.0,0.0,0.0,0.0,0.0,63.0,63.0,1.0,90000.0,0.0,0.0,0.0,0.0,0.0,1.0,5879.0,4.0,12234.0,5977.0,80.4354882614475,620000.0,710000.0,0,11746.031746031746,True,False,True,0,1.0
MLC-4113212104,2.0,1,2,0,True,5202.1,9356.2,0.0,0.0,0.0,0.0,0.0,0.0,0.0,0.0,0.0,0.0,0.0,48.0,48.0,1.0,75000.0,1.0,1.0,0.0,1.0,1.0,4.0,1859.0,2.0,27535.0,12357.0,68.1398650783455,550000.0,625000.0,0,10620.192307692309,True,False,True,1,1.0
MLC-2048433721,2.0,1,3,9,False,5003.1,5003.1,5.0,1.0,0.0,0.0,1.0,1.0,0.0,0.0,0.0,0.0,0.0,67.0,65.0,23.0,130000.0,0.0,0.0,0.0,0.0,1.0,1.0,6282.0,3.0,12506.0,6078.0,99.9999999999999,600000.0,730000.0,4,10500.0,True,False,False,0,1.0307692307692307
MLC-2048433747,2.0,1,3,9,False,5003.1,5003.1,5.0,1.0,0.0,0.0,1.0,1.0,0.0,0.0,0.0,0.0,0.0,67.0,65.0,1.0,0.0,0.0,0.0,0.0,1.0,1.0,5.308641975308642,6282.0,3.0,12506.0,6078.0,99.9999999999999,650000.0,650000.0,4,10500.0,True,False,False,0,1.0307692307692307
MLC-2048439591,2.0,1,2,10,True,809.7,809.7,5.0,2.0,0.0,0.0,3.0,1.0,2.0,1.0,0.0,2.0,0.0,70.0,72.0,1.0,80000.0,0.0,0.0,0.0,1.0,1.0,15.0,3967.0,1.0,2152.0,1148.0,50.505791961991,600000.0,680000.0,2,10803.57142857143,True,False,False,0,0.9722222222222222
MLC-2048440549,1.0,1,1,16,False,3820.4,3820.4,5.0,2.0,0.0,0.0,1.0,1.0,1.0,0.0,0.0,0.0,0.0,58.0,58.0,0.0,80000.0,1.0,0.0,0.0,1.0,1.0,2.0,6684.0,4.0,6833.0,3079.0,90.5171296845883,750000.0,830000.0,4,11333.333333333334,True,False,False,1,1.0
MLC-2048442269,2.0,1,2,0,False,662.4,3813.6,5.0,0.0,1.0,0.0,2.0,1.0,3.0,0.0,0.0,0.0,0.0,63.0,63.0,1.0,90000.0,0.0,0.0,0.0,0.0,0.0,1.0,5879.0,4.0,12234.0,5977.0,80.4354882614475,650000.0,740000.0,0,11587.301587301587,True,False,True,0,1.0
MLC-4145382630,2.0,1,2,10,True,2150.0,2150.0,5.0,1.0,1.0,0.0,0.0,1.0,2.0,0.0,0.0,1.0,0.0,62.0,62.0,0.0,135000.0,1.0,1.0,0.0,1.0,1.0,8.0,6741.0,4.0,1295.0,716.0,36.9900234018146,750000.0,885000.0,2,13560.897435897436,True,False,False,0,1.0
MLC-4116735902,1.0,0,1,1,True,4273.0,4057.6,1.0,0.0,0.0,0.0,0.0,1.0,0.0,0.0,0.0,0.0,0.0,35.0,35.0,0.0,40000.0,0.0,0.0,0.0,1.0,1.0,4.0,6368.0,4.0,6250.0,3287.0,84.6415320141748,350000.0,390000.0,4,13191.489361702128,True,True,False,0,1.0
MLC-4249933596,2.0,1,2,12,True,1916.4,5455.1,0.0,0.0,0.0,0.0,0.0,0.0,0.0,0.0,0.0,0.0,0.0,75.0,68.0,0.0,180000.0,0.0,1.0,0.0,1.0,1.0,7.0,6748.0,4.0,2908.0,1351.0,5.75523405114186,750000.0,930000.0,3,12238.805970149253,True,False,True,1,1.1029411764705883
MLC-4051092924,1.0,0,1,10,True,1134.5,1134.5,0.0,0.0,0.0,0.0,0.0,0.0,0.0,0.0,0.0,0.0,0.0,37.0,35.0,1.0,60000.0,1.0,1.0,0.0,1.0,1.0,1.0,6741.0,4.0,1295.0,716.0,36.9900234018146,420000.0,480000.0,2,13367.132867132867,True,False,False,0,1.0571428571428572
MLC-2049062995,2.0,2,3,2,True,2299.0,3357.9,0.0,0.0,0.0,0.0,0.0,0.0,0.0,0.0,0.0,0.0,0.0,110.0,110.0,1.0,140000.0,0.0,0.0,0.0,0.0,0.0,1.0,6748.0,4.0,2908.0,1351.0,5.75523405114186,950000.0,1090000.0,3,11964.285714285714,True,False,True,0,1.0
MLC-4246172478,2.0,1,2,7,True,1437.0,1437.0,5.0,1.0,1.0,2.0,0.0,1.0,0.0,0.0,0.0,1.0,0.0,65.0,65.0,0.0,100000.0,0.0,0.0,0.0,0.0,1.0,10.0,6691.0,4.0,2810.0,1764.0,100.0,890000.0,990000.0,4,12400.0,True,False,False,0,1.0
MLC-2049050077,2.0,1,2,28,True,2027.4,2027.4,5.0,2.0,4.0,0.0,1.0,4.0,2.0,0.0,1.0,1.0,0.0,86.0,86.0,1.0,90000.0,0.0,0.0,0.0,1.0,1.0,7.0,6715.0,4.0,2440.0,1484.0,100.0,500000.0,590000.0,4,13064.516129032258,True,False,False,0,1.0
MLC-2048443363,1.0,1,3,15,True,4521.5,8690.0,5.0,4.0,2.0,0.0,1.0,0.0,0.0,0.0,0.0,1.0,0.0,55.0,55.0,0.0,35000.0,1.0,0.0,0.0,1.0,0.0,5.0,1859.0,2.0,27535.0,12357.0,68.1398650783455,385000.0,420000.0,0,11400.0,False,False,True,0,1.0
MLC-4239746418,2.0,1,2,0,False,5090.1,5090.1,2.0,0.0,0.0,1.0,0.0,0.0,0.0,0.0,0.0,0.0,0.0,60.0,60.0,0.0,0.0,0.0,1.0,0.0,1.0,1.0,11.0,6684.0,4.0,6833.0,3079.0,90.5171296845883,1200000.0,1200000.0,4,20000.0,True,False,False,1,1.0
MLC-2048443425,2.0,1,2,9,True,1600.1,3013.4,4.0,0.0,0.0,0.0,0.0,0.0,0.0,0.0,0.0,0.0,0.0,55.0,54.0,0.0,70000.0,0.0,0.0,0.0,0.0,1.0,8.0,5879.0,4.0,12234.0,5977.0,80.4354882614475,450000.0,520000.0,0,10166.666666666666,True,False,True,0,1.0185185185185186
MLC-2048447475,1.0,1,3,14,False,3350.7,15496.5,0.0,0.0,0.0,0.0,0.0,0.0,0.0,0.0,0.0,0.0,0.0,56.0,55.0,0.0,0.0,0.0,0.0,0.0,0.0,0.0,4.0,4518.0,1.0,11941.0,6059.0,32.2781565208539,390000.0,390000.0,4,7090.909090909091,True,True,False,1,1.018181818181818
MLC-2049063201,1.0,0,1,10,True,856.0,856.0,5.0,4.0,1.0,0.0,0.0,1.0,2.0,1.0,0.0,0.0,0.0,45.0,41.0,0.0,110000.0,0.0,0.0,0.0,1.0,1.0,6.0,5492.0,1.0,2073.0,1418.0,100.0,400000.0,510000.0,2,12664.90765171504,True,False,False,0,1.0975609756097562
MLC-2049076377,1.0,0,1,28,True,924.6,924.6,5.0,5.0,2.0,1.0,1.0,2.0,2.0,0.0,0.0,2.0,0.0,33.1,37.9,0.0,60000.0,0.0,0.0,0.0,1.0,1.0,7.0,6636.0,4.0,2317.0,1552.0,99.9999999999999,350000.0,410000.0,2,12753.289705882353,True,False,False,0,0.8733509234828497
MLC-4235683708,2.0,1,2,0,True,598.4,598.4,5.0,5.0,1.0,5.0,0.0,1.0,5.0,2.0,0.0,5.0,0.0,76.0,70.0,1.0,110000.0,1.0,0.0,0.0,1.0,0.0,1.0,6768.0,4.0,1656.0,1111.0,100.0,680000.0,790000.0,2,11777.777777777777,True,False,False,0,1.0857142857142856
MLC-4247385490,2.0,1,2,26,False,652.1,652.1,5.0,5.0,2.0,5.0,1.0,1.0,5.0,2.0,0.0,5.0,0.0,60.0,55.0,0.0,126000.0,0.0,0.0,0.0,1.0,1.0,2.0,6768.0,4.0,1656.0,1111.0,100.0,460000.0,586000.0,2,11777.777777777777,True,False,False,0,1.0909090909090908
MLC-4247386338,2.0,0,2,24,True,1362.2,1362.2,5.0,2.0,2.0,1.0,0.0,2.0,2.0,0.0,3.0,4.0,0.0,67.0,67.0,0.0,120000.0,0.0,0.0,0.0,1.0,0.0,4.0,6382.0,3.0,2472.0,1579.0,44.7477970543667,450000.0,570000.0,4,10897.435897435897,True,False,False,0,1.0
MLC-2050896373,2.0,1,2,8,False,938.8,4396.3,0.0,0.0,0.0,0.0,0.0,0.0,0.0,0.0,0.0,0.0,0.0,69.0,69.0,1.0,120582.0,0.0,1.0,0.0,1.0,1.0,1.0,6748.0,4.0,2908.0,1351.0,5.75523405114186,650000.0,770582.0,3,13625.0,True,False,True,0,1.0
MLC-4168015106,2.0,1,2,7,True,975.0,975.0,5.0,5.0,2.0,2.0,1.0,2.0,3.0,0.0,2.0,4.0,0.0,60.0,60.0,1.0,110000.0,0.0,0.0,0.0,1.0,1.0,4.0,5492.0,1.0,2073.0,1418.0,100.0,800000.0,910000.0,2,11612.90322580645,True,False,False,0,1.0
MLC-2049095869,2.0,2,2,2,True,1653.0,4644.7,1.0,1.0,1.0,0.0,0.0,1.0,1.0,0.0,0.0,0.0,0.0,83.0,81.0,1.0,100000.0,1.0,1.0,0.0,1.0,1.0,6.0,6748.0,4.0,2908.0,1351.0,5.75523405114186,750000.0,850000.0,3,11590.90909090909,True,False,True,0,1.0246913580246915
MLC-2050884613,2.0,0,2,4,True,1120.7,1120.7,5.0,1.0,1.0,0.0,4.0,0.0,0.0,0.0,0.0,0.0,0.0,59.0,59.0,0.0,62000.0,1.0,0.0,0.0,0.0,1.0,9.0,5941.0,2.0,3137.0,1891.0,100.0,550000.0,612000.0,2,11132.075471698114,True,False,False,0,1.0
MLC-2049092209,2.0,1,2,2,True,1601.8,1601.8,5.0,1.0,0.0,2.0,0.0,5.0,1.0,0.0,0.0,1.0,0.0,54.0,54.0,0.0,80000.0,0.0,0.0,0.0,1.0,0.0,1.0,6691.0,4.0,2810.0,1764.0,100.0,720000.0,800000.0,4,13026.315789473685,True,False,False,1,1.0
MLC-2051009505,1.0,0,1,8,True,1558.4,1558.4,5.0,0.0,0.0,2.0,1.0,3.0,0.0,0.0,0.0,1.0,0.0,33.0,37.6,1.0,35000.0,0.0,0.0,0.0,1.0,0.0,8.0,6382.0,3.0,2472.0,1579.0,44.7477970543667,330000.0,365000.0,4,13043.478260869566,True,False,False,0,0.8776595744680851
MLC-4173018634,1.0,0,1,6,True,975.0,975.0,5.0,5.0,2.0,2.0,1.0,2.0,3.0,0.0,2.0,4.0,0.0,34.0,31.0,0.0,50000.0,0.0,0.0,0.0,1.0,1.0,9.0,5492.0,1.0,2073.0,1418.0,100.0,450000.0,500000.0,2,11612.90322580645,True,False,False,0,1.096774193548387
MLC-4247385448,1.0,1,1,2,True,1427.5,5410.4,1.0,0.0,1.0,0.0,0.0,1.0,0.0,0.0,0.0,0.0,0.0,44.0,44.0,0.0,80000.0,0.0,0.0,0.0,0.0,1.0,4.0,4433.0,3.0,20174.0,9883.0,82.4572189855629,480000.0,560000.0,4,10848.748473748474,True,False,True,0,1.0
MLC-2051010245,1.0,0,1,10,True,1683.3,1683.3,5.0,1.0,2.0,1.0,2.0,4.0,1.0,0.0,0.0,2.0,0.0,41.0,41.0,0.0,65000.0,0.0,0.0,0.0,1.0,1.0,8.0,6382.0,3.0,2472.0,1579.0,44.7477970543667,430000.0,495000.0,4,13579.19254658385,True,False,False,0,1.0
MLC-2084508965,2.0,1,2,16,True,5202.1,9356.2,0.0,0.0,0.0,0.0,0.0,0.0,0.0,0.0,0.0,0.0,0.0,57.0,57.0,1.0,90000.0,1.0,1.0,0.0,1.0,1.0,2.0,1859.0,2.0,27535.0,12357.0,68.1398650783455,450000.0,540000.0,0,10995.039682539682,True,False,True,0,1.0
MLC-2051544545,1.0,0,1,12,False,904.5,904.5,5.0,5.0,1.0,1.0,1.0,2.0,2.0,1.0,0.0,4.0,0.0,37.0,35.0,0.0,60000.0,0.0,0.0,0.0,1.0,0.0,13.0,6636.0,4.0,2317.0,1552.0,99.9999999999999,400000.0,460000.0,2,12242.021276595744,True,False,False,0,1.0571428571428572
MLC-2053111765,1.0,1,2,0,True,2367.0,5379.7,5.0,0.0,2.0,1.0,1.0,1.0,0.0,0.0,0.0,0.0,0.0,50.0,50.0,0.0,45000.0,0.0,0.0,0.0,0.0,0.0,15.0,6117.0,4.0,6313.0,3653.0,99.9999999999999,450000.0,495000.0,1,9058.71743486974,True,True,False,0,1.0
MLC-2053112079,2.0,0,2,6,False,1681.3,1681.3,1.0,0.0,3.0,0.0,0.0,0.0,0.0,0.0,0.0,0.0,0.0,59.7,58.3,0.0,0.0,0.0,0.0,0.0,0.0,1.0,2.0,4687.0,1.0,2156.0,1177.0,57.9263203269884,630000.0,630000.0,2,12400.0,True,False,False,0,1.0240137221269299
MLC-4120934622,1.0,0,1,0,True,1406.3,1406.3,5.0,2.0,4.0,2.0,1.0,4.0,1.0,0.0,0.0,2.0,0.0,34.0,32.0,0.0,50000.0,0.0,0.0,0.0,1.0,1.0,15.0,6382.0,3.0,2472.0,1579.0,44.7477970543667,420000.0,470000.0,4,12567.567567567568,True,False,False,0,1.0625
MLC-2053108107,1.0,1,3,5,True,4911.5,7694.6,5.0,0.0,0.0,0.0,2.0,0.0,0.0,0.0,0.0,0.0,0.0,52.0,50.0,0.0,70000.0,0.0,0.0,0.0,1.0,0.0,4.0,6378.0,4.0,5301.0,2786.0,54.753364524323,480000.0,550000.0,4,11400.0,False,True,False,0,1.04
MLC-2084194377,1.0,1,2,0,True,1762.2,1762.2,1.0,0.0,1.0,0.0,0.0,1.0,0.0,0.0,0.0,0.0,0.0,42.0,42.0,0.0,50000.0,1.0,0.0,0.0,1.0,0.0,1.0,5924.0,2.0,3532.0,1915.0,100.0,390000.0,440000.0,4,11638.082673702727,True,False,False,0,1.0
MLC-2053131853,2.0,1,2,4,True,1335.3,1335.3,5.0,2.0,2.0,1.0,1.0,2.0,0.0,0.0,1.0,2.0,0.0,57.0,54.0,0.0,130000.0,0.0,0.0,0.0,1.0,1.0,6.0,6382.0,3.0,2472.0,1579.0,44.7477970543667,580000.0,710000.0,4,11984.042553191488,True,False,False,0,1.0555555555555556
MLC-2053120125,2.0,1,3,4,True,4212.3,8484.8,5.0,0.0,2.0,0.0,0.0,0.0,0.0,0.0,0.0,0.0,0.0,62.0,58.0,0.0,0.0,0.0,0.0,0.0,1.0,0.0,3.0,6592.0,4.0,5079.0,2589.0,29.8628034168695,580000.0,580000.0,4,6906.906906906907,True,True,False,0,1.0689655172413792
MLC-2053126621,1.0,0,1,0,True,779.6,779.6,5.0,5.0,0.0,0.0,1.0,1.0,2.0,1.0,0.0,5.0,0.0,30.0,30.0,0.0,65000.0,0.0,0.0,0.0,1.0,1.0,1.0,6768.0,4.0,1656.0,1111.0,100.0,490000.0,555000.0,2,11826.388888888889,True,False,False,0,1.0
MLC-4075811158,2.0,0,2,10,True,876.1,876.1,5.0,5.0,1.0,1.0,1.0,2.0,2.0,0.0,0.0,3.0,0.0,55.0,55.0,0.0,70000.0,0.0,1.0,0.0,1.0,1.0,4.0,6636.0,4.0,2317.0,1552.0,99.9999999999999,590000.0,660000.0,2,12572.173215717723,True,False,False,1,1.0
MLC-2053125179,2.0,1,2,0,True,1665.7,1665.7,4.0,1.0,1.0,0.0,2.0,2.0,0.0,0.0,0.0,0.0,0.0,60.0,60.0,0.0,80000.0,0.0,0.0,0.0,1.0,1.0,4.0,5924.0,2.0,3532.0,1915.0,100.0,425000.0,505000.0,4,11649.122807017544,True,False,False,0,1.0
MLC-4170194292,1.0,1,1,30,True,804.0,804.0,5.0,5.0,0.0,0.0,1.0,1.0,3.0,2.0,0.0,5.0,0.0,48.0,52.0,1.0,58000.0,0.0,0.0,0.0,1.0,1.0,9.0,6768.0,4.0,1656.0,1111.0,100.0,480000.0,538000.0,2,11777.777777777777,True,False,False,0,0.9230769230769231
MLC-4173922526,1.0,0,1,9,True,825.4,825.4,5.0,4.0,2.0,1.0,1.0,2.0,1.0,1.0,0.0,0.0,0.0,38.0,36.0,1.0,60000.0,0.0,0.0,0.0,0.0,1.0,22.0,5492.0,1.0,2073.0,1418.0,100.0,420000.0,480000.0,2,12242.021276595744,True,False,False,0,1.0555555555555556
MLC-4188212248,1.0,0,0,5,True,1044.8,1044.8,5.0,0.0,2.0,0.0,4.0,1.0,0.0,0.0,0.0,0.0,0.0,31.0,30.0,0.0,40000.0,0.0,0.0,0.0,1.0,1.0,10.0,6279.0,3.0,2598.0,1648.0,100.0,390000.0,430000.0,2,11041.666666666666,True,False,False,0,1.0333333333333334
MLC-2053520201,2.0,1,3,5,True,5281.8,5281.8,5.0,1.0,0.0,0.0,1.0,0.0,0.0,0.0,0.0,0.0,0.0,59.8,74.9,0.0,67000.0,0.0,1.0,0.0,1.0,1.0,1.0,6684.0,4.0,6833.0,3079.0,90.5171296845883,600000.0,667000.0,4,10000.0,True,False,False,0,0.7983978638184245
MLC-4230664528,2.0,1,2,1,True,2993.1,2993.1,5.0,0.0,2.0,0.0,3.0,3.0,1.0,0.0,0.0,0.0,0.0,59.7,58.3,1.0,100000.0,1.0,1.0,0.0,1.0,1.0,9.0,5455.0,1.0,10400.0,5578.0,70.0075532601241,640000.0,740000.0,0,10666.666666666666,True,False,False,0,1.0240137221269299
MLC-4244617744,1.0,1,3,0,True,4319.3,4319.3,0.0,0.0,0.0,0.0,0.0,0.0,0.0,0.0,0.0,0.0,0.0,54.0,54.0,0.0,45000.0,0.0,0.0,0.0,1.0,0.0,4.0,5569.0,2.0,8881.0,4312.0,47.4765461690525,420000.0,465000.0,0,8611.111111111111,True,False,False,0,1.0
MLC-4000819584,2.0,2,2,2,True,2337.9,4967.7,0.0,0.0,0.0,0.0,0.0,0.0,0.0,0.0,0.0,0.0,0.0,94.0,84.0,1.0,130000.0,1.0,1.0,0.0,1.0,1.0,8.0,6748.0,4.0,2908.0,1351.0,5.75523405114186,930000.0,1060000.0,3,12142.857142857143,True,False,True,0,1.119047619047619
MLC-2046344079,1.0,0,1,4,True,783.9,783.9,5.0,5.0,0.0,0.0,1.0,1.0,2.0,2.0,0.0,5.0,0.0,47.0,47.0,1.0,60000.0,0.0,0.0,0.0,1.0,1.0,10.0,6768.0,4.0,1656.0,1111.0,100.0,465000.0,525000.0,2,11826.388888888889,True,False,False,0,1.0
MLC-2084194569,2.0,1,3,0,True,5655.6,5655.6,4.0,0.0,1.0,0.0,2.0,0.0,0.0,0.0,0.0,0.0,0.0,67.0,67.0,0.0,80000.0,0.0,0.0,0.0,1.0,1.0,2.0,6684.0,4.0,6833.0,3079.0,90.5171296845883,550000.0,630000.0,4,9538.461538461539,True,False,False,0,1.0
MLC-4014345306,1.0,1,2,1,False,6165.1,6613.9,2.0,0.0,0.0,0.0,0.0,0.0,0.0,0.0,0.0,0.0,0.0,55.0,55.0,0.0,55000.0,0.0,0.0,0.0,1.0,1.0,1.0,6682.0,4.0,4021.0,1996.0,65.5175717706704,550000.0,605000.0,1,12500.0,True,True,False,1,1.0
MLC-2053552983,2.0,1,3,7,True,4737.1,4737.1,0.0,0.0,0.0,0.0,0.0,0.0,0.0,0.0,0.0,0.0,0.0,66.0,63.0,0.0,55000.0,1.0,0.0,0.0,1.0,0.0,2.0,6409.0,4.0,6576.0,3080.0,94.3101149608368,550000.0,605000.0,0,8925.314465408805,True,False,False,0,1.0476190476190477
MLC-2055367333,1.0,1,1,10,True,1562.1,1562.1,5.0,1.0,3.0,0.0,1.0,2.0,0.0,0.0,0.0,0.0,0.0,38.0,38.0,1.0,38000.0,1.0,0.0,0.0,1.0,1.0,1.0,6691.0,4.0,2810.0,1764.0,100.0,440000.0,478000.0,4,12631.578947368422,True,False,False,0,1.0
MLC-4230685700,1.0,1,2,8,True,2553.2,5135.4,5.0,0.0,0.0,1.0,0.0,1.0,0.0,0.0,0.0,0.0,0.0,65.0,65.0,8.0,0.0,0.0,0.0,0.0,1.0,1.0,6.0,5933.0,4.0,1180.0,720.0,100.0,530000.0,530000.0,1,9883.333333333332,True,True,False,0,1.0
MLC-3914630302,3.0,2,3,5,True,2337.2,2337.2,5.0,0.0,2.0,0.0,0.0,1.0,1.0,0.0,0.0,1.0,0.0,161.0,120.0,0.0,170000.0,0.0,0.0,0.0,0.0,1.0,17.0,6741.0,4.0,1295.0,716.0,36.9900234018146,1500000.0,1670000.0,2,14222.67495357775,True,False,False,0,1.3416666666666666
MLC-4061312232,1.0,0,2,4,True,988.2,988.2,5.0,0.0,2.0,0.0,3.0,0.0,0.0,0.0,0.0,0.0,0.0,48.0,48.0,1.0,67000.0,0.0,0.0,0.0,1.0,1.0,1.0,5941.0,2.0,3137.0,1891.0,100.0,400000.0,467000.0,2,11252.613240418119,True,False,False,0,1.0
MLC-3967958424,1.0,0,1,12,True,975.0,975.0,5.0,5.0,2.0,2.0,1.0,2.0,3.0,0.0,2.0,4.0,0.0,35.0,35.0,0.0,60000.0,0.0,0.0,0.0,1.0,1.0,4.0,5492.0,1.0,2073.0,1418.0,100.0,380000.0,440000.0,2,11612.90322580645,True,False,False,0,1.0
MLC-3967959214,2.0,1,2,8,True,1033.7,5098.8,1.0,0.0,0.0,0.0,0.0,0.0,0.0,0.0,0.0,0.0,0.0,60.0,65.0,0.0,80000.0,1.0,1.0,0.0,1.0,1.0,2.0,4433.0,3.0,20174.0,9883.0,82.4572189855629,500000.0,580000.0,4,10477.272727272728,True,False,True,0,0.9230769230769231
MLC-3989427686,2.0,1,2,8,True,1335.8,1335.8,5.0,2.0,2.0,1.0,1.0,2.0,0.0,0.0,1.0,2.0,0.0,57.0,54.0,1.0,130000.0,0.0,0.0,0.0,1.0,1.0,6.0,6382.0,3.0,2472.0,1579.0,44.7477970543667,600000.0,730000.0,4,11968.085106382978,True,False,False,0,1.0555555555555556
MLC-3994370846,2.0,1,2,5,True,3117.2,4650.0,5.0,1.0,1.0,0.0,1.0,2.0,0.0,0.0,0.0,0.0,0.0,60.0,55.0,0.0,80000.0,1.0,0.0,0.0,1.0,1.0,11.0,5662.0,3.0,2569.0,1513.0,100.0,455000.0,535000.0,4,11015.625,True,True,False,0,1.0909090909090908
MLC-4000826342,2.0,1,3,17,True,515.2,515.2,5.0,5.0,5.0,3.0,3.0,3.0,5.0,1.0,0.0,5.0,0.0,76.0,75.0,0.0,95000.0,0.0,0.0,0.0,1.0,1.0,17.0,6636.0,4.0,2317.0,1552.0,99.9999999999999,750000.0,845000.0,2,13037.5,True,False,False,0,1.0133333333333334
MLC-4009569682,2.0,1,3,10,True,8352.8,3270.6,5.0,0.0,2.0,0.0,1.0,0.0,0.0,0.0,0.0,0.0,0.0,101.0,101.0,1.0,140000.0,1.0,1.0,0.0,1.0,1.0,18.0,6624.0,4.0,1277.0,600.0,16.149253186174,980000.0,1120000.0,1,11315.78947368421,True,True,False,0,1.0
MLC-4014306756,2.0,1,3,1,False,5168.0,5168.0,0.0,0.0,0.0,0.0,0.0,0.0,0.0,0.0,0.0,0.0,0.0,58.0,56.0,0.0,0.0,0.0,0.0,0.0,0.0,0.0,1.0,6409.0,4.0,6576.0,3080.0,94.3101149608368,560000.0,560000.0,0,9423.076923076924,True,False,False,0,1.0357142857142858
MLC-4014343128,1.0,0,1,1,True,1166.5,1166.5,5.0,3.0,1.0,1.0,0.0,0.0,1.0,0.0,1.0,2.0,0.0,50.0,50.0,0.0,100000.0,0.0,0.0,0.0,1.0,1.0,2.0,6382.0,3.0,2472.0,1579.0,44.7477970543667,460000.0,560000.0,4,11873.35092348285,True,False,False,0,1.0
MLC-4014343748,1.0,0,3,5,True,2324.4,9283.1,0.0,0.0,0.0,0.0,0.0,0.0,0.0,0.0,0.0,0.0,0.0,70.0,70.0,0.0,40000.0,0.0,0.0,0.0,1.0,0.0,2.0,5342.0,3.0,2386.0,1215.0,18.5074470416839,480000.0,520000.0,0,8790.909090909092,True,True,False,0,1.0
MLC-4014376542,1.0,0,1,6,True,751.5,751.5,5.0,5.0,1.0,1.0,1.0,1.0,2.0,1.0,0.0,5.0,0.0,39.0,39.0,1.0,60000.0,0.0,0.0,0.0,1.0,0.0,1.0,6768.0,4.0,1656.0,1111.0,100.0,480000.0,540000.0,2,11777.777777777777,True,False,False,0,1.0
MLC-4014381592,1.0,0,1,6,True,1256.0,1256.0,5.0,0.0,1.0,0.0,3.0,1.0,1.0,0.0,0.0,0.0,0.0,33.0,37.6,0.0,35000.0,0.0,0.0,0.0,0.0,1.0,13.0,6279.0,3.0,2598.0,1648.0,100.0,350000.0,385000.0,2,12333.333333333334,True,False,False,0,0.8776595744680851
MLC-4014383022,1.0,1,2,1,False,2744.5,2744.5,2.0,0.0,0.0,0.0,0.0,0.0,0.0,0.0,0.0,0.0,0.0,46.9,45.0,0.0,45000.0,0.0,0.0,0.0,0.0,0.0,4.0,5901.0,2.0,3835.0,2050.0,58.6173339550477,480000.0,525000.0,4,9911.111111111111,True,False,False,0,1.0422222222222222
MLC-4016767052,2.0,1,3,20,True,728.3,728.3,5.0,5.0,1.0,4.0,2.0,1.0,5.0,2.0,0.0,5.0,0.0,97.0,97.0,0.0,140000.0,0.0,0.0,0.0,1.0,1.0,1.0,6768.0,4.0,1656.0,1111.0,100.0,580000.0,720000.0,2,11918.16816816817,True,False,False,0,1.0
MLC-4044522226,3.0,2,4,0,True,1807.2,1807.2,5.0,1.0,1.0,0.0,0.0,1.0,2.0,0.0,0.0,2.0,0.0,114.0,114.0,1.0,110000.0,0.0,0.0,0.0,0.0,0.0,4.0,6741.0,4.0,1295.0,716.0,36.9900234018146,850000.0,960000.0,2,8828.82882882883,True,False,False,0,1.0
MLC-4016770246,1.0,0,2,6,True,1436.2,1436.2,5.0,2.0,3.0,1.0,1.0,2.0,1.0,0.0,1.0,2.0,0.0,45.0,43.0,0.0,85000.0,0.0,0.0,0.0,1.0,1.0,5.0,6382.0,3.0,2472.0,1579.0,44.7477970543667,500000.0,585000.0,4,12110.817941952508,True,False,False,0,1.0465116279069768
MLC-4016784044,2.0,1,3,16,True,472.3,4560.8,5.0,0.0,1.0,0.0,1.0,0.0,0.0,0.0,0.0,0.0,0.0,122.0,115.0,1.0,110000.0,1.0,0.0,0.0,1.0,1.0,2.0,4433.0,3.0,20174.0,9883.0,82.4572189855629,1000000.0,1110000.0,4,9596.774193548386,True,False,True,0,1.0608695652173914
MLC-4016846010,2.0,1,2,9,True,1033.7,5098.8,1.0,0.0,0.0,0.0,0.0,0.0,0.0,0.0,0.0,0.0,0.0,55.0,55.0,0.0,75000.0,0.0,0.0,0.0,1.0,1.0,1.0,4433.0,3.0,20174.0,9883.0,82.4572189855629,500000.0,575000.0,4,10477.272727272728,True,False,True,0,1.0
MLC-4016848116,2.0,1,3,6,True,5042.5,5042.5,4.0,1.0,0.0,0.0,1.0,0.0,0.0,0.0,0.0,0.0,0.0,70.0,70.0,1.0,0.0,0.0,0.0,0.0,1.0,1.0,1.0,6684.0,4.0,6833.0,3079.0,90.5171296845883,650000.0,650000.0,4,10454.545454545456,True,False,False,0,1.0
MLC-4045541560,2.0,1,2,4,False,3935.7,3935.7,0.0,0.0,0.0,0.0,0.0,0.0,0.0,0.0,0.0,0.0,0.0,75.0,61.0,1.0,130000.0,0.0,0.0,0.0,0.0,1.0,5.0,6684.0,4.0,6833.0,3079.0,90.5171296845883,700000.0,830000.0,4,12212.36559139785,True,False,False,0,1.2295081967213115
MLC-4018731996,1.0,1,1,4,True,1578.9,1578.9,5.0,1.0,0.0,1.0,1.0,3.0,0.0,0.0,0.0,1.0,0.0,40.0,40.0,1.0,66000.0,0.0,0.0,0.0,1.0,1.0,11.0,6382.0,3.0,2472.0,1579.0,44.7477970543667,430000.0,496000.0,4,13043.478260869566,True,False,False,0,1.0
MLC-4018734060,1.0,0,1,17,True,515.2,515.2,5.0,5.0,5.0,3.0,3.0,3.0,5.0,1.0,0.0,5.0,0.0,45.0,45.0,0.0,100000.0,0.0,0.0,0.0,1.0,1.0,1.0,6636.0,4.0,2317.0,1552.0,99.9999999999999,390000.0,490000.0,2,13037.5,True,False,False,0,1.0
MLC-4018743336,2.0,1,2,12,True,4448.6,8603.4,5.0,1.0,3.0,0.0,0.0,0.0,0.0,0.0,0.0,1.0,0.0,57.0,57.0,0.0,95000.0,1.0,0.0,0.0,1.0,1.0,5.0,1859.0,2.0,27535.0,12357.0,68.1398650783455,500000.0,595000.0,0,10818.181818181818,True,False,True,0,1.0
MLC-4020445628,1.0,0,1,10,True,619.2,619.2,5.0,5.0,2.0,5.0,1.0,1.0,5.0,2.0,0.0,5.0,0.0,40.0,38.0,0.0,45000.0,0.0,0.0,0.0,1.0,1.0,5.0,6768.0,4.0,1656.0,1111.0,100.0,410000.0,455000.0,2,11304.33273156506,True,False,False,0,1.0526315789473684
MLC-4020458466,1.0,0,1,8,False,1397.0,1397.0,5.0,1.0,1.0,2.0,0.0,1.0,0.0,0.0,0.0,1.0,0.0,42.0,40.0,0.0,60000.0,0.0,0.0,0.0,1.0,1.0,9.0,6691.0,4.0,2810.0,1764.0,100.0,400000.0,460000.0,4,12448.979591836734,True,False,False,0,1.05
MLC-4021085470,2.0,1,2,6,True,4321.9,4321.9,5.0,0.0,0.0,0.0,0.0,0.0,0.0,0.0,0.0,0.0,0.0,89.1,85.0,0.0,80000.0,0.0,0.0,0.0,1.0,1.0,1.0,6282.0,3.0,12506.0,6078.0,99.9999999999999,670000.0,750000.0,4,11189.18918918919,True,False,False,0,1.048235294117647
MLC-4021086774,2.0,1,2,6,False,1685.2,5572.7,5.0,0.0,2.0,0.0,3.0,2.0,0.0,0.0,0.0,0.0,0.0,72.0,63.0,1.0,80000.0,1.0,1.0,0.0,0.0,1.0,2.0,4433.0,3.0,20174.0,9883.0,82.4572189855629,600000.0,680000.0,4,11947.310642354674,True,False,True,0,1.1428571428571428
MLC-4021103016,1.0,0,1,16,True,634.5,634.5,5.0,0.0,3.0,2.0,1.0,2.0,2.0,1.0,0.0,3.0,1.0,30.0,37.6,0.0,40000.0,0.0,0.0,0.0,1.0,0.0,1.0,6318.0,3.0,1035.0,677.0,100.0,395000.0,435000.0,2,11250.0,True,False,False,0,0.7978723404255319
MLC-4234127032,1.0,0,1,0,False,1741.0,1741.0,1.0,1.0,1.0,0.0,1.0,1.0,0.0,0.0,0.0,0.0,0.0,33.1,37.9,0.0,80000.0,0.0,0.0,0.0,1.0,1.0,10.0,5924.0,2.0,3532.0,1915.0,100.0,350000.0,430000.0,4,11609.498680738787,True,False,False,0,0.8733509234828497
MLC-4021112726,2.0,0,2,2,False,1420.2,1420.2,0.0,0.0,0.0,0.0,0.0,0.0,0.0,0.0,0.0,0.0,0.0,59.8,58.2,0.0,70000.0,0.0,0.0,0.0,1.0,1.0,13.0,6691.0,4.0,2810.0,1764.0,100.0,540000.0,610000.0,4,12236.842105263158,True,False,False,0,1.0274914089347078
MLC-4021116806,1.0,0,1,4,True,4859.9,4859.9,5.0,1.0,0.0,0.0,2.0,0.0,0.0,0.0,0.0,0.0,0.0,41.0,34.0,0.0,90000.0,0.0,0.0,0.0,0.0,0.0,1.0,6282.0,3.0,12506.0,6078.0,99.9999999999999,390000.0,480000.0,4,11105.025773195875,True,False,False,0,1.2058823529411764
MLC-4023485458,1.0,0,1,0,True,856.0,856.0,5.0,4.0,1.0,0.0,0.0,1.0,2.0,1.0,0.0,0.0,0.0,30.0,37.6,0.0,30000.0,0.0,0.0,0.0,1.0,1.0,12.0,5492.0,1.0,2073.0,1418.0,100.0,440000.0,470000.0,2,12664.90765171504,True,False,False,0,0.7978723404255319
MLC-4234021016,1.0,0,1,10,True,705.2,705.2,5.0,0.0,4.0,1.0,2.0,1.0,2.0,0.0,0.0,3.0,1.0,40.0,36.0,0.0,45000.0,0.0,0.0,0.0,1.0,1.0,6.0,3967.0,1.0,2152.0,1148.0,50.505791961991,360000.0,405000.0,2,11345.646437994723,True,False,False,0,1.1111111111111112
MLC-4023557964,2.0,0,2,0,True,1047.3,1047.3,5.0,1.0,3.0,0.0,5.0,1.0,0.0,0.0,0.0,0.0,0.0,45.0,45.0,0.0,0.0,0.0,1.0,0.0,1.0,0.0,1.0,5941.0,2.0,3137.0,1891.0,100.0,400000.0,400000.0,2,11428.57142857143,True,False,False,0,1.0
MLC-4027764476,3.0,2,3,4,True,4648.9,4648.9,5.0,1.0,1.0,0.0,2.0,0.0,0.0,0.0,0.0,0.0,0.0,103.0,103.0,1.0,90000.0,1.0,0.0,0.0,1.0,1.0,1.0,6684.0,4.0,6833.0,3079.0,90.5171296845883,1000000.0,1090000.0,4,10875.454575784872,True,False,False,0,1.0
MLC-4027770560,2.0,1,2,6,True,1113.1,1113.1,5.0,3.0,1.0,0.0,0.0,0.0,2.0,0.0,0.0,4.0,0.0,60.0,60.0,0.0,85000.0,1.0,0.0,0.0,1.0,1.0,22.0,6382.0,3.0,2472.0,1579.0,44.7477970543667,620000.0,705000.0,4,11873.35092348285,True,False,False,0,1.0
MLC-4029197668,1.0,0,1,0,True,1536.1,1536.1,5.0,1.0,0.0,1.0,0.0,4.0,0.0,0.0,0.0,1.0,0.0,30.0,30.0,0.0,40000.0,0.0,0.0,0.0,1.0,1.0,16.0,6382.0,3.0,2472.0,1579.0,44.7477970543667,500000.0,540000.0,4,12714.285714285714,True,False,False,0,1.0
MLC-4029239292,1.0,1,1,7,True,1437.0,1437.0,5.0,1.0,1.0,2.0,0.0,1.0,0.0,0.0,0.0,1.0,0.0,40.0,40.0,1.0,0.0,0.0,0.0,0.0,1.0,1.0,1.0,6691.0,4.0,2810.0,1764.0,100.0,430000.0,430000.0,4,12400.0,True,False,False,0,1.0
MLC-4031342130,2.0,1,3,17,True,5270.7,9424.7,0.0,0.0,0.0,0.0,0.0,0.0,0.0,0.0,0.0,0.0,0.0,47.0,47.0,0.0,144000.0,1.0,1.0,0.0,0.0,1.0,6.0,1859.0,2.0,27535.0,12357.0,68.1398650783455,600000.0,744000.0,0,10620.192307692309,True,False,True,0,1.0
MLC-4032747566,2.0,1,3,9,True,2938.0,2938.0,5.0,0.0,1.0,0.0,2.0,3.0,1.0,0.0,0.0,0.0,0.0,69.0,69.0,0.0,100000.0,1.0,0.0,0.0,1.0,1.0,10.0,5455.0,1.0,10400.0,5578.0,70.0075532601241,550000.0,650000.0,0,10738.831615120274,True,False,False,0,1.0
MLC-4034189654,2.0,1,3,20,True,1293.6,1293.6,0.0,0.0,0.0,0.0,0.0,0.0,0.0,0.0,0.0,0.0,0.0,74.0,74.0,0.0,0.0,0.0,0.0,0.0,1.0,0.0,5.0,6691.0,4.0,2810.0,1764.0,100.0,730000.0,730000.0,4,12229.53216374269,True,False,False,0,1.0
MLC-4038759726,1.0,1,2,2,False,2721.7,4988.8,5.0,0.0,0.0,0.0,0.0,0.0,0.0,0.0,0.0,0.0,0.0,50.0,50.0,0.0,55000.0,0.0,1.0,0.0,0.0,1.0,2.0,5933.0,4.0,1180.0,720.0,100.0,450000.0,505000.0,1,9473.684210526315,True,True,False,0,1.0
MLC-4040582764,2.0,1,2,0,True,5415.1,9122.0,1.0,0.0,0.0,0.0,0.0,0.0,0.0,0.0,0.0,0.0,0.0,60.0,60.0,0.0,0.0,1.0,0.0,0.0,1.0,0.0,1.0,4426.0,2.0,23629.0,10635.0,64.8623594811321,500000.0,500000.0,0,8333.333333333334,True,False,True,1,1.0
MLC-4040593594,2.0,1,3,0,True,4697.7,8767.7,0.0,0.0,0.0,0.0,0.0,0.0,0.0,0.0,0.0,0.0,0.0,57.0,57.0,0.0,60000.0,0.0,0.0,0.0,1.0,0.0,5.0,1859.0,2.0,27535.0,12357.0,68.1398650783455,600000.0,660000.0,0,6923.076923076923,True,False,True,1,1.0
MLC-4042077804,1.0,1,2,8,True,4610.8,4610.8,2.0,0.0,0.0,0.0,0.0,0.0,1.0,0.0,0.0,0.0,0.0,61.0,55.0,0.0,50000.0,1.0,0.0,0.0,1.0,0.0,1.0,6409.0,4.0,6576.0,3080.0,94.3101149608368,410000.0,460000.0,0,9433.962264150943,True,False,False,0,1.1090909090909091
MLC-4042079962,2.0,1,2,5,True,4660.8,8785.2,0.0,0.0,0.0,0.0,0.0,0.0,0.0,0.0,0.0,0.0,0.0,55.0,55.0,0.0,0.0,0.0,0.0,0.0,1.0,0.0,5.0,1859.0,2.0,27535.0,12357.0,68.1398650783455,450000.0,450000.0,0,6394.2798774259445,True,False,True,0,1.0
MLC-4042092222,1.0,1,2,3,False,735.4,735.4,5.0,2.0,3.0,0.0,0.0,1.0,1.0,1.0,0.0,0.0,0.0,50.0,50.0,0.0,70000.0,0.0,0.0,0.0,1.0,1.0,1.0,6178.0,3.0,2620.0,1658.0,100.0,550000.0,620000.0,2,12500.0,True,False,False,0,1.0
MLC-4042597810,2.0,1,3,4,True,4884.8,8890.3,0.0,0.0,0.0,0.0,0.0,0.0,0.0,1.0,0.0,0.0,0.0,60.0,60.0,0.0,60000.0,1.0,0.0,0.0,1.0,0.0,5.0,1859.0,2.0,27535.0,12357.0,68.1398650783455,560000.0,620000.0,0,9100.0,True,False,True,0,1.0
MLC-4042621358,1.0,0,0,9,False,2981.6,2981.6,5.0,0.0,2.0,0.0,5.0,3.0,1.0,0.0,0.0,0.0,0.0,33.5,36.8,1.0,40000.0,0.0,0.0,0.0,0.0,0.0,5.0,5455.0,1.0,10400.0,5578.0,70.0075532601241,360000.0,400000.0,0,10666.666666666666,True,False,False,0,0.9103260869565218
MLC-4044408892,1.0,1,2,1,True,375.2,375.2,5.0,1.0,5.0,5.0,1.0,5.0,5.0,1.0,0.0,4.0,0.0,48.3,52.4,1.0,50000.0,1.0,0.0,0.0,1.0,1.0,17.0,5332.0,1.0,4499.0,2404.0,100.0,600000.0,650000.0,2,12178.387650085764,True,False,False,0,0.9217557251908397
MLC-4087916496,1.0,0,1,17,True,1120.5,1120.5,5.0,1.0,2.0,0.0,4.0,0.0,1.0,0.0,0.0,0.0,0.0,30.0,30.0,0.0,30000.0,0.0,0.0,0.0,1.0,1.0,3.0,6178.0,3.0,2620.0,1658.0,100.0,340000.0,370000.0,2,11404.761904761905,True,False,False,0,1.0
MLC-4044513150,2.0,1,3,9,True,2938.0,2938.0,5.0,0.0,1.0,0.0,2.0,3.0,1.0,0.0,0.0,0.0,0.0,69.8,69.0,1.0,0.0,0.0,0.0,0.0,0.0,1.0,1.0,5455.0,1.0,10400.0,5578.0,70.0075532601241,670000.0,670000.0,0,10738.831615120274,True,False,False,0,1.0115942028985507
MLC-4170350224,1.0,2,2,6,True,6102.8,6711.2,0.0,0.0,0.0,0.0,0.0,0.0,0.0,0.0,0.0,0.0,0.0,49.0,49.0,0.0,0.0,0.0,0.0,0.0,1.0,1.0,1.0,6682.0,4.0,4021.0,1996.0,65.5175717706704,590000.0,590000.0,1,12500.0,True,True,False,0,1.0
MLC-4044523926,2.0,1,2,2,False,781.3,4196.3,5.0,0.0,0.0,0.0,0.0,1.0,3.0,0.0,1.0,0.0,0.0,70.0,70.0,1.0,95000.0,1.0,1.0,0.0,1.0,1.0,4.0,5879.0,4.0,12234.0,5977.0,80.4354882614475,750000.0,845000.0,3,11995.692242114237,True,False,True,0,1.0
MLC-4044526924,2.0,1,2,8,True,8370.3,3253.5,5.0,0.0,2.0,0.0,1.0,0.0,0.0,0.0,0.0,0.0,0.0,76.0,76.0,0.0,160000.0,0.0,1.0,0.0,1.0,1.0,8.0,6624.0,4.0,1277.0,600.0,16.149253186174,700000.0,860000.0,1,11315.78947368421,True,True,False,0,1.0
MLC-4045092010,2.0,0,2,6,True,966.7,966.7,5.0,1.0,0.0,0.0,1.0,1.0,2.0,1.0,0.0,1.0,0.0,63.0,60.0,0.0,95000.0,1.0,1.0,0.0,1.0,1.0,22.0,6768.0,4.0,1656.0,1111.0,100.0,800000.0,895000.0,2,12385.521885521885,True,False,False,1,1.05
MLC-4045532004,1.0,0,3,60,False,383.3,383.3,5.0,5.0,3.0,3.0,1.0,4.0,5.0,2.0,0.0,3.0,0.0,70.0,66.0,0.0,130000.0,0.0,0.0,0.0,0.0,0.0,4.0,3511.0,1.0,1254.0,785.0,100.0,540000.0,670000.0,2,11115.384615384615,True,False,False,0,1.0606060606060606
MLC-4045550956,2.0,1,2,3,True,856.0,856.0,5.0,4.0,1.0,0.0,0.0,1.0,2.0,1.0,0.0,0.0,0.0,59.0,56.0,0.0,95000.0,1.0,1.0,0.0,1.0,1.0,8.0,5492.0,1.0,2073.0,1418.0,100.0,650000.0,745000.0,2,12500.0,True,False,False,0,1.0535714285714286
MLC-4045554372,1.0,0,1,0,True,973.8,973.8,5.0,5.0,1.0,2.0,1.0,2.0,2.0,0.0,1.0,2.0,0.0,45.0,45.0,0.0,64000.0,1.0,0.0,0.0,1.0,1.0,1.0,6636.0,4.0,2317.0,1552.0,99.9999999999999,420000.0,484000.0,2,12185.622859709201,True,False,False,0,1.0
MLC-4045558634,1.0,0,1,0,True,698.9,698.9,5.0,1.0,4.0,0.0,0.0,2.0,2.0,1.0,0.0,0.0,0.0,33.0,37.6,0.0,80000.0,0.0,0.0,0.0,1.0,1.0,2.0,4644.0,1.0,2739.0,1645.0,100.0,400000.0,480000.0,2,12234.04255319149,True,False,False,0,0.8776595744680851
MLC-4045559452,1.0,1,3,9,True,2991.7,2991.7,5.0,0.0,2.0,0.0,2.0,3.0,1.0,0.0,0.0,0.0,0.0,75.0,75.0,0.0,58000.0,0.0,0.0,0.0,1.0,1.0,3.0,5455.0,1.0,10400.0,5578.0,70.0075532601241,500000.0,558000.0,0,10924.299952539155,True,False,False,0,1.0
MLC-4045571650,1.0,1,2,1,True,3240.9,3240.9,5.0,0.0,2.0,0.0,4.0,2.0,1.0,0.0,0.0,0.0,0.0,56.0,53.0,1.0,80000.0,0.0,0.0,0.0,0.0,0.0,11.0,6571.0,4.0,1072.0,625.0,89.9626305483346,500000.0,580000.0,0,11042.825721309355,True,False,False,0,1.0566037735849056
MLC-4047531968,2.0,1,2,1,False,3120.3,9515.2,5.0,0.0,3.0,0.0,4.0,2.0,0.0,0.0,0.0,0.0,0.0,57.8,56.0,0.0,0.0,0.0,0.0,0.0,0.0,0.0,5.0,6314.0,4.0,833.0,469.0,100.0,530000.0,530000.0,4,11400.0,False,True,False,0,1.032142857142857
MLC-4047161288,2.0,1,3,0,True,4556.3,4556.3,2.0,0.0,0.0,0.0,0.0,0.0,0.0,0.0,0.0,0.0,0.0,59.8,74.9,0.0,0.0,0.0,0.0,0.0,1.0,1.0,1.0,6282.0,3.0,12506.0,6078.0,99.9999999999999,650000.0,650000.0,4,10896.692439862542,True,False,False,0,0.7983978638184245
MLC-4047162096,1.0,0,1,60,False,153.5,153.5,5.0,0.0,1.0,5.0,1.0,5.0,5.0,3.0,0.0,2.0,0.0,40.0,40.0,0.0,60000.0,0.0,0.0,0.0,1.0,0.0,7.0,3511.0,1.0,1254.0,785.0,100.0,430000.0,490000.0,2,11048.387096774193,True,False,False,0,1.0
MLC-4047166818,1.0,0,1,0,True,688.4,3808.6,5.0,0.0,1.0,0.0,2.0,1.0,3.0,0.0,0.0,0.0,0.0,35.0,35.0,1.0,0.0,0.0,0.0,0.0,1.0,1.0,2.0,5879.0,4.0,12234.0,5977.0,80.4354882614475,400000.0,400000.0,0,11368.13186813187,True,False,True,0,1.0
MLC-4047518622,1.0,1,1,26,False,2004.1,2004.1,5.0,1.0,3.0,1.0,0.0,0.0,0.0,0.0,0.0,0.0,0.0,40.0,37.0,1.0,55000.0,0.0,0.0,0.0,1.0,0.0,2.0,5666.0,2.0,2051.0,1108.0,100.0,450000.0,505000.0,4,11326.530612244898,True,False,False,0,1.0810810810810811
MLC-4047530460,1.0,1,2,30,True,466.7,466.7,5.0,4.0,3.0,3.0,1.0,4.0,5.0,2.0,0.0,3.0,0.0,57.0,54.0,0.0,90000.0,0.0,0.0,0.0,1.0,1.0,15.0,3511.0,1.0,1254.0,785.0,100.0,550000.0,640000.0,2,11296.296296296296,True,False,False,0,1.0555555555555556
MLC-4047532952,1.0,1,2,0,True,2744.4,2744.4,2.0,0.0,0.0,0.0,0.0,0.0,0.0,0.0,0.0,0.0,0.0,52.0,52.0,0.0,0.0,1.0,1.0,0.0,1.0,0.0,5.0,5901.0,2.0,3835.0,2050.0,58.6173339550477,420000.0,420000.0,4,10121.951219512195,True,False,False,0,1.0
MLC-4047669122,2.0,1,3,0,True,4825.0,4825.0,0.0,0.0,0.0,0.0,0.0,0.0,0.0,0.0,0.0,0.0,0.0,58.0,60.0,0.0,70000.0,0.0,0.0,0.0,1.0,0.0,3.0,6746.0,4.0,1359.0,578.0,0.79120010960881,550000.0,620000.0,0,10000.0,True,False,False,0,0.9666666666666667
MLC-4235162278,2.0,1,2,3,False,4406.4,4406.4,5.0,1.0,1.0,0.0,1.0,0.0,0.0,0.0,0.0,0.0,0.0,56.7,55.0,1.0,63000.0,0.0,1.0,0.0,1.0,1.0,1.0,6282.0,3.0,12506.0,6078.0,99.9999999999999,750000.0,813000.0,4,10582.52427184466,True,False,False,0,1.030909090909091
MLC-4047671068,1.0,0,1,2,True,895.7,895.7,5.0,0.0,2.0,0.0,4.0,0.0,0.0,0.0,0.0,0.0,0.0,37.0,37.0,0.0,45000.0,0.0,0.0,0.0,1.0,1.0,17.0,5752.0,2.0,3137.0,1789.0,100.0,550000.0,595000.0,2,11525.738892151105,True,False,False,0,1.0
MLC-4047673638,2.0,1,2,11,True,1916.4,5455.1,0.0,0.0,0.0,0.0,0.0,0.0,0.0,0.0,0.0,0.0,0.0,70.0,67.0,0.0,170000.0,0.0,0.0,0.0,1.0,1.0,1.0,6748.0,4.0,2908.0,1351.0,5.75523405114186,650000.0,820000.0,3,12238.805970149253,True,False,True,0,1.044776119402985
MLC-4050105762,1.0,1,1,0,True,1258.0,1258.0,5.0,2.0,1.0,0.0,1.0,0.0,0.0,0.0,0.0,2.0,0.0,37.0,35.0,1.0,95000.0,0.0,0.0,0.0,1.0,1.0,1.0,6382.0,3.0,2472.0,1579.0,44.7477970543667,380000.0,475000.0,4,12159.512343358396,True,False,False,0,1.0571428571428572
MLC-4050109940,1.0,0,1,8,True,1694.4,1694.4,5.0,1.0,4.0,0.0,0.0,5.0,0.0,0.0,0.0,0.0,0.0,36.0,36.0,0.0,50000.0,0.0,0.0,0.0,0.0,0.0,1.0,6691.0,4.0,2810.0,1764.0,100.0,430000.0,480000.0,4,13064.516129032258,True,False,False,0,1.0
MLC-4050153472,1.0,1,1,0,True,723.7,723.7,5.0,5.0,5.0,3.0,2.0,1.0,5.0,0.0,0.0,3.0,0.0,33.0,37.6,1.0,60000.0,0.0,0.0,0.0,1.0,1.0,5.0,6636.0,4.0,2317.0,1552.0,99.9999999999999,550000.0,610000.0,2,12680.424528301886,True,False,False,0,0.8776595744680851
MLC-2087346571,2.0,1,2,18,True,7071.7,10870.6,0.0,0.0,0.0,0.0,0.0,0.0,0.0,0.0,0.0,0.0,0.0,69.0,69.0,1.0,80000.0,1.0,1.0,0.0,1.0,1.0,3.0,4426.0,2.0,23629.0,10635.0,64.8623594811321,571827.06,651827.06,0,10476.190476190477,True,False,True,0,1.0
MLC-4050396206,2.0,1,2,6,True,6147.0,6725.8,2.0,0.0,0.0,0.0,0.0,0.0,0.0,0.0,0.0,0.0,0.0,56.8,53.4,0.0,60000.0,0.0,1.0,0.0,0.0,0.0,1.0,6682.0,4.0,4021.0,1996.0,65.5175717706704,650000.0,710000.0,1,12240.350877192983,True,True,False,0,1.0636704119850187
MLC-4054605112,2.0,1,2,12,True,4448.6,8603.4,5.0,1.0,3.0,0.0,0.0,0.0,0.0,0.0,0.0,1.0,0.0,57.0,55.0,0.0,95000.0,0.0,0.0,0.0,1.0,1.0,5.0,1859.0,2.0,27535.0,12357.0,68.1398650783455,500000.0,595000.0,0,10438.59649122807,True,False,True,0,1.0363636363636364
MLC-4050397406,2.0,1,2,0,True,948.9,948.9,5.0,1.0,3.0,0.0,1.0,1.0,2.0,0.0,0.0,0.0,0.0,56.0,53.0,1.0,40000.0,0.0,0.0,0.0,1.0,0.0,1.0,6178.0,3.0,2620.0,1658.0,100.0,550000.0,590000.0,2,12450.0,True,False,False,0,1.0566037735849056
MLC-4051078236,2.0,1,2,5,True,1536.1,1536.1,5.0,1.0,0.0,1.0,0.0,4.0,0.0,0.0,0.0,1.0,0.0,49.1,47.0,1.0,120000.0,0.0,0.0,0.0,1.0,1.0,14.0,6382.0,3.0,2472.0,1579.0,44.7477970543667,625000.0,745000.0,4,12714.285714285714,True,False,False,0,1.04468085106383
MLC-4051080286,2.0,1,2,0,True,1362.0,1362.0,5.0,2.0,2.0,1.0,1.0,2.0,1.0,0.0,2.0,2.0,0.0,64.0,64.0,0.0,180000.0,0.0,0.0,0.0,1.0,0.0,8.0,6382.0,3.0,2472.0,1579.0,44.7477970543667,500000.0,680000.0,4,11818.181818181818,True,False,False,0,1.0
MLC-4051087034,1.0,1,1,0,False,2792.9,6931.4,4.0,0.0,0.0,0.0,0.0,0.0,0.0,0.0,0.0,0.0,0.0,45.0,43.0,0.0,35000.0,0.0,0.0,0.0,1.0,0.0,1.0,5385.0,3.0,323.0,156.0,19.0571301445678,480000.0,515000.0,2,10849.056603773584,True,False,True,0,1.0465116279069768
MLC-4051088088,3.0,1,3,0,False,1477.6,1477.6,0.0,0.0,0.0,0.0,0.0,0.0,0.0,0.0,0.0,0.0,0.0,109.0,107.0,1.0,200000.0,0.0,0.0,0.0,1.0,1.0,7.0,6382.0,3.0,2472.0,1579.0,44.7477970543667,1100000.0,1300000.0,4,11711.711711711712,True,False,False,0,1.0186915887850467
MLC-4051088090,2.0,2,3,0,False,1029.8,5009.0,5.0,0.0,3.0,0.0,1.0,3.0,0.0,0.0,0.0,0.0,0.0,119.0,119.0,1.0,140000.0,0.0,0.0,0.0,1.0,1.0,1.0,4433.0,3.0,20174.0,9883.0,82.4572189855629,1100000.0,1240000.0,4,10454.545454545454,True,False,True,0,1.0
MLC-4051095858,1.0,0,3,67,True,96.9,96.9,5.0,1.0,2.0,5.0,1.0,5.0,5.0,1.0,0.0,5.0,0.0,132.0,132.0,0.0,50000.0,0.0,0.0,0.0,0.0,0.0,3.0,6318.0,3.0,1035.0,677.0,100.0,700000.0,750000.0,2,12404.580152671757,True,False,False,0,1.0
MLC-4051121372,1.0,0,1,0,True,924.6,924.6,5.0,5.0,2.0,1.0,1.0,2.0,2.0,0.0,0.0,2.0,0.0,33.0,37.6,0.0,60000.0,0.0,0.0,0.0,1.0,1.0,6.0,6636.0,4.0,2317.0,1552.0,99.9999999999999,400000.0,460000.0,2,12753.289705882353,True,False,False,0,0.8776595744680851
MLC-4054597082,2.0,1,3,11,True,2018.0,4841.2,0.0,0.0,0.0,0.0,0.0,1.0,1.0,0.0,0.0,0.0,0.0,74.0,82.3,0.0,110000.0,1.0,1.0,0.0,1.0,1.0,5.0,6748.0,4.0,2908.0,1351.0,5.75523405114186,630000.0,740000.0,3,11473.069435431538,True,False,True,0,0.8991494532199271
MLC-4054602120,2.0,1,2,9,True,782.1,782.1,5.0,5.0,3.0,2.0,2.0,3.0,5.0,1.0,0.0,5.0,0.0,62.0,59.0,0.0,0.0,0.0,0.0,0.0,1.0,1.0,13.0,5492.0,1.0,2073.0,1418.0,100.0,650000.0,650000.0,2,12250.0,True,False,False,0,1.0508474576271187
MLC-4054605122,2.0,1,3,8,True,863.6,4822.9,2.0,0.0,1.0,0.0,1.0,1.0,0.0,0.0,0.0,0.0,0.0,115.0,105.0,1.0,100000.0,1.0,1.0,0.0,1.0,1.0,1.0,4433.0,3.0,20174.0,9883.0,82.4572189855629,900000.0,1000000.0,4,10420.16806722689,True,False,True,0,1.0952380952380953
MLC-4054615038,1.0,0,1,0,True,973.8,973.8,5.0,5.0,1.0,2.0,1.0,2.0,2.0,0.0,1.0,2.0,0.0,42.0,40.0,0.0,60000.0,0.0,0.0,0.0,0.0,0.0,1.0,6636.0,4.0,2317.0,1552.0,99.9999999999999,500000.0,560000.0,2,12115.113211020434,True,False,False,0,1.05
MLC-4054615296,1.0,0,1,0,True,548.5,548.5,0.0,0.0,0.0,0.0,0.0,0.0,0.0,0.0,0.0,0.0,0.0,35.0,35.0,0.0,40000.0,0.0,0.0,0.0,1.0,0.0,1.0,6636.0,4.0,2317.0,1552.0,99.9999999999999,400000.0,440000.0,2,12972.222222222223,True,False,False,0,1.0
MLC-4054619478,1.0,0,1,26,True,584.9,584.9,5.0,0.0,4.0,0.0,0.0,5.0,1.0,0.0,0.0,0.0,0.0,40.0,38.0,0.0,0.0,0.0,0.0,0.0,1.0,0.0,1.0,4644.0,1.0,2739.0,1645.0,100.0,450000.0,450000.0,2,11071.77033492823,True,False,False,0,1.0526315789473684
MLC-4054787748,2.0,1,3,2,True,2392.6,3234.8,2.0,0.0,0.0,0.0,0.0,0.0,0.0,0.0,0.0,0.0,0.0,103.0,103.0,1.0,100000.0,1.0,1.0,0.0,1.0,1.0,2.0,6748.0,4.0,2908.0,1351.0,5.75523405114186,1000000.0,1100000.0,3,12500.0,True,False,True,0,1.0
MLC-4058631544,1.0,1,1,0,True,973.8,973.8,5.0,5.0,1.0,2.0,1.0,2.0,2.0,0.0,1.0,2.0,0.0,43.0,43.0,1.0,60000.0,0.0,1.0,0.0,1.0,1.0,1.0,6636.0,4.0,2317.0,1552.0,99.9999999999999,460000.0,520000.0,2,12185.622859709201,True,False,False,0,1.0
MLC-4058469036,1.0,1,2,0,True,5008.6,5008.6,3.0,0.0,0.0,0.0,1.0,0.0,0.0,0.0,0.0,0.0,0.0,50.0,50.0,0.0,50000.0,0.0,0.0,0.0,0.0,0.0,3.0,6409.0,4.0,6576.0,3080.0,94.3101149608368,450000.0,500000.0,0,9423.076923076924,True,False,False,0,1.0
MLC-2057052533,2.0,1,3,1,True,5167.9,5167.9,0.0,0.0,0.0,0.0,0.0,0.0,0.0,0.0,0.0,0.0,0.0,63.0,60.0,0.0,40000.0,0.0,0.0,0.0,1.0,0.0,4.0,6409.0,4.0,6576.0,3080.0,94.3101149608368,510000.0,550000.0,0,9523.809523809523,True,False,False,0,1.05
MLC-4058477066,1.0,0,1,3,True,2140.6,2140.6,5.0,0.0,1.0,0.0,2.0,0.0,0.0,0.0,0.0,0.0,0.0,31.0,31.0,0.0,48000.0,0.0,0.0,0.0,1.0,1.0,17.0,6019.0,3.0,4332.0,2303.0,55.0392235701766,360000.0,408000.0,4,11280.491796839198,True,False,False,0,1.0
MLC-4058539096,1.0,0,1,15,True,1686.9,1686.9,0.0,0.0,0.0,0.0,0.0,0.0,0.0,0.0,0.0,0.0,0.0,33.0,33.0,0.0,35000.0,0.0,0.0,0.0,1.0,1.0,7.0,5924.0,2.0,3532.0,1915.0,100.0,350000.0,385000.0,4,11620.538814053605,True,False,False,0,1.0
MLC-4058632632,2.0,1,2,26,False,652.1,652.1,5.0,5.0,2.0,5.0,1.0,1.0,5.0,2.0,0.0,5.0,0.0,60.0,55.0,0.0,126000.0,0.0,0.0,0.0,1.0,1.0,2.0,6768.0,4.0,1656.0,1111.0,100.0,480000.0,606000.0,2,11777.777777777777,True,False,False,0,1.0909090909090908
MLC-4058694562,1.0,1,1,1,True,2823.6,6960.6,4.0,0.0,0.0,0.0,0.0,0.0,0.0,0.0,0.0,0.0,0.0,45.0,43.0,1.0,50000.0,1.0,0.0,0.0,1.0,1.0,1.0,5385.0,3.0,323.0,156.0,19.0571301445678,410000.0,460000.0,2,11857.142857142857,True,False,True,0,1.0465116279069768
MLC-4060627398,1.0,1,1,17,True,515.2,515.2,5.0,5.0,5.0,3.0,3.0,3.0,5.0,1.0,0.0,5.0,0.0,40.0,40.0,1.0,70000.0,1.0,1.0,0.0,1.0,1.0,1.0,6636.0,4.0,2317.0,1552.0,99.9999999999999,400000.0,470000.0,2,13037.5,True,False,False,0,1.0
MLC-4060628326,2.0,1,2,16,True,1060.2,5035.9,2.0,0.0,0.0,0.0,0.0,1.0,0.0,0.0,0.0,0.0,0.0,56.0,50.0,0.0,75000.0,1.0,1.0,0.0,0.0,1.0,5.0,4433.0,3.0,20174.0,9883.0,82.4572189855629,529922.38,604922.38,4,10454.545454545454,True,False,True,0,1.12
MLC-4060640394,2.0,1,2,1,True,1294.9,1294.9,5.0,2.0,1.0,1.0,0.0,0.0,0.0,0.0,0.0,2.0,0.0,57.0,57.0,0.0,90000.0,0.0,0.0,0.0,1.0,1.0,8.0,6382.0,3.0,2472.0,1579.0,44.7477970543667,630000.0,720000.0,4,12333.333333333334,True,False,False,0,1.0
MLC-4061331388,1.0,1,3,14,False,3350.7,15496.5,0.0,0.0,0.0,0.0,0.0,0.0,0.0,0.0,0.0,0.0,0.0,56.0,55.0,0.0,0.0,0.0,0.0,0.0,0.0,0.0,4.0,4518.0,1.0,11941.0,6059.0,32.2781565208539,390000.0,390000.0,4,7090.909090909091,True,True,False,1,1.018181818181818
MLC-4060645996,1.0,0,1,2,True,1373.8,1373.8,5.0,1.0,2.0,0.0,1.0,2.0,0.0,0.0,0.0,0.0,0.0,38.0,35.0,0.0,35000.0,0.0,0.0,0.0,1.0,1.0,9.0,6691.0,4.0,2810.0,1764.0,100.0,430000.0,465000.0,4,12071.428571428572,True,False,False,0,1.0857142857142856
MLC-4060666954,2.0,1,3,2,True,716.1,716.1,5.0,5.0,5.0,3.0,3.0,3.0,5.0,2.0,0.0,5.0,0.0,85.0,85.0,0.0,100000.0,0.0,0.0,0.0,1.0,1.0,16.0,6636.0,4.0,2317.0,1552.0,99.9999999999999,800000.0,900000.0,2,12550.256208119827,True,False,False,0,1.0
MLC-4060669168,1.0,0,1,0,True,698.9,698.9,5.0,1.0,4.0,0.0,0.0,2.0,2.0,1.0,0.0,0.0,0.0,35.0,35.0,0.0,0.0,0.0,0.0,0.0,1.0,1.0,18.0,4644.0,1.0,2739.0,1645.0,100.0,450000.0,450000.0,2,12234.04255319149,True,False,False,0,1.0
MLC-4061305214,1.0,1,1,0,False,1543.4,1543.4,5.0,0.0,0.0,0.0,2.0,0.0,0.0,0.0,0.0,0.0,0.0,30.0,30.0,0.0,35000.0,1.0,0.0,0.0,1.0,0.0,1.0,5752.0,2.0,3137.0,1789.0,100.0,350000.0,385000.0,1,9600.0,True,False,False,0,1.0
MLC-4061305892,2.0,1,2,26,False,443.2,443.2,5.0,1.0,3.0,4.0,1.0,3.0,5.0,2.0,0.0,4.0,0.0,90.0,85.0,0.0,20000.0,0.0,0.0,0.0,0.0,0.0,3.0,6318.0,3.0,1035.0,677.0,100.0,500000.0,520000.0,2,12092.6243567753,True,False,False,0,1.0588235294117647
MLC-4060670928,2.0,0,2,2,False,793.5,793.5,5.0,5.0,1.0,1.0,1.0,2.0,1.0,1.0,0.0,4.0,0.0,55.0,55.0,0.0,50000.0,0.0,0.0,0.0,0.0,0.0,1.0,6636.0,4.0,2317.0,1552.0,99.9999999999999,590000.0,640000.0,2,12625.0,True,False,False,0,1.0
MLC-4061307526,2.0,1,2,7,True,407.0,3845.6,5.0,0.0,1.0,0.0,2.0,1.0,2.0,0.0,0.0,0.0,1.0,60.0,60.0,1.0,80000.0,1.0,0.0,0.0,1.0,1.0,1.0,5879.0,4.0,12234.0,5977.0,80.4354882614475,500000.0,580000.0,0,11875.0,True,False,True,0,1.0
MLC-4061315634,2.0,1,2,9,True,1600.1,3013.4,4.0,0.0,0.0,0.0,0.0,0.0,0.0,0.0,0.0,0.0,0.0,50.0,50.0,0.0,90000.0,0.0,0.0,0.0,1.0,0.0,1.0,5879.0,4.0,12234.0,5977.0,80.4354882614475,650000.0,740000.0,0,10166.666666666666,True,False,True,1,1.0
MLC-2018133037,2.0,1,3,1,True,4174.0,8453.8,5.0,1.0,1.0,0.0,2.0,0.0,0.0,0.0,0.0,0.0,0.0,66.0,66.0,0.0,50000.0,0.0,0.0,0.0,1.0,0.0,1.0,6358.0,4.0,4448.0,2458.0,54.2005929673536,510000.0,560000.0,4,9090.90909090909,True,True,False,0,1.0
MLC-4061329886,1.0,1,1,1,True,1675.2,1675.2,4.0,1.0,5.0,2.0,1.0,5.0,1.0,0.0,0.0,1.0,0.0,40.0,40.0,1.0,40000.0,0.0,0.0,0.0,1.0,1.0,13.0,6691.0,4.0,2810.0,1764.0,100.0,490000.0,530000.0,4,13043.478260869566,True,False,False,0,1.0
MLC-4061330734,1.0,0,2,3,True,705.0,705.0,5.0,5.0,2.0,2.0,0.0,2.0,2.0,0.0,0.0,3.0,0.0,50.0,50.0,0.0,70000.0,0.0,0.0,0.0,1.0,1.0,2.0,6636.0,4.0,2317.0,1552.0,99.9999999999999,450000.0,520000.0,2,12754.19587334934,True,False,False,0,1.0
MLC-4061335548,1.0,0,2,3,True,783.9,783.9,5.0,5.0,0.0,0.0,1.0,1.0,2.0,2.0,0.0,5.0,0.0,63.0,56.0,0.0,80000.0,0.0,0.0,0.0,1.0,1.0,16.0,6768.0,4.0,1656.0,1111.0,100.0,650000.0,730000.0,2,11777.777777777777,True,False,False,1,1.125
MLC-4063569280,1.0,0,1,0,False,792.5,792.5,5.0,5.0,0.0,0.0,1.0,1.0,2.0,2.0,0.0,5.0,0.0,33.0,37.6,0.0,55000.0,0.0,0.0,0.0,1.0,1.0,4.0,6768.0,4.0,1656.0,1111.0,100.0,380000.0,435000.0,2,11891.891891891892,True,False,False,1,0.8776595744680851
MLC-4063695074,1.0,1,2,2,True,747.5,747.5,4.0,3.0,3.0,0.0,1.0,0.0,0.0,0.0,0.0,0.0,0.0,55.0,55.0,1.0,95000.0,0.0,0.0,0.0,1.0,1.0,14.0,6636.0,4.0,2317.0,1552.0,99.9999999999999,660000.0,755000.0,2,12753.289705882353,True,False,False,0,1.0
MLC-4064361570,2.0,1,2,14,True,2110.2,5600.0,0.0,0.0,1.0,0.0,0.0,0.0,0.0,0.0,0.0,0.0,0.0,76.0,70.0,0.0,120000.0,1.0,1.0,0.0,1.0,1.0,6.0,6748.0,4.0,2908.0,1351.0,5.75523405114186,750000.0,870000.0,3,12238.805970149253,True,False,True,0,1.0857142857142856
MLC-4064375530,1.0,1,0,0,True,3573.7,7736.1,5.0,1.0,0.0,0.0,0.0,0.0,0.0,0.0,0.0,0.0,0.0,55.0,55.0,0.0,0.0,0.0,0.0,0.0,1.0,0.0,1.0,1859.0,2.0,27535.0,12357.0,68.1398650783455,450000.0,450000.0,0,7192.857142857143,True,False,True,0,1.0
MLC-4064383302,1.0,0,1,6,False,709.8,709.8,5.0,3.0,1.0,1.0,1.0,3.0,4.0,1.0,0.0,1.0,0.0,41.0,39.0,0.0,35000.0,1.0,0.0,0.0,0.0,0.0,5.0,5492.0,1.0,2073.0,1418.0,100.0,400000.0,435000.0,2,12242.021276595744,True,False,False,1,1.0512820512820513
MLC-4064383884,1.0,0,1,0,True,808.0,808.0,5.0,0.0,3.0,1.0,3.0,0.0,0.0,0.0,0.0,0.0,0.0,32.0,32.0,0.0,45000.0,0.0,0.0,0.0,0.0,1.0,2.0,5332.0,1.0,4499.0,2404.0,100.0,430000.0,475000.0,2,10137.5,True,False,False,0,1.0
MLC-4064400280,2.0,1,2,0,True,350.7,350.7,5.0,1.0,5.0,4.0,0.0,5.0,5.0,1.0,0.0,3.0,0.0,60.0,60.0,1.0,70000.0,1.0,0.0,0.0,1.0,1.0,1.0,5332.0,1.0,4499.0,2404.0,100.0,600000.0,670000.0,2,12291.48390137876,True,False,False,0,1.0
MLC-4064404786,1.0,1,1,14,True,1123.1,1123.1,5.0,3.0,1.0,0.0,0.0,0.0,2.0,0.0,0.0,4.0,0.0,45.0,45.0,0.0,60000.0,1.0,0.0,0.0,1.0,1.0,21.0,6382.0,3.0,2472.0,1579.0,44.7477970543667,480000.0,540000.0,4,11836.1975,True,False,False,0,1.0
MLC-4064405162,2.0,1,2,9,True,1103.1,1103.1,5.0,3.0,1.0,0.0,0.0,0.0,2.0,0.0,0.0,4.0,0.0,62.0,62.0,1.0,50000.0,0.0,0.0,0.0,1.0,1.0,12.0,6382.0,3.0,2472.0,1579.0,44.7477970543667,600000.0,650000.0,4,11854.774211741425,True,False,False,0,1.0
MLC-4064406396,2.0,1,2,3,True,3184.3,3903.6,2.0,0.0,0.0,0.0,0.0,0.0,0.0,0.0,0.0,0.0,0.0,116.0,116.0,1.0,110000.0,0.0,1.0,0.0,1.0,1.0,2.0,6748.0,4.0,2908.0,1351.0,5.75523405114186,1000000.0,1110000.0,3,9568.965517241379,True,False,True,1,1.0
MLC-4064406526,2.0,0,2,1,True,1373.8,1373.8,5.0,1.0,2.0,0.0,1.0,2.0,0.0,0.0,0.0,0.0,0.0,57.0,57.0,0.0,60000.0,0.0,0.0,0.0,0.0,1.0,10.0,6691.0,4.0,2810.0,1764.0,100.0,520000.0,580000.0,4,12182.539682539682,True,False,False,0,1.0
MLC-4068107718,2.0,1,2,6,True,1080.4,1080.4,5.0,1.0,2.0,2.0,0.0,2.0,0.0,1.0,0.0,3.0,0.0,45.0,45.0,0.0,50000.0,0.0,1.0,0.0,1.0,1.0,3.0,4889.0,1.0,6948.0,3534.0,56.3609274194969,450000.0,500000.0,2,10563.157894736843,True,False,False,0,1.0
MLC-4068107918,1.0,0,1,0,True,701.5,701.5,0.0,0.0,0.0,0.0,0.0,0.0,0.0,0.0,0.0,0.0,0.0,38.0,35.0,1.0,60000.0,0.0,0.0,0.0,1.0,1.0,1.0,4644.0,1.0,2739.0,1645.0,100.0,350000.0,410000.0,2,12311.111111111111,True,False,False,0,1.0857142857142856
MLC-4068110790,2.0,1,3,0,True,6368.2,6399.2,2.0,0.0,0.0,0.0,0.0,0.0,0.0,0.0,0.0,0.0,0.0,117.0,90.0,0.0,0.0,1.0,0.0,0.0,1.0,1.0,3.0,6682.0,4.0,4021.0,1996.0,65.5175717706704,1400000.0,1400000.0,1,12500.0,True,True,False,0,1.3
MLC-4068112952,2.0,0,2,0,True,758.0,758.0,5.0,0.0,4.0,0.0,1.0,0.0,0.0,0.0,0.0,0.0,0.0,56.0,51.0,0.0,0.0,0.0,0.0,0.0,0.0,0.0,1.0,4644.0,1.0,2739.0,1645.0,100.0,545000.0,545000.0,2,11247.208931419456,True,False,False,0,1.0980392156862746
MLC-4068246620,1.0,1,2,0,True,5171.0,5171.0,5.0,1.0,0.0,0.0,2.0,1.0,0.0,0.0,0.0,0.0,0.0,48.0,48.0,0.0,35000.0,0.0,0.0,0.0,1.0,0.0,1.0,6684.0,4.0,6833.0,3079.0,90.5171296845883,480000.0,515000.0,4,10000.0,True,False,False,0,1.0
MLC-4068249260,1.0,1,1,0,True,790.9,790.9,5.0,4.0,0.0,0.0,1.0,1.0,2.0,1.0,0.0,5.0,0.0,40.0,40.0,0.0,60000.0,0.0,0.0,0.0,0.0,1.0,10.0,6768.0,4.0,1656.0,1111.0,100.0,550000.0,610000.0,2,11777.777777777777,True,False,False,0,1.0
MLC-4068250380,1.0,0,1,9,False,851.1,851.1,5.0,5.0,2.0,3.0,1.0,3.0,5.0,1.0,2.0,5.0,0.0,58.0,58.0,0.0,0.0,0.0,0.0,0.0,0.0,0.0,1.0,5492.0,1.0,2073.0,1418.0,100.0,550000.0,550000.0,2,12093.023255813954,True,False,False,0,1.0
MLC-4071319262,1.0,1,3,0,True,4319.3,4319.3,0.0,0.0,0.0,0.0,0.0,0.0,0.0,0.0,0.0,0.0,0.0,54.0,54.0,0.0,45000.0,0.0,0.0,0.0,1.0,0.0,4.0,5569.0,2.0,8881.0,4312.0,47.4765461690525,420000.0,465000.0,0,8611.111111111111,True,False,False,0,1.0
MLC-2050902929,2.0,1,3,10,True,3792.9,3792.9,3.0,0.0,0.0,0.0,0.0,2.0,0.0,0.0,0.0,1.0,0.0,72.0,68.0,0.0,88000.0,1.0,1.0,0.0,1.0,1.0,1.0,6684.0,4.0,6833.0,3079.0,90.5171296845883,560000.0,648000.0,4,11814.285714285714,True,False,False,0,1.0588235294117647
MLC-4068287352,1.0,0,2,0,True,758.0,758.0,5.0,0.0,4.0,0.0,1.0,0.0,0.0,0.0,0.0,0.0,0.0,48.0,42.0,0.0,60000.0,0.0,0.0,0.0,0.0,0.0,1.0,4644.0,1.0,2739.0,1645.0,100.0,515000.0,575000.0,2,10950.859950859951,True,False,False,0,1.1428571428571428
MLC-4068291590,1.0,0,1,10,True,1200.9,1200.9,5.0,0.0,1.0,0.0,1.0,1.0,2.0,1.0,0.0,0.0,0.0,35.0,35.0,1.0,50000.0,0.0,0.0,0.0,1.0,0.0,2.0,6741.0,4.0,1295.0,716.0,36.9900234018146,480000.0,530000.0,2,13461.538461538461,True,False,False,1,1.0
MLC-4068925666,2.0,1,3,21,True,1377.0,4825.9,4.0,1.0,2.0,0.0,1.0,1.0,1.0,0.0,0.0,0.0,0.0,110.0,105.0,1.0,180000.0,1.0,1.0,0.0,1.0,1.0,10.0,6748.0,4.0,2908.0,1351.0,5.75523405114186,850000.0,1030000.0,3,11530.214424951268,True,False,True,0,1.0476190476190477
MLC-4068926212,2.0,1,2,0,False,740.3,740.3,5.0,0.0,4.0,0.0,1.0,0.0,0.0,0.0,0.0,0.0,0.0,70.0,65.0,1.0,0.0,0.0,0.0,0.0,1.0,1.0,2.0,4644.0,1.0,2739.0,1645.0,100.0,480000.0,480000.0,2,11247.208931419456,True,False,False,0,1.0769230769230769
MLC-4068941882,1.0,0,1,7,True,751.5,751.5,5.0,5.0,1.0,1.0,1.0,1.0,2.0,1.0,0.0,5.0,0.0,37.0,37.0,1.0,55000.0,0.0,0.0,0.0,1.0,1.0,10.0,6768.0,4.0,1656.0,1111.0,100.0,410000.0,465000.0,2,11777.777777777777,True,False,False,0,1.0
MLC-4068948818,2.0,0,2,0,True,751.5,751.5,5.0,5.0,1.0,1.0,1.0,1.0,2.0,1.0,0.0,5.0,0.0,59.0,56.0,1.0,100000.0,0.0,0.0,0.0,1.0,0.0,10.0,6768.0,4.0,1656.0,1111.0,100.0,565000.0,665000.0,2,11777.777777777777,True,False,False,0,1.0535714285714286
MLC-4068973802,2.0,0,2,0,True,1373.8,1373.8,5.0,1.0,2.0,0.0,1.0,2.0,0.0,0.0,0.0,0.0,0.0,52.0,50.0,0.0,65000.0,0.0,0.0,0.0,0.0,1.0,3.0,6691.0,4.0,2810.0,1764.0,100.0,595000.0,660000.0,4,12071.428571428572,True,False,False,0,1.04
MLC-4071279696,1.0,1,1,6,True,2150.0,2150.0,5.0,1.0,1.0,0.0,0.0,1.0,2.0,0.0,0.0,1.0,0.0,42.0,35.0,0.0,90000.0,1.0,1.0,0.0,1.0,1.0,5.0,6741.0,4.0,1295.0,716.0,36.9900234018146,450000.0,540000.0,2,13560.897435897436,True,False,False,0,1.2
MLC-4073517528,1.0,0,1,2,True,718.0,718.0,5.0,5.0,1.0,2.0,1.0,1.0,2.0,1.0,0.0,5.0,0.0,33.1,37.9,0.0,45000.0,1.0,0.0,0.0,1.0,1.0,3.0,6768.0,4.0,1656.0,1111.0,100.0,280000.0,325000.0,2,11826.388888888889,True,False,False,0,0.8733509234828497
MLC-2053540905,1.0,0,2,0,True,649.9,4508.5,5.0,0.0,3.0,0.0,4.0,1.0,4.0,0.0,1.0,0.0,0.0,50.0,51.3,0.0,60000.0,1.0,1.0,0.0,1.0,1.0,13.0,5879.0,4.0,12234.0,5977.0,80.4354882614475,500000.0,560000.0,0,12677.491066182823,True,False,True,0,0.9746588693957116
MLC-4138522354,1.0,1,3,2,True,4174.0,8453.8,5.0,1.0,1.0,0.0,2.0,0.0,0.0,0.0,0.0,0.0,0.0,58.0,58.0,0.0,50000.0,0.0,0.0,0.0,1.0,0.0,2.0,6358.0,4.0,4448.0,2458.0,54.2005929673536,450000.0,500000.0,4,9090.90909090909,True,True,False,0,1.0
MLC-4145330986,2.0,1,2,2,True,793.8,793.8,5.0,4.0,4.0,1.0,0.0,3.0,3.0,2.0,0.0,4.0,0.0,71.0,63.0,1.0,110000.0,0.0,0.0,0.0,0.0,0.0,1.0,5492.0,1.0,2073.0,1418.0,100.0,700000.0,810000.0,2,12469.512195121952,True,False,False,0,1.126984126984127
MLC-4164772600,1.0,1,2,15,True,2327.2,5399.9,5.0,0.0,0.0,0.0,0.0,1.0,0.0,0.0,0.0,0.0,0.0,55.0,50.0,0.0,50000.0,1.0,0.0,0.0,1.0,1.0,2.0,6117.0,4.0,6313.0,3653.0,99.9999999999999,420000.0,470000.0,1,9308.71743486974,True,True,False,0,1.1
MLC-4071299966,2.0,1,2,2,True,1452.9,5435.5,1.0,0.0,1.0,0.0,0.0,1.0,0.0,0.0,0.0,0.0,0.0,52.0,52.0,0.0,67000.0,1.0,1.0,0.0,1.0,1.0,1.0,4433.0,3.0,20174.0,9883.0,82.4572189855629,500000.0,567000.0,4,11356.57771880682,True,False,True,0,1.0
MLC-4071308876,1.0,0,1,22,True,1047.3,1047.3,5.0,1.0,3.0,0.0,5.0,1.0,0.0,0.0,0.0,0.0,0.0,45.0,45.0,1.0,60000.0,0.0,0.0,0.0,1.0,0.0,1.0,5941.0,2.0,3137.0,1891.0,100.0,400000.0,460000.0,2,11428.57142857143,True,False,False,0,1.0
MLC-4071312214,1.0,0,2,15,True,767.1,767.1,5.0,0.0,2.0,1.0,2.0,1.0,1.0,0.0,0.0,1.0,1.0,48.0,46.0,0.0,0.0,1.0,0.0,0.0,1.0,1.0,8.0,3967.0,1.0,2152.0,1148.0,50.505791961991,520000.0,520000.0,2,11345.646437994723,True,False,False,0,1.0434782608695652
MLC-4071317878,2.0,1,2,1,True,1634.3,10058.1,2.0,0.0,0.0,0.0,1.0,0.0,0.0,0.0,0.0,0.0,0.0,77.0,69.0,0.0,0.0,0.0,0.0,0.0,1.0,0.0,2.0,6201.0,4.0,3828.0,1963.0,52.2534527838595,680000.0,680000.0,0,10452.35361653272,True,True,False,0,1.1159420289855073
MLC-4071318456,1.0,1,2,20,True,3788.9,7920.5,5.0,2.0,0.0,0.0,3.0,1.0,0.0,0.0,0.0,0.0,1.0,54.0,50.0,0.0,12000.0,0.0,0.0,0.0,0.0,0.0,4.0,1859.0,2.0,27535.0,12357.0,68.1398650783455,320000.0,332000.0,0,8081.666666666667,True,False,True,0,1.08
MLC-4071319412,1.0,1,2,0,True,1047.3,1047.3,5.0,1.0,3.0,0.0,5.0,1.0,0.0,0.0,0.0,0.0,0.0,50.0,50.0,0.0,70000.0,0.0,0.0,0.0,1.0,1.0,13.0,5941.0,2.0,3137.0,1891.0,100.0,435000.0,505000.0,2,11428.57142857143,True,False,False,0,1.0
MLC-4071320592,1.0,1,2,10,True,3792.9,3792.9,3.0,0.0,0.0,0.0,0.0,2.0,0.0,0.0,0.0,1.0,0.0,50.0,50.0,1.0,70000.0,1.0,1.0,0.0,1.0,1.0,12.0,6684.0,4.0,6833.0,3079.0,90.5171296845883,540000.0,610000.0,4,11428.57142857143,True,False,False,1,1.0
MLC-4071321386,2.0,0,2,0,True,699.4,699.4,5.0,1.0,4.0,0.0,0.0,2.0,2.0,1.0,0.0,0.0,0.0,48.0,45.0,0.0,60000.0,0.0,0.0,0.0,1.0,0.0,1.0,4644.0,1.0,2739.0,1645.0,100.0,448485.51,508485.51,2,12400.0,True,False,False,0,1.0666666666666667
MLC-4071322232,2.0,1,3,10,True,5202.1,9356.2,0.0,0.0,0.0,0.0,0.0,0.0,0.0,0.0,0.0,0.0,0.0,57.0,57.0,0.0,0.0,1.0,1.0,0.0,1.0,1.0,12.0,1859.0,2.0,27535.0,12357.0,68.1398650783455,680000.0,680000.0,0,10620.192307692309,True,False,True,1,1.0
MLC-4071325048,1.0,0,1,3,False,836.5,836.5,5.0,4.0,0.0,0.0,1.0,1.0,2.0,1.0,0.0,2.0,0.0,40.0,40.0,0.0,0.0,1.0,0.0,0.0,1.0,1.0,4.0,6768.0,4.0,1656.0,1111.0,100.0,490000.0,490000.0,2,11826.388888888889,True,False,False,0,1.0
MLC-4023532132,2.0,0,2,10,True,746.9,746.9,5.0,4.0,5.0,1.0,1.0,0.0,1.0,0.0,0.0,2.0,0.0,60.0,56.0,1.0,80000.0,0.0,0.0,0.0,1.0,1.0,11.0,6636.0,4.0,2317.0,1552.0,99.9999999999999,600000.0,680000.0,2,13230.240549828179,True,False,False,0,1.0714285714285714
MLC-2087353689,1.0,0,1,0,True,1808.8,1808.8,5.0,1.0,5.0,2.0,2.0,5.0,3.0,0.0,0.0,2.0,0.0,36.0,34.0,0.0,40000.0,1.0,0.0,0.0,1.0,1.0,15.0,6382.0,3.0,2472.0,1579.0,44.7477970543667,500000.0,540000.0,4,13333.333333333334,True,False,False,0,1.0588235294117647
MLC-4073509312,1.0,1,1,10,True,1200.9,1200.9,5.0,0.0,1.0,0.0,1.0,1.0,2.0,1.0,0.0,0.0,0.0,38.0,36.0,1.0,62000.0,1.0,1.0,0.0,1.0,1.0,12.0,6741.0,4.0,1295.0,716.0,36.9900234018146,440000.0,502000.0,2,13461.538461538461,True,False,False,0,1.0555555555555556
MLC-4073494538,1.0,1,1,2,True,4868.6,4868.6,5.0,1.0,0.0,0.0,2.0,0.0,0.0,0.0,0.0,0.0,0.0,33.1,37.9,0.0,75000.0,1.0,0.0,0.0,1.0,1.0,4.0,6282.0,3.0,12506.0,6078.0,99.9999999999999,410000.0,485000.0,4,11000.0,True,False,False,0,0.8733509234828497
MLC-4073482710,2.0,1,3,5,True,944.2,944.2,5.0,1.0,1.0,2.0,0.0,1.0,0.0,0.0,0.0,0.0,0.0,65.0,65.0,0.0,65000.0,0.0,0.0,0.0,1.0,1.0,1.0,4889.0,1.0,6948.0,3534.0,56.3609274194969,520000.0,585000.0,2,10833.333333333334,True,False,False,0,1.0
MLC-4073518858,2.0,1,2,0,True,751.5,751.5,5.0,5.0,1.0,1.0,1.0,1.0,2.0,1.0,0.0,5.0,0.0,56.0,56.0,1.0,100000.0,0.0,0.0,0.0,1.0,1.0,10.0,6768.0,4.0,1656.0,1111.0,100.0,650000.0,750000.0,2,11777.777777777777,True,False,False,0,1.0
MLC-2063349901,1.0,0,1,6,True,1557.3,1557.3,5.0,1.0,0.0,1.0,1.0,3.0,0.0,0.0,0.0,1.0,0.0,33.1,37.9,1.0,55000.0,0.0,0.0,0.0,1.0,1.0,3.0,6382.0,3.0,2472.0,1579.0,44.7477970543667,395000.0,450000.0,4,12736.453201970442,True,False,False,0,0.8733509234828497
MLC-4075504180,2.0,0,2,13,True,861.4,861.4,5.0,0.0,1.0,0.0,2.0,1.0,3.0,1.0,0.0,4.0,1.0,70.0,70.0,1.0,90000.0,0.0,0.0,0.0,0.0,1.0,1.0,3967.0,1.0,2152.0,1148.0,50.505791961991,570000.0,660000.0,2,10735.119047619048,True,False,False,0,1.0
MLC-4075509992,1.0,1,1,6,True,2588.3,2588.3,5.0,0.0,1.0,0.0,0.0,1.0,0.0,0.0,0.0,0.0,0.0,42.0,42.0,0.0,90000.0,0.0,0.0,0.0,0.0,0.0,1.0,6741.0,4.0,1295.0,716.0,36.9900234018146,450000.0,540000.0,2,14291.460532325378,True,False,False,1,1.0
MLC-4075506620,1.0,1,1,0,True,698.9,698.9,5.0,1.0,4.0,0.0,0.0,2.0,2.0,1.0,0.0,0.0,0.0,33.1,37.9,0.0,70000.0,0.0,0.0,0.0,1.0,1.0,2.0,4644.0,1.0,2739.0,1645.0,100.0,390000.0,460000.0,2,12400.0,True,False,False,0,0.8733509234828497
MLC-4075830628,1.0,1,3,0,True,4311.1,8313.2,5.0,1.0,1.0,0.0,3.0,0.0,0.0,0.0,0.0,0.0,0.0,55.0,55.0,0.0,50000.0,1.0,0.0,0.0,1.0,0.0,10.0,6358.0,4.0,4448.0,2458.0,54.2005929673536,520000.0,570000.0,4,9083.916083916083,True,True,False,0,1.0
MLC-4077913036,2.0,1,2,2,False,1620.4,4645.0,0.0,1.0,1.0,0.0,0.0,1.0,1.0,0.0,0.0,0.0,0.0,83.0,76.0,1.0,100000.0,0.0,0.0,0.0,0.0,1.0,1.0,6748.0,4.0,2908.0,1351.0,5.75523405114186,650000.0,750000.0,3,11590.90909090909,True,False,True,0,1.0921052631578947
MLC-4077916318,2.0,1,2,16,True,2068.5,5577.6,0.0,0.0,0.0,0.0,0.0,0.0,0.0,0.0,0.0,0.0,0.0,64.0,62.0,1.0,110000.0,1.0,0.0,0.0,1.0,1.0,7.0,6748.0,4.0,2908.0,1351.0,5.75523405114186,650000.0,760000.0,3,12202.736318407959,True,False,True,0,1.032258064516129
MLC-4213383164,2.0,1,3,5,True,2566.4,2566.4,1.0,0.0,1.0,1.0,0.0,0.0,0.0,0.0,0.0,0.0,0.0,70.0,70.0,0.0,0.0,1.0,0.0,0.0,1.0,1.0,5.0,6304.0,3.0,4026.0,2134.0,100.0,680000.0,680000.0,4,12340.425531914894,True,False,False,0,1.0
MLC-4077951100,2.0,1,3,0,True,1653.0,4644.7,1.0,1.0,1.0,0.0,0.0,1.0,1.0,0.0,0.0,0.0,0.0,74.0,71.0,0.0,110000.0,1.0,1.0,0.0,1.0,1.0,5.0,6748.0,4.0,2908.0,1351.0,5.75523405114186,650000.0,760000.0,3,11590.90909090909,True,False,True,0,1.0422535211267605
MLC-4075824760,1.0,0,1,17,True,515.2,515.2,5.0,5.0,5.0,3.0,3.0,3.0,5.0,1.0,0.0,5.0,0.0,32.0,32.0,0.0,45000.0,0.0,0.0,0.0,1.0,1.0,18.0,6636.0,4.0,2317.0,1552.0,99.9999999999999,400000.0,445000.0,2,12972.222222222223,True,False,False,0,1.0
MLC-4075824046,2.0,1,2,15,True,1362.0,1362.0,5.0,2.0,2.0,1.0,1.0,2.0,1.0,0.0,2.0,2.0,0.0,64.0,64.0,1.0,180000.0,0.0,0.0,0.0,1.0,1.0,5.0,6382.0,3.0,2472.0,1579.0,44.7477970543667,500000.0,680000.0,4,11818.181818181818,True,False,False,0,1.0
MLC-4077952772,2.0,1,3,18,False,1375.8,4901.7,0.0,1.0,0.0,0.0,0.0,0.0,0.0,0.0,0.0,0.0,0.0,84.0,78.0,0.0,170000.0,1.0,1.0,0.0,1.0,1.0,7.0,6748.0,4.0,2908.0,1351.0,5.75523405114186,700000.0,870000.0,3,11417.257070445252,True,False,True,0,1.0769230769230769
MLC-2076410437,2.0,1,2,5,True,1004.6,1004.6,5.0,3.0,2.0,0.0,1.0,0.0,1.0,0.0,0.0,0.0,0.0,55.0,55.0,1.0,80000.0,0.0,0.0,0.0,1.0,0.0,1.0,6178.0,3.0,2620.0,1658.0,100.0,560000.0,640000.0,2,12361.111111111111,True,False,False,0,1.0
MLC-4079516038,1.0,0,2,20,True,1361.5,1361.5,5.0,1.0,2.0,0.0,1.0,2.0,1.0,0.0,0.0,1.0,0.0,50.0,50.0,0.0,60000.0,0.0,0.0,0.0,1.0,1.0,9.0,6691.0,4.0,2810.0,1764.0,100.0,420000.0,480000.0,4,12222.222222222223,True,False,False,0,1.0
MLC-4080595282,2.0,1,2,6,True,3913.1,3913.1,4.0,0.0,0.0,0.0,0.0,0.0,0.0,0.0,0.0,0.0,0.0,55.0,50.0,0.0,80000.0,0.0,1.0,0.0,1.0,1.0,3.0,6684.0,4.0,6833.0,3079.0,90.5171296845883,600000.0,680000.0,4,12379.006913890635,True,False,False,1,1.1
MLC-4080756542,2.0,1,3,0,False,5621.8,5621.8,0.0,0.0,0.0,0.0,0.0,0.0,0.0,0.0,0.0,0.0,0.0,85.0,90.0,1.0,50000.0,0.0,0.0,0.0,0.0,0.0,3.0,6684.0,4.0,6833.0,3079.0,90.5171296845883,600000.0,650000.0,4,9538.461538461539,True,False,False,0,0.9444444444444444
MLC-4213385152,2.0,1,2,14,True,890.7,5034.5,0.0,0.0,0.0,0.0,0.0,0.0,0.0,0.0,0.0,0.0,0.0,53.0,51.0,0.0,70000.0,0.0,0.0,0.0,1.0,1.0,9.0,5879.0,4.0,12234.0,5977.0,80.4354882614475,520000.0,590000.0,0,10454.545454545454,True,False,True,0,1.0392156862745099
MLC-4143486206,1.0,0,3,20,True,1671.7,1671.7,0.0,0.0,0.0,0.0,0.0,0.0,0.0,0.0,0.0,0.0,0.0,50.0,49.0,0.0,40000.0,0.0,0.0,0.0,1.0,0.0,4.0,6304.0,3.0,4026.0,2134.0,100.0,420000.0,460000.0,1,10333.333333333334,True,False,False,0,1.0204081632653061
MLC-4213161998,2.0,1,3,11,True,4359.0,3313.2,0.0,0.0,0.0,0.0,0.0,0.0,0.0,0.0,1.0,1.0,0.0,75.0,75.0,1.0,130000.0,1.0,1.0,0.0,1.0,1.0,7.0,5535.0,3.0,1600.0,768.0,9.03186513678773,650000.0,780000.0,4,10400.0,True,True,False,0,1.0
MLC-4081559568,1.0,1,3,5,True,4968.4,9135.2,0.0,0.0,0.0,0.0,0.0,0.0,0.0,0.0,0.0,0.0,0.0,57.0,54.0,0.0,0.0,0.0,0.0,0.0,1.0,0.0,1.0,1859.0,2.0,27535.0,12357.0,68.1398650783455,380000.0,380000.0,0,11400.0,False,False,True,0,1.0555555555555556
MLC-4081561288,1.0,1,2,0,False,2699.8,4994.3,5.0,0.0,0.0,0.0,0.0,0.0,0.0,0.0,0.0,0.0,0.0,54.0,54.0,0.0,0.0,0.0,0.0,0.0,0.0,0.0,1.0,5535.0,3.0,1600.0,768.0,9.03186513678773,500000.0,500000.0,1,9521.853146853147,True,True,False,0,1.0
MLC-2074062101,2.0,1,3,10,True,4047.6,4047.6,5.0,0.0,0.0,0.0,0.0,1.0,1.0,0.0,1.0,0.0,0.0,70.0,70.0,1.0,150000.0,1.0,1.0,0.0,1.0,1.0,1.0,6684.0,4.0,6833.0,3079.0,90.5171296845883,700000.0,850000.0,4,12295.081967213115,True,False,False,0,1.0
MLC-4082800490,1.0,1,2,0,True,5167.9,5167.9,0.0,0.0,0.0,0.0,0.0,0.0,0.0,0.0,0.0,0.0,0.0,48.3,52.4,0.0,0.0,1.0,0.0,0.0,1.0,0.0,1.0,6409.0,4.0,6576.0,3080.0,94.3101149608368,470000.0,470000.0,0,9523.809523809523,True,False,False,0,0.9217557251908397
MLC-4212547066,1.0,1,2,1,True,375.2,375.2,5.0,1.0,5.0,5.0,1.0,5.0,5.0,1.0,0.0,4.0,0.0,47.0,47.0,1.0,0.0,0.0,0.0,0.0,1.0,0.0,10.0,5332.0,1.0,4499.0,2404.0,100.0,585000.0,585000.0,2,12178.387650085764,True,False,False,0,1.0
MLC-4084729028,2.0,0,2,15,True,712.8,13019.2,0.0,0.0,0.0,0.0,0.0,0.0,0.0,0.0,0.0,0.0,0.0,55.0,55.0,0.0,30000.0,0.0,0.0,0.0,0.0,0.0,3.0,5915.0,3.0,2441.0,1406.0,100.0,360000.0,390000.0,4,11400.0,False,True,False,0,1.0
MLC-4084850040,1.0,1,3,6,False,7067.6,5527.7,5.0,0.0,0.0,1.0,0.0,0.0,0.0,1.0,0.0,0.0,1.0,54.0,54.0,0.0,50000.0,1.0,0.0,0.0,0.0,0.0,3.0,6375.0,4.0,4591.0,2555.0,80.1239481965662,450000.0,500000.0,1,9400.0,True,True,False,0,1.0
MLC-2072645401,3.0,1,3,0,False,1477.6,1477.6,0.0,0.0,0.0,0.0,0.0,0.0,0.0,0.0,0.0,0.0,0.0,109.0,107.0,1.0,200000.0,0.0,0.0,0.0,1.0,1.0,7.0,6382.0,3.0,2472.0,1579.0,44.7477970543667,1100000.0,1300000.0,4,11711.711711711712,True,False,False,0,1.0186915887850467
MLC-4084873232,1.0,2,2,66,True,2922.5,2922.5,5.0,1.0,3.0,0.0,4.0,3.0,0.0,0.0,0.0,1.0,0.0,89.0,87.0,1.0,15000.0,0.0,0.0,0.0,1.0,0.0,5.0,5901.0,2.0,3835.0,2050.0,58.6173339550477,750000.0,765000.0,4,6000.0,True,False,False,1,1.0229885057471264
MLC-4084874680,2.0,1,3,2,True,716.1,716.1,5.0,5.0,5.0,3.0,3.0,3.0,5.0,2.0,0.0,5.0,0.0,89.0,85.0,0.0,100000.0,0.0,0.0,0.0,1.0,1.0,16.0,6636.0,4.0,2317.0,1552.0,99.9999999999999,800000.0,900000.0,2,12550.256208119827,True,False,False,0,1.0470588235294118
MLC-4209026452,2.0,1,2,5,True,1536.1,1536.1,5.0,1.0,0.0,1.0,0.0,4.0,0.0,0.0,0.0,1.0,0.0,49.1,47.0,1.0,120000.0,0.0,0.0,0.0,1.0,1.0,14.0,6382.0,3.0,2472.0,1579.0,44.7477970543667,625000.0,745000.0,4,12714.285714285714,True,False,False,0,1.04468085106383
MLC-4084964726,2.0,1,2,1,True,733.8,733.8,5.0,5.0,5.0,3.0,2.0,1.0,5.0,0.0,0.0,3.0,0.0,57.0,51.0,0.0,85000.0,1.0,0.0,0.0,1.0,1.0,14.0,6636.0,4.0,2317.0,1552.0,99.9999999999999,700000.0,785000.0,2,12625.0,True,False,False,0,1.1176470588235294
MLC-4084964238,1.0,1,1,10,True,775.2,775.2,5.0,4.0,1.0,0.0,3.0,1.0,3.0,2.0,0.0,4.0,0.0,35.0,35.0,1.0,80000.0,0.0,0.0,0.0,1.0,0.0,6.0,3967.0,1.0,2152.0,1148.0,50.505791961991,420000.0,500000.0,2,11181.818181818182,True,False,False,0,1.0
MLC-4084968174,1.0,1,2,10,True,583.5,583.5,5.0,0.0,4.0,1.0,0.0,5.0,0.0,0.0,0.0,0.0,0.0,50.0,45.0,0.0,65000.0,1.0,0.0,0.0,1.0,1.0,11.0,5332.0,1.0,4499.0,2404.0,100.0,550000.0,615000.0,2,10727.272727272728,True,False,False,1,1.1111111111111112
MLC-4084968792,1.0,1,1,10,True,1653.0,4644.7,1.0,1.0,1.0,0.0,0.0,1.0,1.0,0.0,0.0,0.0,0.0,34.0,34.0,1.0,50000.0,1.0,0.0,0.0,1.0,1.0,2.0,6748.0,4.0,2908.0,1351.0,5.75523405114186,500000.0,550000.0,3,11400.0,True,False,True,1,1.0
MLC-4085043006,2.0,1,3,0,True,7550.3,10931.5,1.0,0.0,1.0,0.0,0.0,0.0,0.0,0.0,0.0,0.0,0.0,81.5,82.3,0.0,40000.0,1.0,0.0,0.0,0.0,1.0,6.0,4426.0,2.0,23629.0,10635.0,64.8623594811321,540000.0,580000.0,0,10185.185185185184,True,False,True,0,0.9902794653705954
MLC-4085045740,1.0,1,2,6,True,654.3,654.3,5.0,3.0,1.0,1.0,1.0,3.0,5.0,2.0,0.0,1.0,0.0,42.0,42.0,1.0,80000.0,0.0,0.0,0.0,0.0,1.0,1.0,5492.0,1.0,2073.0,1418.0,100.0,500000.0,580000.0,2,12250.0,True,False,False,0,1.0
MLC-4085046436,1.0,0,1,30,True,333.2,333.2,5.0,2.0,3.0,2.0,1.0,2.0,5.0,3.0,0.0,3.0,0.0,40.0,40.0,0.0,0.0,0.0,0.0,0.0,1.0,1.0,7.0,3511.0,1.0,1254.0,785.0,100.0,470000.0,470000.0,2,11048.387096774193,True,False,False,1,1.0
MLC-4085053868,2.0,1,3,6,True,4934.0,4934.0,0.0,0.0,0.0,0.0,0.0,0.0,1.0,0.0,0.0,0.0,0.0,66.0,63.0,0.0,65000.0,0.0,0.0,0.0,1.0,1.0,1.0,6409.0,4.0,6576.0,3080.0,94.3101149608368,550000.0,615000.0,0,9314.713064713065,True,False,False,0,1.0476190476190477
MLC-2072644961,2.0,1,2,0,True,1362.0,1362.0,5.0,2.0,2.0,1.0,1.0,2.0,1.0,0.0,2.0,2.0,0.0,64.0,64.0,0.0,180000.0,0.0,0.0,0.0,1.0,0.0,8.0,6382.0,3.0,2472.0,1579.0,44.7477970543667,500000.0,680000.0,4,11818.181818181818,True,False,False,0,1.0
MLC-4211819720,2.0,2,3,0,False,5291.2,9445.2,0.0,0.0,0.0,0.0,0.0,0.0,0.0,0.0,0.0,0.0,0.0,57.0,57.0,0.0,0.0,0.0,1.0,0.0,1.0,1.0,6.0,1859.0,2.0,27535.0,12357.0,68.1398650783455,700000.0,700000.0,0,10620.192307692309,True,False,True,1,1.0
MLC-4085083096,2.0,1,3,4,True,4884.8,8890.3,0.0,0.0,0.0,0.0,0.0,0.0,0.0,1.0,0.0,0.0,0.0,61.0,55.0,0.0,60000.0,0.0,0.0,0.0,1.0,0.0,5.0,1859.0,2.0,27535.0,12357.0,68.1398650783455,600000.0,660000.0,0,9100.0,True,False,True,1,1.1090909090909091
MLC-4085335290,2.0,1,2,7,False,2315.5,2315.5,5.0,0.0,3.0,0.0,2.0,0.0,0.0,0.0,0.0,1.0,1.0,54.0,54.0,0.0,50000.0,0.0,0.0,0.0,0.0,0.0,9.0,6019.0,3.0,4332.0,2303.0,55.0392235701766,500000.0,550000.0,4,9883.647798742139,True,False,False,0,1.0
MLC-4085329884,1.0,0,2,5,True,2744.4,2744.4,2.0,0.0,0.0,0.0,0.0,0.0,0.0,0.0,0.0,0.0,0.0,51.0,49.0,0.0,45000.0,0.0,0.0,0.0,1.0,0.0,2.0,5901.0,2.0,3835.0,2050.0,58.6173339550477,400000.0,445000.0,4,10121.951219512195,True,False,False,0,1.0408163265306123
MLC-4085334230,1.0,1,1,3,False,1399.5,1399.5,5.0,1.0,1.0,1.0,0.0,1.0,0.0,0.0,0.0,1.0,0.0,40.0,40.0,1.0,40000.0,0.0,0.0,0.0,1.0,1.0,12.0,6691.0,4.0,2810.0,1764.0,100.0,450000.0,490000.0,4,12508.273579702152,True,False,False,0,1.0
MLC-4087965572,1.0,0,2,20,True,1932.2,1932.2,5.0,1.0,3.0,1.0,0.0,1.0,0.0,0.0,0.0,0.0,0.0,40.0,38.0,0.0,65000.0,0.0,1.0,0.0,1.0,1.0,11.0,5666.0,2.0,2051.0,1108.0,100.0,380000.0,445000.0,4,11326.530612244898,True,False,False,0,1.0526315789473684
MLC-4085329010,1.0,1,2,15,True,3935.4,3935.4,0.0,0.0,0.0,0.0,0.0,0.0,0.0,0.0,0.0,0.0,0.0,75.0,70.0,1.0,0.0,0.0,0.0,0.0,1.0,1.0,1.0,6684.0,4.0,6833.0,3079.0,90.5171296845883,630000.0,630000.0,4,12579.787981891292,True,False,False,0,1.0714285714285714
MLC-4087076614,2.0,1,2,10,True,1461.6,4986.5,0.0,1.0,0.0,0.0,0.0,0.0,0.0,0.0,0.0,0.0,0.0,70.0,64.6,0.0,120000.0,0.0,1.0,0.0,0.0,0.0,1.0,6748.0,4.0,2908.0,1351.0,5.75523405114186,610000.0,730000.0,3,11481.481481481482,True,False,True,0,1.08359133126935
MLC-4087330338,1.0,0,1,3,True,747.5,747.5,4.0,3.0,3.0,0.0,1.0,0.0,0.0,0.0,0.0,0.0,0.0,33.0,37.6,0.0,60000.0,0.0,0.0,0.0,0.0,0.0,9.0,6636.0,4.0,2317.0,1552.0,99.9999999999999,500000.0,560000.0,2,12753.289705882353,True,False,False,1,0.8776595744680851
MLC-4212323290,1.0,0,2,2,True,688.4,4578.7,5.0,0.0,3.0,0.0,3.0,0.0,4.0,0.0,0.0,0.0,0.0,45.0,45.0,0.0,75000.0,1.0,1.0,0.0,1.0,1.0,13.0,5879.0,4.0,12234.0,5977.0,80.4354882614475,500000.0,575000.0,0,12300.506939198696,True,False,True,0,1.0
MLC-4087788310,1.0,0,1,6,True,1437.0,1437.0,5.0,1.0,1.0,2.0,0.0,1.0,0.0,0.0,0.0,1.0,0.0,33.0,37.6,0.0,35000.0,0.0,0.0,0.0,1.0,1.0,9.0,6691.0,4.0,2810.0,1764.0,100.0,360000.0,395000.0,4,12400.0,True,False,False,0,0.8776595744680851
MLC-4088005124,2.0,1,2,5,False,5263.4,9399.4,0.0,0.0,0.0,0.0,0.0,0.0,0.0,0.0,0.0,0.0,0.0,40.0,64.6,0.0,0.0,0.0,0.0,0.0,0.0,0.0,1.0,1859.0,2.0,27535.0,12357.0,68.1398650783455,550000.0,550000.0,0,11365.079365079366,True,False,True,1,0.6191950464396285
MLC-4087916784,1.0,0,1,4,False,923.7,923.7,0.0,0.0,0.0,0.0,0.0,0.0,0.0,0.0,0.0,0.0,0.0,30.0,37.6,0.0,40000.0,0.0,0.0,0.0,1.0,0.0,1.0,6178.0,3.0,2620.0,1658.0,100.0,420000.0,460000.0,2,12361.111111111111,True,False,False,1,0.7978723404255319
MLC-2074065427,2.0,1,2,0,True,865.5,865.5,5.0,5.0,3.0,1.0,2.0,1.0,1.0,0.0,0.0,2.0,0.0,52.0,49.0,1.0,100000.0,0.0,0.0,0.0,1.0,1.0,4.0,6636.0,4.0,2317.0,1552.0,99.9999999999999,650000.0,750000.0,2,12826.08695652174,True,False,False,0,1.0612244897959184
MLC-4087953352,2.0,0,2,0,True,758.0,758.0,5.0,0.0,4.0,0.0,1.0,0.0,0.0,0.0,0.0,0.0,0.0,57.0,58.2,0.0,70000.0,0.0,0.0,0.0,1.0,0.0,1.0,4644.0,1.0,2739.0,1645.0,100.0,640000.0,710000.0,2,10950.859950859951,True,False,False,0,0.979381443298969
MLC-4087955200,1.0,0,1,4,False,909.7,909.7,5.0,4.0,1.0,0.0,0.0,0.0,0.0,0.0,0.0,0.0,0.0,40.0,37.6,0.0,0.0,0.0,0.0,0.0,0.0,0.0,1.0,5492.0,1.0,2073.0,1418.0,100.0,450000.0,450000.0,2,12401.055408970977,True,False,False,0,1.0638297872340425
MLC-4087955348,1.0,0,1,10,True,825.4,825.4,5.0,4.0,2.0,1.0,1.0,2.0,1.0,1.0,0.0,0.0,0.0,38.0,36.0,0.0,55000.0,0.0,0.0,0.0,1.0,1.0,1.0,5492.0,1.0,2073.0,1418.0,100.0,510000.0,565000.0,2,12242.021276595744,True,False,False,1,1.0555555555555556
MLC-4088007154,1.0,2,2,5,True,983.3,12511.6,0.0,0.0,0.0,0.0,0.0,0.0,0.0,0.0,0.0,0.0,0.0,60.0,54.0,0.0,0.0,0.0,0.0,0.0,1.0,0.0,1.0,5136.0,2.0,13939.0,6879.0,81.3670347779654,480000.0,480000.0,1,9160.30534351145,True,True,False,0,1.1111111111111112
MLC-4088013282,1.0,0,1,15,True,768.8,768.8,5.0,0.0,2.0,1.0,2.0,1.0,1.0,0.0,0.0,1.0,1.0,35.0,35.0,0.0,40000.0,1.0,0.0,0.0,1.0,1.0,7.0,3967.0,1.0,2152.0,1148.0,50.505791961991,350000.0,390000.0,2,11345.646437994723,True,False,False,0,1.0
MLC-4089193748,2.0,1,2,0,True,4698.8,5297.4,4.0,0.0,0.0,0.0,0.0,0.0,0.0,0.0,0.0,0.0,0.0,120.0,105.0,0.0,140000.0,0.0,1.0,0.0,1.0,0.0,1.0,6748.0,4.0,2908.0,1351.0,5.75523405114186,950000.0,1090000.0,1,10380.952380952382,True,False,True,1,1.1428571428571428
MLC-4213159514,1.0,1,2,10,True,775.2,775.2,5.0,4.0,1.0,0.0,3.0,1.0,3.0,2.0,0.0,4.0,0.0,56.0,56.0,1.0,75000.0,0.0,0.0,0.0,1.0,1.0,15.0,3967.0,1.0,2152.0,1148.0,50.505791961991,530000.0,605000.0,2,11285.714285714286,True,False,False,0,1.0
MLC-4213161946,2.0,0,2,4,True,963.2,963.2,5.0,1.0,1.0,2.0,0.0,1.0,0.0,0.0,0.0,0.0,0.0,48.0,48.0,0.0,60000.0,0.0,0.0,0.0,0.0,0.0,15.0,4889.0,1.0,6948.0,3534.0,56.3609274194969,460000.0,520000.0,2,10833.333333333334,True,False,False,0,1.0
MLC-4089232846,2.0,1,2,6,True,4321.9,4321.9,5.0,0.0,0.0,0.0,0.0,0.0,0.0,0.0,0.0,0.0,0.0,72.0,72.0,1.0,78000.0,0.0,0.0,0.0,0.0,0.0,1.0,6282.0,3.0,12506.0,6078.0,99.9999999999999,750000.0,828000.0,4,10625.0,True,False,False,1,1.0
MLC-4182783528,1.0,1,3,5,True,5480.4,9297.4,2.0,0.0,1.0,0.0,0.0,0.0,0.0,0.0,0.0,0.0,0.0,56.0,53.0,1.0,0.0,0.0,0.0,0.0,1.0,0.0,4.0,4426.0,2.0,23629.0,10635.0,64.8623594811321,435000.0,435000.0,0,10431.431201104464,True,False,True,0,1.0566037735849056
MLC-4091135630,1.0,1,1,9,True,4709.6,4709.6,5.0,0.0,0.0,0.0,0.0,0.0,0.0,0.0,0.0,0.0,0.0,42.0,42.0,0.0,57000.0,1.0,0.0,0.0,1.0,1.0,9.0,6282.0,3.0,12506.0,6078.0,99.9999999999999,430000.0,487000.0,4,10582.52427184466,True,False,False,0,1.0
MLC-4091137848,2.0,1,3,18,False,1375.8,4901.7,0.0,1.0,0.0,0.0,0.0,0.0,0.0,0.0,0.0,0.0,0.0,84.0,78.0,1.0,150000.0,1.0,1.0,0.0,1.0,1.0,11.0,6748.0,4.0,2908.0,1351.0,5.75523405114186,700000.0,850000.0,3,11417.257070445252,True,False,True,0,1.0769230769230769
MLC-4089226048,2.0,1,2,0,True,1591.2,1591.2,4.0,1.0,0.0,0.0,2.0,2.0,0.0,0.0,0.0,0.0,0.0,50.0,50.0,0.0,0.0,1.0,0.0,0.0,1.0,0.0,11.0,5924.0,2.0,3532.0,1915.0,100.0,850000.0,850000.0,4,11609.498680738787,True,False,False,0,1.0
MLC-4091480652,1.0,1,2,9,True,685.0,4792.3,1.0,0.0,0.0,0.0,0.0,0.0,0.0,0.0,0.0,0.0,0.0,52.0,48.0,0.0,65000.0,0.0,0.0,0.0,1.0,1.0,4.0,4433.0,3.0,20174.0,9883.0,82.4572189855629,500000.0,565000.0,4,9941.860465116279,True,False,True,0,1.0833333333333333
MLC-4093485440,1.0,1,1,11,True,610.9,610.9,5.0,5.0,2.0,5.0,3.0,2.0,5.0,2.0,0.0,5.0,0.0,41.0,41.0,1.0,58000.0,0.0,0.0,0.0,1.0,1.0,1.0,6768.0,4.0,1656.0,1111.0,100.0,380000.0,438000.0,2,11347.549909255898,True,False,False,0,1.0
MLC-4093486888,1.0,1,1,7,True,501.8,501.8,5.0,5.0,5.0,3.0,1.0,0.0,4.0,0.0,0.0,5.0,0.0,33.0,33.0,0.0,77000.0,0.0,0.0,0.0,1.0,1.0,9.0,6636.0,4.0,2317.0,1552.0,99.9999999999999,571027.7999999999,648027.7999999999,2,12103.775853775853,True,False,False,1,1.0
MLC-4093490448,2.0,1,3,16,True,3996.5,3996.5,5.0,2.0,0.0,0.0,1.0,2.0,1.0,0.0,1.0,0.0,0.0,84.0,84.0,1.0,150000.0,0.0,0.0,0.0,1.0,1.0,1.0,6684.0,4.0,6833.0,3079.0,90.5171296845883,650000.0,800000.0,4,12295.081967213115,True,False,False,0,1.0
MLC-4093481350,3.0,1,4,25,True,853.0,853.0,5.0,5.0,5.0,1.0,2.0,0.0,0.0,0.0,0.0,0.0,0.0,150.0,150.0,1.0,260000.0,1.0,1.0,0.0,1.0,1.0,8.0,4687.0,1.0,2156.0,1177.0,57.9263203269884,1404207.0,1664207.0,2,13069.581280788178,True,False,False,0,1.0
MLC-4173029458,1.0,1,1,0,True,1675.4,1675.4,5.0,2.0,5.0,1.0,2.0,4.0,0.0,0.0,0.0,1.0,0.0,36.0,33.0,1.0,50000.0,1.0,0.0,0.0,1.0,1.0,9.0,6691.0,4.0,2810.0,1764.0,100.0,450000.0,500000.0,4,12605.263157894737,True,False,False,0,1.0909090909090908
MLC-4093516152,2.0,1,3,16,True,3996.5,3996.5,5.0,2.0,0.0,0.0,1.0,2.0,1.0,0.0,1.0,0.0,0.0,84.0,84.0,1.0,150000.0,0.0,0.0,0.0,1.0,1.0,1.0,6684.0,4.0,6833.0,3079.0,90.5171296845883,850000.0,1000000.0,4,12295.081967213115,True,False,False,1,1.0
MLC-4093519692,2.0,2,2,2,True,2337.9,4967.7,0.0,0.0,0.0,0.0,0.0,0.0,0.0,0.0,0.0,0.0,0.0,64.1,64.6,1.0,115000.0,1.0,1.0,0.0,1.0,0.0,8.0,6748.0,4.0,2908.0,1351.0,5.75523405114186,735000.0,850000.0,3,12142.857142857143,True,False,True,0,0.9922600619195047
MLC-4093520630,2.0,1,2,4,True,816.0,816.0,5.0,4.0,2.0,0.0,0.0,1.0,2.0,1.0,0.0,0.0,0.0,73.0,73.0,1.0,120000.0,0.0,0.0,0.0,1.0,1.0,6.0,5492.0,1.0,2073.0,1418.0,100.0,520000.0,640000.0,2,12500.0,True,False,False,0,1.0
MLC-4160893314,2.0,0,2,10,False,762.1,762.1,5.0,1.0,4.0,3.0,2.0,3.0,4.0,2.0,0.0,5.0,1.0,59.7,58.3,1.0,70000.0,0.0,0.0,0.0,0.0,1.0,7.0,3967.0,1.0,2152.0,1148.0,50.505791961991,450000.0,520000.0,2,11392.82321899736,True,False,False,0,1.0240137221269299
MLC-4159976700,2.0,1,3,55,False,5544.4,7064.6,5.0,0.0,0.0,0.0,1.0,0.0,0.0,0.0,0.0,0.0,0.0,70.0,70.0,0.0,36000.0,0.0,0.0,0.0,0.0,0.0,4.0,6682.0,4.0,4021.0,1996.0,65.5175717706704,500000.0,536000.0,1,11400.0,False,True,False,0,1.0
MLC-4093524114,1.0,1,3,0,True,4174.0,8453.8,5.0,1.0,1.0,0.0,2.0,0.0,0.0,0.0,0.0,0.0,0.0,58.0,53.0,0.0,50000.0,1.0,0.0,0.0,1.0,0.0,1.0,6358.0,4.0,4448.0,2458.0,54.2005929673536,500000.0,550000.0,4,9083.916083916083,True,True,False,0,1.0943396226415094
MLC-4093525378,2.0,1,2,15,False,460.8,460.8,5.0,5.0,3.0,5.0,1.0,1.0,5.0,1.0,0.0,5.0,0.0,55.0,55.0,0.0,90000.0,1.0,0.0,0.0,0.0,1.0,13.0,6318.0,3.0,1035.0,677.0,100.0,560000.0,650000.0,2,11718.75,True,False,False,0,1.0
MLC-4216694704,2.0,1,2,6,True,1033.7,5098.8,1.0,0.0,0.0,0.0,0.0,0.0,0.0,0.0,0.0,0.0,0.0,60.0,58.0,0.0,70000.0,1.0,1.0,0.0,1.0,1.0,2.0,4433.0,3.0,20174.0,9883.0,82.4572189855629,520000.0,590000.0,4,10477.272727272728,True,False,True,0,1.0344827586206897
MLC-4093527724,1.0,1,1,20,True,1445.8,4860.8,0.0,1.0,0.0,0.0,0.0,0.0,0.0,0.0,0.0,0.0,0.0,66.0,49.0,1.0,90000.0,1.0,1.0,0.0,1.0,0.0,2.0,6748.0,4.0,2908.0,1351.0,5.75523405114186,480000.0,570000.0,3,11326.671128466121,True,False,True,0,1.346938775510204
MLC-4093526286,1.0,0,2,0,True,1141.4,1141.4,5.0,0.0,1.0,0.0,5.0,0.0,0.0,0.0,0.0,0.0,0.0,41.0,41.0,0.0,50000.0,0.0,0.0,0.0,1.0,1.0,1.0,5752.0,2.0,3137.0,1789.0,100.0,400000.0,450000.0,2,9572.727272727272,True,False,False,0,1.0
MLC-4161000366,1.0,1,2,5,True,1334.9,1334.9,5.0,1.0,2.0,0.0,1.0,2.0,0.0,0.0,0.0,0.0,0.0,49.0,49.0,0.0,65000.0,0.0,0.0,0.0,0.0,1.0,6.0,6691.0,4.0,2810.0,1764.0,100.0,545000.0,610000.0,4,12229.53216374269,True,False,False,0,1.0
MLC-4093529836,2.0,1,3,16,True,3996.5,3996.5,5.0,2.0,0.0,0.0,1.0,2.0,1.0,0.0,1.0,0.0,0.0,84.0,84.0,1.0,150000.0,0.0,0.0,0.0,1.0,1.0,1.0,6684.0,4.0,6833.0,3079.0,90.5171296845883,850000.0,1000000.0,4,12295.081967213115,True,False,False,1,1.0
MLC-4241424248,1.0,1,2,2,True,747.5,747.5,4.0,3.0,3.0,0.0,1.0,0.0,0.0,0.0,0.0,0.0,0.0,55.0,55.0,1.0,95000.0,0.0,0.0,0.0,1.0,1.0,14.0,6636.0,4.0,2317.0,1552.0,99.9999999999999,660000.0,755000.0,2,12753.289705882353,True,False,False,0,1.0
MLC-2070936357,1.0,1,1,11,False,933.3,933.3,5.0,0.0,2.0,0.0,2.0,1.0,0.0,0.0,0.0,0.0,0.0,48.0,41.0,0.0,60000.0,1.0,1.0,0.0,1.0,1.0,7.0,5941.0,2.0,3137.0,1891.0,100.0,420000.0,480000.0,2,11285.714285714286,True,False,False,0,1.170731707317073
MLC-4096142872,2.0,1,2,0,True,4174.0,8453.8,5.0,1.0,1.0,0.0,2.0,0.0,0.0,0.0,0.0,0.0,0.0,65.0,65.0,0.0,50000.0,0.0,0.0,0.0,1.0,1.0,4.0,6358.0,4.0,4448.0,2458.0,54.2005929673536,540000.0,590000.0,4,9090.90909090909,True,True,False,0,1.0
MLC-4098188622,2.0,1,2,0,False,1386.3,1386.3,1.0,2.0,3.0,0.0,0.0,0.0,0.0,0.0,0.0,0.0,0.0,52.0,52.0,1.0,95000.0,0.0,0.0,0.0,0.0,0.0,1.0,4687.0,1.0,2156.0,1177.0,57.9263203269884,650000.0,745000.0,2,13157.894736842105,True,False,False,0,1.0
MLC-2089671813,1.0,1,2,30,True,2229.8,2229.8,5.0,2.0,3.0,0.0,2.0,4.0,2.0,0.0,1.0,1.0,0.0,84.0,84.0,1.0,0.0,1.0,0.0,0.0,1.0,0.0,1.0,6715.0,4.0,2440.0,1484.0,100.0,600000.0,600000.0,4,8965.51724137931,True,False,False,0,1.0
MLC-4096154148,1.0,1,2,6,True,2749.9,6997.6,0.0,0.0,0.0,0.0,0.0,0.0,0.0,0.0,0.0,0.0,0.0,54.0,52.0,0.0,0.0,0.0,0.0,0.0,1.0,0.0,5.0,4924.0,2.0,16315.0,7728.0,96.1398621005236,450000.0,450000.0,1,8441.295546558704,True,True,False,0,1.0384615384615385
MLC-1983492691,2.0,0,2,1,True,375.2,375.2,5.0,1.0,5.0,5.0,1.0,5.0,5.0,1.0,0.0,4.0,0.0,59.7,58.3,0.0,60000.0,1.0,0.0,0.0,1.0,1.0,18.0,5332.0,1.0,4499.0,2404.0,100.0,650000.0,710000.0,2,12404.580152671757,True,False,False,0,1.0240137221269299
MLC-4096247792,1.0,0,1,0,False,1859.0,1859.0,0.0,0.0,0.0,0.0,0.0,0.0,0.0,0.0,0.0,0.0,0.0,33.0,37.6,0.0,0.0,0.0,0.0,0.0,0.0,0.0,1.0,6304.0,3.0,4026.0,2134.0,100.0,250000.0,250000.0,1,11400.0,False,False,False,0,0.8776595744680851
MLC-2001176695,1.0,1,1,6,False,4322.0,4322.0,5.0,0.0,0.0,0.0,0.0,0.0,0.0,0.0,0.0,0.0,0.0,42.0,42.0,0.0,0.0,0.0,1.0,0.0,0.0,1.0,2.0,6282.0,3.0,12506.0,6078.0,99.9999999999999,700000.0,700000.0,4,10625.0,True,False,False,0,1.0
MLC-4096248906,1.0,1,2,1,True,5167.9,5167.9,0.0,0.0,0.0,0.0,0.0,0.0,0.0,0.0,0.0,0.0,0.0,63.0,60.0,0.0,55000.0,1.0,0.0,0.0,1.0,0.0,1.0,6409.0,4.0,6576.0,3080.0,94.3101149608368,435000.0,490000.0,0,9523.809523809523,True,False,False,0,1.05
MLC-1990068925,1.0,0,1,3,True,1597.0,1597.0,5.0,1.0,4.0,0.0,1.0,2.0,0.0,0.0,0.0,0.0,0.0,47.0,39.0,0.0,65000.0,0.0,0.0,0.0,1.0,1.0,15.0,6691.0,4.0,2810.0,1764.0,100.0,520000.0,585000.0,4,12708.494208494209,True,False,False,1,1.205128205128205
MLC-2027948275,2.0,1,2,4,True,1558.4,1558.4,5.0,0.0,0.0,2.0,1.0,3.0,0.0,0.0,0.0,1.0,0.0,56.0,51.0,1.0,70000.0,1.0,0.0,0.0,1.0,1.0,1.0,6382.0,3.0,2472.0,1579.0,44.7477970543667,620000.0,690000.0,4,12911.739130434784,True,False,False,0,1.0980392156862746
MLC-4101740888,2.0,0,2,15,True,793.4,793.4,5.0,5.0,0.0,0.0,1.0,1.0,2.0,1.0,0.0,5.0,0.0,45.0,45.0,0.0,80000.0,1.0,0.0,0.0,1.0,1.0,9.0,6768.0,4.0,1656.0,1111.0,100.0,450000.0,530000.0,2,11875.0,True,False,False,0,1.0
MLC-4146282182,1.0,1,3,7,True,2553.2,5135.4,5.0,0.0,0.0,1.0,0.0,1.0,0.0,0.0,0.0,0.0,0.0,60.0,60.0,0.0,0.0,1.0,0.0,0.0,1.0,1.0,12.0,5933.0,4.0,1180.0,720.0,100.0,580000.0,580000.0,1,9786.842105263157,True,True,False,0,1.0
MLC-4096287020,1.0,1,2,7,False,4223.8,8340.0,5.0,2.0,0.0,0.0,0.0,1.0,0.0,0.0,0.0,1.0,0.0,52.0,50.0,0.0,0.0,0.0,0.0,0.0,1.0,0.0,1.0,1859.0,2.0,27535.0,12357.0,68.1398650783455,390000.0,390000.0,0,8051.724137931034,True,False,True,0,1.04
MLC-4096291518,2.0,0,2,16,True,898.7,898.7,5.0,5.0,1.0,1.0,1.0,2.0,3.0,0.0,0.0,4.0,0.0,58.0,56.0,0.0,70000.0,0.0,0.0,0.0,1.0,1.0,12.0,6636.0,4.0,2317.0,1552.0,99.9999999999999,500000.0,570000.0,2,12185.622859709201,True,False,False,0,1.0357142857142858
MLC-4096291566,2.0,1,2,10,True,1669.5,10021.1,2.0,0.0,0.0,0.0,0.0,0.0,0.0,0.0,0.0,0.0,0.0,55.0,53.0,0.0,75000.0,0.0,1.0,0.0,1.0,1.0,3.0,6201.0,4.0,3828.0,1963.0,52.2534527838595,530000.0,605000.0,0,10300.904977375565,True,True,False,0,1.0377358490566038
MLC-2048440493,2.0,1,2,4,True,1033.7,5098.8,1.0,0.0,0.0,0.0,0.0,0.0,0.0,0.0,0.0,0.0,0.0,56.0,54.0,0.0,75000.0,1.0,1.0,0.0,1.0,0.0,2.0,4433.0,3.0,20174.0,9883.0,82.4572189855629,520000.0,595000.0,4,10454.545454545454,True,False,True,0,1.037037037037037
MLC-4096294800,2.0,1,2,9,True,457.7,4560.1,5.0,0.0,1.0,0.0,1.0,0.0,0.0,0.0,0.0,0.0,0.0,86.0,86.0,0.0,100000.0,1.0,0.0,0.0,1.0,1.0,1.0,4433.0,3.0,20174.0,9883.0,82.4572189855629,750000.0,850000.0,4,9596.774193548386,True,False,True,0,1.0
MLC-4097816834,2.0,1,2,15,True,1591.2,1591.2,4.0,1.0,0.0,0.0,2.0,2.0,0.0,0.0,0.0,0.0,0.0,56.0,54.0,0.0,0.0,0.0,1.0,0.0,1.0,1.0,11.0,5924.0,2.0,3532.0,1915.0,100.0,850000.0,850000.0,4,11609.498680738787,True,False,False,1,1.037037037037037
MLC-4096297996,1.0,0,1,6,True,1044.8,1044.8,5.0,0.0,2.0,0.0,4.0,1.0,0.0,0.0,0.0,0.0,0.0,32.0,32.0,0.0,40000.0,0.0,0.0,0.0,1.0,0.0,1.0,6279.0,3.0,2598.0,1648.0,100.0,380000.0,420000.0,2,11041.666666666666,True,False,False,0,1.0
MLC-4096298794,1.0,1,2,1,True,1939.5,1939.5,5.0,0.0,0.0,0.0,1.0,0.0,0.0,0.0,0.0,0.0,0.0,48.3,52.4,1.0,80000.0,0.0,0.0,0.0,1.0,1.0,7.0,6019.0,3.0,4332.0,2303.0,55.0392235701766,500000.0,580000.0,4,13161.290322580646,True,False,False,0,0.9217557251908397
MLC-4096442032,1.0,0,1,4,True,595.6,595.6,5.0,2.0,2.0,0.0,1.0,2.0,4.0,1.0,0.0,1.0,0.0,35.0,32.0,0.0,60000.0,0.0,0.0,0.0,1.0,1.0,9.0,3511.0,1.0,1254.0,785.0,100.0,390000.0,450000.0,2,12295.081967213115,True,False,False,0,1.09375
MLC-4146261220,2.0,1,3,21,True,1003.8,4794.1,5.0,0.0,0.0,0.0,3.0,1.0,0.0,0.0,0.0,0.0,0.0,89.0,73.0,1.0,100000.0,1.0,0.0,0.0,1.0,1.0,5.0,4433.0,3.0,20174.0,9883.0,82.4572189855629,600000.0,700000.0,4,10047.449325490195,True,False,True,0,1.2191780821917808
MLC-4098158182,2.0,1,2,2,True,1092.4,1092.4,5.0,1.0,1.0,0.0,5.0,0.0,0.0,0.0,0.0,0.0,0.0,60.0,55.0,0.0,94999.0,0.0,0.0,0.0,0.0,0.0,5.0,5941.0,2.0,3137.0,1891.0,100.0,550000.0,644999.0,2,11410.25641025641,True,False,False,0,1.0909090909090908
MLC-4098158790,2.0,1,2,2,True,1427.5,5410.4,1.0,0.0,1.0,0.0,0.0,1.0,0.0,0.0,0.0,0.0,0.0,64.1,64.6,0.0,90000.0,1.0,0.0,0.0,1.0,1.0,4.0,4433.0,3.0,20174.0,9883.0,82.4572189855629,680000.0,770000.0,4,10848.748473748474,True,False,True,0,0.9922600619195047
MLC-4021106118,2.0,2,2,2,True,4640.6,4640.6,5.0,1.0,1.0,0.0,2.0,0.0,0.0,0.0,0.0,0.0,0.0,66.0,60.0,1.0,80000.0,1.0,0.0,0.0,1.0,1.0,8.0,6684.0,4.0,6833.0,3079.0,90.5171296845883,1350000.0,1430000.0,4,11400.0,False,False,False,1,1.1
MLC-4098184374,1.0,0,2,5,False,2855.6,6164.4,5.0,2.0,0.0,0.0,1.0,3.0,1.0,0.0,0.0,0.0,0.0,39.0,38.0,0.0,1000.0,0.0,0.0,0.0,0.0,0.0,1.0,4924.0,2.0,16315.0,7728.0,96.1398621005236,390000.0,391000.0,4,11400.0,False,True,False,0,1.0263157894736843
MLC-4098188930,2.0,1,2,18,False,2235.0,5586.7,0.0,0.0,1.0,0.0,0.0,0.0,0.0,0.0,0.0,0.0,0.0,72.0,68.0,0.0,130000.0,1.0,1.0,0.0,1.0,1.0,10.0,6748.0,4.0,2908.0,1351.0,5.75523405114186,600000.0,730000.0,3,12258.064516129032,True,False,True,0,1.0588235294117647
MLC-4098301194,1.0,0,2,0,True,1686.2,2955.2,5.0,0.0,0.0,0.0,0.0,0.0,0.0,0.0,0.0,0.0,0.0,51.0,51.0,1.0,58000.0,1.0,0.0,0.0,1.0,1.0,2.0,5879.0,4.0,12234.0,5977.0,80.4354882614475,450000.0,508000.0,0,10166.666666666666,True,False,True,0,1.0
MLC-4098488262,2.0,0,2,0,True,723.7,723.7,5.0,5.0,5.0,3.0,2.0,1.0,5.0,0.0,0.0,3.0,0.0,52.0,49.0,1.0,75000.0,0.0,0.0,0.0,1.0,1.0,4.0,6636.0,4.0,2317.0,1552.0,99.9999999999999,500000.0,575000.0,2,12744.569381243064,True,False,False,0,1.0612244897959184
MLC-4098488270,2.0,0,2,0,True,723.7,723.7,5.0,5.0,5.0,3.0,2.0,1.0,5.0,0.0,0.0,3.0,0.0,52.0,49.0,0.0,75000.0,0.0,0.0,0.0,1.0,1.0,6.0,6636.0,4.0,2317.0,1552.0,99.9999999999999,550000.0,625000.0,2,12680.424528301886,True,False,False,0,1.0612244897959184
MLC-4100161860,1.0,1,1,26,False,1229.0,1229.0,1.0,2.0,1.0,0.0,0.0,0.0,0.0,0.0,0.0,0.0,0.0,45.0,38.0,0.0,0.0,0.0,0.0,0.0,0.0,0.0,1.0,4687.0,1.0,2156.0,1177.0,57.9263203269884,500000.0,500000.0,2,13157.894736842105,True,False,False,0,1.1842105263157894
MLC-4100163558,2.0,1,2,6,False,2054.3,3571.0,0.0,0.0,0.0,0.0,0.0,0.0,0.0,0.0,0.0,0.0,0.0,90.0,80.0,0.0,120000.0,0.0,0.0,0.0,0.0,0.0,1.0,6748.0,4.0,2908.0,1351.0,5.75523405114186,830000.0,950000.0,3,11834.935897435898,True,False,True,0,1.125
MLC-4209724822,1.0,1,2,0,False,6092.8,6633.1,0.0,0.0,0.0,0.0,0.0,0.0,0.0,0.0,0.0,0.0,0.0,46.0,46.0,0.0,50000.0,0.0,0.0,0.0,0.0,1.0,1.0,6682.0,4.0,4021.0,1996.0,65.5175717706704,500000.0,550000.0,1,12500.0,True,True,False,0,1.0
MLC-4100165660,2.0,1,2,5,False,4654.5,8764.5,0.0,0.0,0.0,0.0,0.0,0.0,0.0,0.0,0.0,0.0,0.0,90.0,89.0,0.0,0.0,0.0,0.0,0.0,0.0,0.0,1.0,1859.0,2.0,27535.0,12357.0,68.1398650783455,410000.0,410000.0,0,7413.793103448276,True,False,True,1,1.0112359550561798
MLC-2072641729,1.0,1,3,3,True,2121.1,13706.1,5.0,0.0,1.0,0.0,0.0,2.0,0.0,0.0,0.0,0.0,0.0,60.6,59.6,0.0,0.0,0.0,1.0,0.0,1.0,0.0,5.0,5136.0,2.0,13939.0,6879.0,81.3670347779654,511000.0,511000.0,0,8530.884808013356,True,True,False,0,1.016778523489933
MLC-4101642142,1.0,0,2,17,True,515.2,515.2,5.0,5.0,5.0,3.0,3.0,3.0,5.0,1.0,0.0,5.0,0.0,60.0,60.0,0.0,80000.0,0.0,0.0,0.0,1.0,1.0,5.0,6636.0,4.0,2317.0,1552.0,99.9999999999999,550000.0,630000.0,2,13037.5,True,False,False,0,1.0
MLC-4101736978,2.0,1,3,5,True,2640.8,8977.5,0.0,0.0,0.0,0.0,0.0,0.0,0.0,0.0,0.0,0.0,0.0,79.5,77.5,0.0,50000.0,1.0,0.0,0.0,1.0,0.0,3.0,5342.0,3.0,2386.0,1215.0,18.5074470416839,450000.0,500000.0,0,9230.76923076923,True,True,False,0,1.0258064516129033
MLC-4173007764,1.0,0,1,2,True,576.7,576.7,5.0,5.0,1.0,5.0,0.0,1.0,5.0,2.0,0.0,5.0,0.0,33.1,37.9,1.0,80000.0,0.0,0.0,0.0,0.0,1.0,9.0,6768.0,4.0,1656.0,1111.0,100.0,300000.0,380000.0,2,11797.979797979799,True,False,False,0,0.8733509234828497
MLC-4101739800,2.0,1,3,14,False,5291.2,9445.2,0.0,0.0,0.0,0.0,0.0,0.0,0.0,0.0,0.0,0.0,0.0,65.0,65.0,0.0,90000.0,1.0,1.0,0.0,1.0,1.0,1.0,1859.0,2.0,27535.0,12357.0,68.1398650783455,600000.0,690000.0,0,10995.039682539682,True,False,True,0,1.0
MLC-4101742844,1.0,1,2,8,True,4785.8,4785.8,5.0,1.0,0.0,0.0,2.0,0.0,0.0,0.0,0.0,0.0,0.0,66.0,58.0,0.0,60000.0,1.0,1.0,0.0,1.0,0.0,9.0,6282.0,3.0,12506.0,6078.0,99.9999999999999,500000.0,560000.0,4,11000.0,True,False,False,0,1.1379310344827587
MLC-4101799296,1.0,1,2,12,True,1151.4,1151.4,5.0,3.0,1.0,0.0,1.0,0.0,0.0,0.0,0.0,1.0,0.0,44.0,44.0,1.0,90000.0,1.0,0.0,0.0,1.0,1.0,13.0,6382.0,3.0,2472.0,1579.0,44.7477970543667,500000.0,590000.0,4,11920.718014932914,True,False,False,0,1.0
MLC-4101799396,1.0,1,3,3,True,2087.2,13662.8,5.0,1.0,1.0,0.0,0.0,2.0,0.0,0.0,0.0,0.0,0.0,56.1,56.0,0.0,0.0,1.0,0.0,0.0,1.0,0.0,5.0,4290.0,1.0,8912.0,4260.0,99.9999999999999,450000.0,450000.0,0,8552.35515568453,True,True,False,0,1.0017857142857143
MLC-4101801572,2.0,1,3,20,False,1366.0,1366.0,5.0,2.0,2.0,1.0,0.0,2.0,2.0,0.0,3.0,4.0,0.0,80.0,80.0,1.0,160000.0,0.0,0.0,0.0,1.0,1.0,8.0,6382.0,3.0,2472.0,1579.0,44.7477970543667,650000.0,810000.0,4,11483.38649654439,True,False,False,0,1.0
MLC-4101799606,1.0,1,2,12,True,1151.4,1151.4,5.0,3.0,1.0,0.0,1.0,0.0,0.0,0.0,0.0,1.0,0.0,44.0,44.0,1.0,90000.0,1.0,0.0,0.0,1.0,1.0,13.0,6382.0,3.0,2472.0,1579.0,44.7477970543667,500000.0,590000.0,4,11920.718014932914,True,False,False,0,1.0
MLC-4101804478,2.0,1,2,0,True,1643.0,1643.0,5.0,2.0,2.0,0.0,4.0,1.0,0.0,0.0,0.0,0.0,0.0,60.0,58.0,0.0,70000.0,0.0,0.0,0.0,1.0,1.0,10.0,6304.0,3.0,4026.0,2134.0,100.0,530000.0,600000.0,1,9980.106100795756,True,False,False,0,1.0344827586206897
MLC-4101806266,2.0,1,2,8,True,1033.7,5098.8,1.0,0.0,0.0,0.0,0.0,0.0,0.0,0.0,0.0,0.0,0.0,60.0,65.0,0.0,80000.0,1.0,1.0,0.0,1.0,1.0,2.0,4433.0,3.0,20174.0,9883.0,82.4572189855629,500000.0,580000.0,4,10477.272727272728,True,False,True,0,0.9230769230769231
MLC-4101806864,1.0,0,1,5,True,1004.6,1004.6,5.0,3.0,2.0,0.0,1.0,0.0,1.0,0.0,0.0,0.0,0.0,33.0,37.6,0.0,50000.0,0.0,0.0,0.0,1.0,0.0,1.0,6178.0,3.0,2620.0,1658.0,100.0,400000.0,450000.0,2,12361.111111111111,True,False,False,0,0.8776595744680851
MLC-2057125009,2.0,1,3,7,True,1135.2,4951.3,5.0,0.0,0.0,0.0,1.0,2.0,0.0,0.0,0.0,0.0,0.0,87.0,75.0,1.0,100000.0,1.0,1.0,0.0,1.0,1.0,3.0,4433.0,3.0,20174.0,9883.0,82.4572189855629,653516.64,753516.64,4,10333.333333333334,True,False,True,0,1.16
MLC-4101810568,2.0,0,2,3,True,793.8,793.8,5.0,4.0,4.0,1.0,0.0,3.0,3.0,2.0,0.0,4.0,0.0,61.0,61.0,0.0,75000.0,0.0,0.0,0.0,1.0,1.0,9.0,5492.0,1.0,2073.0,1418.0,100.0,715000.0,790000.0,2,12469.512195121952,True,False,False,0,1.0
MLC-4102136892,1.0,1,1,0,False,3870.4,3870.4,4.0,0.0,0.0,0.0,0.0,0.0,0.0,0.0,0.0,0.0,0.0,45.0,43.0,1.0,70000.0,0.0,1.0,0.0,1.0,0.0,1.0,6684.0,4.0,6833.0,3079.0,90.5171296845883,460000.0,530000.0,4,12859.073359073358,True,False,False,0,1.0465116279069768
MLC-4102140114,2.0,1,3,1,True,559.2,4484.2,0.0,0.0,0.0,0.0,0.0,0.0,0.0,0.0,0.0,0.0,0.0,105.0,100.0,1.0,120000.0,0.0,1.0,0.0,0.0,1.0,5.0,5879.0,4.0,12234.0,5977.0,80.4354882614475,900000.0,1020000.0,0,10916.17933723197,True,False,True,0,1.05
MLC-4102141336,2.0,2,3,0,True,482.1,482.1,5.0,2.0,3.0,1.0,1.0,3.0,5.0,2.0,0.0,2.0,0.0,59.8,74.9,2.0,116000.0,0.0,0.0,0.0,1.0,1.0,1.0,3511.0,1.0,1254.0,785.0,100.0,700000.0,816000.0,2,11755.31914893617,True,False,False,0,0.7983978638184245
MLC-4102144950,2.0,1,2,2,True,2993.1,2993.1,5.0,0.0,2.0,0.0,3.0,3.0,1.0,0.0,0.0,0.0,0.0,59.8,58.2,1.0,85000.0,0.0,1.0,0.0,1.0,1.0,5.0,5455.0,1.0,10400.0,5578.0,70.0075532601241,540000.0,625000.0,0,10666.666666666666,True,False,False,0,1.0274914089347078
MLC-4103709030,2.0,0,2,16,True,792.7,792.7,5.0,4.0,0.0,0.0,1.0,1.0,2.0,1.0,0.0,5.0,0.0,65.0,65.0,1.0,110000.0,1.0,0.0,0.0,1.0,1.0,9.0,6768.0,4.0,1656.0,1111.0,100.0,500000.0,610000.0,2,11875.0,True,False,False,0,1.0
MLC-4105438038,1.0,0,1,0,True,746.9,746.9,5.0,4.0,5.0,1.0,1.0,0.0,1.0,0.0,0.0,2.0,0.0,39.0,37.0,0.0,70000.0,0.0,0.0,0.0,1.0,1.0,1.0,6636.0,4.0,2317.0,1552.0,99.9999999999999,390000.0,460000.0,2,13230.240549828179,True,False,False,0,1.054054054054054
MLC-2063375013,2.0,1,2,7,True,2588.3,2588.3,5.0,0.0,1.0,0.0,0.0,1.0,0.0,0.0,0.0,0.0,0.0,76.0,76.0,0.0,160000.0,0.0,0.0,0.0,1.0,1.0,1.0,6741.0,4.0,1295.0,716.0,36.9900234018146,800000.0,960000.0,2,14291.460532325378,True,False,False,0,1.0
MLC-4105451676,2.0,1,3,2,True,6826.3,10560.6,0.0,0.0,0.0,0.0,1.0,0.0,0.0,0.0,0.0,0.0,0.0,81.5,82.3,0.0,45000.0,1.0,0.0,0.0,1.0,0.0,3.0,4426.0,2.0,23629.0,10635.0,64.8623594811321,550000.0,595000.0,0,9312.5,True,False,True,0,0.9902794653705954
MLC-2070820375,1.0,1,1,16,False,677.1,677.1,5.0,0.0,4.0,1.0,0.0,5.0,0.0,0.0,0.0,0.0,0.0,48.0,48.0,0.0,0.0,0.0,0.0,0.0,0.0,0.0,2.0,4644.0,1.0,2739.0,1645.0,100.0,480000.0,480000.0,2,10950.859950859951,True,False,False,1,1.0
MLC-4103977128,1.0,0,1,3,True,1597.0,1597.0,5.0,1.0,4.0,0.0,1.0,2.0,0.0,0.0,0.0,0.0,0.0,38.0,38.0,0.0,45000.0,0.0,0.0,0.0,1.0,0.0,1.0,6691.0,4.0,2810.0,1764.0,100.0,450000.0,495000.0,4,12708.494208494209,True,False,False,0,1.0
MLC-4105451636,2.0,1,2,0,True,1787.3,4908.7,0.0,0.0,0.0,0.0,0.0,0.0,0.0,0.0,0.0,0.0,0.0,50.0,50.0,0.0,190000.0,0.0,1.0,0.0,1.0,0.0,5.0,6748.0,4.0,2908.0,1351.0,5.75523405114186,600000.0,790000.0,3,10940.347970173985,True,False,True,1,1.0
MLC-4105563480,1.0,1,2,6,True,7157.7,10598.0,5.0,0.0,1.0,0.0,0.0,0.0,0.0,0.0,0.0,0.0,0.0,50.0,48.0,0.0,47000.0,1.0,0.0,0.0,1.0,0.0,1.0,4426.0,2.0,23629.0,10635.0,64.8623594811321,400000.0,447000.0,0,8492.829204693611,True,False,True,0,1.0416666666666667
MLC-2089673345,1.0,0,1,22,True,1047.3,1047.3,5.0,1.0,3.0,0.0,5.0,1.0,0.0,0.0,0.0,0.0,0.0,45.0,45.0,1.0,60000.0,0.0,0.0,0.0,1.0,0.0,1.0,5941.0,2.0,3137.0,1891.0,100.0,400000.0,460000.0,2,11428.57142857143,True,False,False,0,1.0
MLC-4105555540,1.0,0,1,0,True,698.9,698.9,5.0,1.0,4.0,0.0,0.0,2.0,2.0,1.0,0.0,0.0,0.0,31.0,37.9,0.0,50000.0,0.0,0.0,0.0,1.0,1.0,1.0,4644.0,1.0,2739.0,1645.0,100.0,355000.0,405000.0,2,12400.0,True,False,False,0,0.8179419525065963
MLC-4105562872,2.0,1,2,5,True,621.9,621.9,5.0,3.0,2.0,0.0,1.0,3.0,5.0,2.0,0.0,1.0,0.0,60.0,60.0,1.0,100000.0,1.0,1.0,0.0,1.0,1.0,16.0,5492.0,1.0,2073.0,1418.0,100.0,650000.0,750000.0,2,12295.081967213115,True,False,False,0,1.0
MLC-4105684404,1.0,1,1,7,True,2993.1,2993.1,5.0,0.0,2.0,0.0,3.0,3.0,1.0,0.0,0.0,0.0,0.0,39.0,35.0,0.0,50000.0,0.0,0.0,0.0,1.0,1.0,1.0,5455.0,1.0,10400.0,5578.0,70.0075532601241,450000.0,500000.0,0,10666.666666666666,True,False,False,0,1.1142857142857143
MLC-2071204215,2.0,1,2,8,True,1123.1,1123.1,5.0,3.0,1.0,0.0,0.0,0.0,2.0,0.0,0.0,4.0,0.0,65.0,65.0,1.0,80000.0,0.0,0.0,0.0,0.0,1.0,18.0,6382.0,3.0,2472.0,1579.0,44.7477970543667,590000.0,670000.0,4,11873.35092348285,True,False,False,0,1.0
MLC-4105565762,2.0,1,2,6,True,4321.9,4321.9,5.0,0.0,0.0,0.0,0.0,0.0,0.0,0.0,0.0,0.0,0.0,78.0,72.0,1.0,80000.0,0.0,1.0,0.0,1.0,0.0,1.0,6282.0,3.0,12506.0,6078.0,99.9999999999999,750000.0,830000.0,4,10625.0,True,False,False,0,1.0833333333333333
MLC-4105566938,1.0,0,1,26,True,1359.0,1359.0,5.0,2.0,2.0,1.0,0.0,2.0,2.0,0.0,3.0,4.0,0.0,38.0,38.0,0.0,49000.0,0.0,0.0,0.0,1.0,0.0,5.0,6382.0,3.0,2472.0,1579.0,44.7477970543667,390000.0,439000.0,4,10897.435897435897,True,False,False,0,1.0
MLC-4105567440,1.0,0,3,30,False,1348.5,5410.3,5.0,1.0,3.0,0.0,0.0,3.0,0.0,0.0,0.0,0.0,0.0,90.0,90.0,0.0,15000.0,0.0,0.0,0.0,0.0,0.0,3.0,4433.0,3.0,20174.0,9883.0,82.4572189855629,390000.0,405000.0,4,11919.50464396285,True,False,True,0,1.0
MLC-4182525388,2.0,2,3,18,True,1461.6,4986.5,0.0,1.0,0.0,0.0,0.0,0.0,0.0,0.0,0.0,0.0,0.0,85.0,81.0,1.0,140000.0,1.0,1.0,0.0,1.0,1.0,6.0,6748.0,4.0,2908.0,1351.0,5.75523405114186,790000.0,930000.0,3,11353.03265940902,True,False,True,0,1.0493827160493827
MLC-4105567984,1.0,1,2,0,True,1762.2,1762.2,1.0,0.0,1.0,0.0,0.0,1.0,0.0,0.0,0.0,0.0,0.0,42.0,42.0,0.0,0.0,0.0,0.0,0.0,0.0,0.0,1.0,5924.0,2.0,3532.0,1915.0,100.0,460000.0,460000.0,4,11638.082673702727,True,False,False,0,1.0
MLC-4105672356,1.0,1,1,0,True,4273.0,4057.6,1.0,0.0,0.0,0.0,0.0,1.0,0.0,0.0,0.0,0.0,0.0,35.6,34.0,0.0,0.0,0.0,0.0,0.0,0.0,0.0,1.0,6368.0,4.0,6250.0,3287.0,84.6415320141748,480000.0,480000.0,4,12647.058823529413,True,True,False,0,1.0470588235294118
MLC-4176383394,1.0,0,3,14,False,3642.2,7799.6,5.0,2.0,0.0,1.0,3.0,1.0,0.0,0.0,0.0,0.0,1.0,56.0,56.0,0.0,30000.0,0.0,0.0,0.0,1.0,0.0,1.0,1859.0,2.0,27535.0,12357.0,68.1398650783455,350000.0,380000.0,0,7782.924528301886,True,False,True,0,1.0
MLC-4206498228,2.0,1,2,0,True,948.9,948.9,5.0,1.0,3.0,0.0,1.0,1.0,2.0,0.0,0.0,0.0,0.0,56.0,53.0,1.0,40000.0,0.0,0.0,0.0,1.0,0.0,1.0,6178.0,3.0,2620.0,1658.0,100.0,480000.0,520000.0,2,12450.0,True,False,False,0,1.0566037735849056
MLC-4105680702,1.0,0,1,0,True,698.9,698.9,5.0,1.0,4.0,0.0,0.0,2.0,2.0,1.0,0.0,0.0,0.0,32.0,37.6,0.0,50000.0,0.0,0.0,0.0,1.0,1.0,11.0,4644.0,1.0,2739.0,1645.0,100.0,370000.0,420000.0,2,12400.0,True,False,False,0,0.851063829787234
MLC-2070818811,2.0,1,2,6,True,1946.4,5741.3,5.0,1.0,2.0,0.0,4.0,1.0,0.0,0.0,0.0,0.0,0.0,45.0,45.0,0.0,85000.0,0.0,0.0,0.0,1.0,0.0,1.0,4433.0,3.0,20174.0,9883.0,82.4572189855629,480000.0,565000.0,4,10793.650793650793,True,False,True,0,1.0
MLC-4105681176,2.0,1,2,9,True,855.7,855.7,5.0,5.0,2.0,2.0,1.0,2.0,3.0,1.0,1.0,5.0,0.0,70.0,62.0,1.0,90000.0,0.0,0.0,0.0,1.0,1.0,1.0,5492.0,1.0,2073.0,1418.0,100.0,670000.0,760000.0,2,12093.023255813954,True,False,False,0,1.1290322580645162
MLC-4105688020,2.0,1,3,21,False,2538.1,2538.1,0.0,0.0,0.0,0.0,0.0,0.0,0.0,0.0,0.0,0.0,0.0,74.0,70.0,0.0,70000.0,1.0,0.0,0.0,1.0,1.0,6.0,6304.0,3.0,4026.0,2134.0,100.0,600000.0,670000.0,4,12340.425531914894,True,False,False,0,1.0571428571428572
MLC-4230684732,2.0,1,3,3,True,705.0,705.0,5.0,5.0,2.0,2.0,0.0,2.0,2.0,0.0,0.0,3.0,0.0,85.0,85.0,0.0,100000.0,0.0,1.0,0.0,0.0,1.0,23.0,6636.0,4.0,2317.0,1552.0,99.9999999999999,950000.0,1050000.0,2,12754.19587334934,True,False,False,1,1.0
MLC-4105693910,2.0,1,2,4,True,1597.0,1597.0,5.0,1.0,4.0,0.0,1.0,2.0,0.0,0.0,0.0,0.0,0.0,57.0,57.0,1.0,100000.0,1.0,0.0,0.0,1.0,1.0,3.0,6691.0,4.0,2810.0,1764.0,100.0,650000.0,750000.0,4,12708.494208494209,True,False,False,1,1.0
MLC-4206498638,2.0,1,2,6,True,2588.3,2588.3,5.0,0.0,1.0,0.0,0.0,1.0,0.0,0.0,0.0,0.0,0.0,72.0,72.0,1.0,80000.0,1.0,1.0,0.0,1.0,1.0,12.0,6741.0,4.0,1295.0,716.0,36.9900234018146,690000.0,770000.0,2,14291.460532325378,True,False,False,0,1.0
MLC-4234265078,2.0,1,2,7,True,1601.8,1601.8,5.0,1.0,0.0,2.0,0.0,5.0,1.0,0.0,0.0,1.0,0.0,59.7,58.3,1.0,150000.0,0.0,0.0,0.0,1.0,1.0,13.0,6691.0,4.0,2810.0,1764.0,100.0,620000.0,770000.0,4,13026.315789473685,True,False,False,0,1.0240137221269299
MLC-4108767006,1.0,0,1,2,True,802.7,802.7,5.0,5.0,2.0,2.0,1.0,1.0,2.0,2.0,0.0,5.0,0.0,35.0,35.0,0.0,50000.0,0.0,0.0,0.0,1.0,1.0,4.0,6768.0,4.0,1656.0,1111.0,100.0,420000.0,470000.0,2,11875.0,True,False,False,0,1.0
MLC-2069548435,1.0,1,2,3,True,2533.3,9062.4,5.0,2.0,1.0,0.0,1.0,0.0,0.0,0.0,0.0,0.0,0.0,57.0,55.0,0.0,0.0,1.0,0.0,0.0,1.0,0.0,5.0,5342.0,3.0,2386.0,1215.0,18.5074470416839,440000.0,440000.0,0,9074.074074074075,True,True,False,0,1.0363636363636364
MLC-4235776452,2.0,1,2,8,True,2306.7,2306.7,5.0,0.0,3.0,0.0,2.0,0.0,0.0,0.0,0.0,1.0,1.0,59.7,58.3,0.0,65000.0,0.0,0.0,0.0,1.0,1.0,1.0,6019.0,3.0,4332.0,2303.0,55.0392235701766,485000.0,550000.0,4,10259.25925925926,True,False,False,0,1.0240137221269299
MLC-4235675526,1.0,0,3,0,True,2212.5,13792.4,0.0,0.0,0.0,0.0,0.0,0.0,0.0,0.0,0.0,0.0,0.0,54.0,54.0,0.0,40000.0,1.0,0.0,0.0,1.0,0.0,4.0,5136.0,2.0,13939.0,6879.0,81.3670347779654,450000.0,490000.0,0,8854.166666666666,True,True,False,0,1.0
MLC-2086452285,1.0,0,1,15,False,2494.4,10193.3,5.0,2.0,2.0,0.0,2.0,0.0,0.0,0.0,0.0,0.0,0.0,35.6,35.5,0.0,0.0,0.0,0.0,0.0,1.0,0.0,1.0,5685.0,2.0,2775.0,1583.0,66.2842654977411,280000.0,280000.0,4,11400.0,False,True,False,0,1.0028169014084507
MLC-4108981102,2.0,1,3,5,False,6512.7,6482.6,2.0,0.0,0.0,0.0,0.0,0.0,0.0,0.0,0.0,0.0,0.0,63.0,60.0,0.0,0.0,1.0,0.0,0.0,1.0,1.0,8.0,6682.0,4.0,4021.0,1996.0,65.5175717706704,700000.0,700000.0,1,10090.909090909092,True,True,False,0,1.05
MLC-2086452981,2.0,1,2,5,True,1334.9,1334.9,5.0,1.0,2.0,0.0,1.0,2.0,0.0,0.0,0.0,0.0,0.0,58.0,52.0,0.0,80000.0,1.0,0.0,0.0,0.0,1.0,6.0,6691.0,4.0,2810.0,1764.0,100.0,600000.0,680000.0,4,12229.53216374269,True,False,False,0,1.1153846153846154
MLC-4205361826,1.0,0,2,1,True,375.2,375.2,5.0,1.0,5.0,5.0,1.0,5.0,5.0,1.0,0.0,4.0,0.0,48.3,52.4,0.0,50000.0,1.0,0.0,0.0,1.0,1.0,17.0,5332.0,1.0,4499.0,2404.0,100.0,600000.0,650000.0,2,12178.387650085764,True,False,False,0,0.9217557251908397
MLC-4109144670,2.0,1,1,10,True,6924.8,10737.9,0.0,0.0,1.0,0.0,1.0,0.0,0.0,0.0,0.0,0.0,0.0,80.0,90.0,0.0,150000.0,1.0,1.0,0.0,1.0,1.0,10.0,4426.0,2.0,23629.0,10635.0,64.8623594811321,900000.0,1050000.0,0,9445.113333333335,True,False,True,1,0.8888888888888888
MLC-4109455066,2.0,1,3,20,True,4064.4,4064.4,5.0,0.0,0.0,0.0,0.0,1.0,1.0,0.0,1.0,0.0,0.0,68.0,66.0,1.0,100000.0,1.0,1.0,0.0,1.0,1.0,15.0,6684.0,4.0,6833.0,3079.0,90.5171296845883,600000.0,700000.0,4,12295.081967213115,True,False,False,0,1.0303030303030303
MLC-4235681078,2.0,1,2,2,True,2299.5,4949.8,0.0,0.0,0.0,0.0,0.0,0.0,0.0,0.0,0.0,0.0,0.0,89.6,64.3,0.0,120000.0,1.0,1.0,0.0,1.0,1.0,9.0,6748.0,4.0,2908.0,1351.0,5.75523405114186,950000.0,1070000.0,3,11641.791044776119,True,False,True,1,1.3934681181959565
MLC-4109468010,2.0,1,2,8,True,1694.4,1694.4,5.0,1.0,4.0,0.0,0.0,5.0,0.0,0.0,0.0,0.0,0.0,60.0,60.0,0.0,90000.0,0.0,0.0,0.0,1.0,1.0,6.0,6691.0,4.0,2810.0,1764.0,100.0,480000.0,570000.0,4,13142.857142857143,True,False,False,0,1.0
MLC-4179279946,2.0,1,3,13,True,5136.6,5136.6,5.0,1.0,0.0,0.0,1.0,1.0,0.0,0.0,0.0,0.0,0.0,78.0,78.0,1.0,125000.0,1.0,0.0,0.0,1.0,1.0,4.0,6684.0,4.0,6833.0,3079.0,90.5171296845883,700000.0,825000.0,4,10000.0,True,False,False,0,1.0
MLC-4203940834,2.0,1,2,0,True,4698.8,5297.4,4.0,0.0,0.0,0.0,0.0,0.0,0.0,0.0,0.0,0.0,0.0,120.0,105.0,0.0,140000.0,0.0,1.0,0.0,1.0,0.0,1.0,6748.0,4.0,2908.0,1351.0,5.75523405114186,950000.0,1090000.0,1,10380.952380952382,True,False,True,1,1.1428571428571428
MLC-2069547261,1.0,1,2,0,True,2744.4,2744.4,2.0,0.0,0.0,0.0,0.0,0.0,0.0,0.0,0.0,0.0,0.0,52.0,52.0,0.0,0.0,1.0,1.0,0.0,1.0,0.0,5.0,5901.0,2.0,3835.0,2050.0,58.6173339550477,420000.0,420000.0,4,10121.951219512195,True,False,False,0,1.0
MLC-4109494132,1.0,0,1,0,True,2589.7,2589.7,5.0,0.0,0.0,1.0,1.0,0.0,0.0,0.0,0.0,0.0,0.0,33.1,37.9,0.0,45000.0,0.0,0.0,0.0,1.0,0.0,2.0,6304.0,3.0,4026.0,2134.0,100.0,300000.0,345000.0,1,10239.361702127659,True,False,False,0,0.8733509234828497
MLC-2084186773,2.0,0,2,1,True,698.9,698.9,5.0,1.0,4.0,0.0,0.0,2.0,2.0,1.0,0.0,0.0,0.0,47.0,44.0,0.0,70000.0,0.0,0.0,0.0,1.0,1.0,22.0,4644.0,1.0,2739.0,1645.0,100.0,530000.0,600000.0,2,12234.04255319149,True,False,False,0,1.0681818181818181
MLC-4205339970,2.0,1,2,10,True,1681.8,2996.7,4.0,0.0,0.0,0.0,0.0,0.0,0.0,0.0,0.0,0.0,0.0,60.0,60.0,0.0,70000.0,0.0,1.0,0.0,1.0,1.0,6.0,5879.0,4.0,12234.0,5977.0,80.4354882614475,480000.0,550000.0,0,10166.666666666666,True,False,True,0,1.0
MLC-4111940010,2.0,1,2,5,False,873.3,873.3,5.0,1.0,1.0,2.0,0.0,0.0,0.0,0.0,0.0,0.0,0.0,48.0,50.0,0.0,40000.0,0.0,0.0,0.0,1.0,0.0,1.0,5332.0,1.0,4499.0,2404.0,100.0,450000.0,490000.0,2,10833.333333333334,True,False,False,0,0.96
MLC-4110690016,1.0,1,1,6,True,2588.3,2588.3,5.0,0.0,1.0,0.0,0.0,1.0,0.0,0.0,0.0,0.0,0.0,42.0,34.0,1.0,100000.0,0.0,0.0,0.0,1.0,0.0,1.0,6741.0,4.0,1295.0,716.0,36.9900234018146,500000.0,600000.0,2,14043.911512717536,True,False,False,0,1.2352941176470589
MLC-4111940574,1.0,1,1,10,False,792.1,792.1,5.0,0.0,2.0,1.0,2.0,1.0,1.0,0.0,0.0,1.0,1.0,31.0,31.0,1.0,90000.0,0.0,0.0,0.0,0.0,0.0,1.0,3967.0,1.0,2152.0,1148.0,50.505791961991,500000.0,590000.0,2,11304.347826086956,True,False,False,0,1.0
MLC-4205367112,2.0,1,2,0,False,6308.6,10008.3,5.0,0.0,0.0,0.0,0.0,2.0,1.0,0.0,0.0,0.0,1.0,58.0,58.0,1.0,60000.0,0.0,1.0,0.0,1.0,0.0,5.0,4426.0,2.0,23629.0,10635.0,64.8623594811321,400000.0,460000.0,0,7636.363636363636,True,False,True,0,1.0
MLC-4235672182,2.0,1,3,0,True,5614.1,5614.1,0.0,0.0,0.0,0.0,0.0,0.0,0.0,0.0,0.0,0.0,0.0,73.0,69.0,0.0,44000.0,0.0,0.0,0.0,1.0,0.0,1.0,6684.0,4.0,6833.0,3079.0,90.5171296845883,550000.0,594000.0,0,9402.985074626866,True,False,False,0,1.0579710144927537
MLC-4111943716,1.0,1,2,0,True,1446.3,1446.3,5.0,2.0,2.0,1.0,1.0,2.0,1.0,0.0,2.0,2.0,0.0,80.0,76.0,1.0,148000.0,0.0,0.0,0.0,1.0,1.0,3.0,6382.0,3.0,2472.0,1579.0,44.7477970543667,550000.0,698000.0,4,11792.857142857143,True,False,False,0,1.0526315789473684
MLC-4111944468,2.0,1,3,3,True,2061.4,13632.9,5.0,1.0,1.0,0.0,0.0,2.0,0.0,0.0,0.0,0.0,0.0,70.0,70.0,0.0,60000.0,0.0,1.0,0.0,1.0,1.0,7.0,4290.0,1.0,8912.0,4260.0,99.9999999999999,450000.0,510000.0,0,8573.825503355705,True,True,False,0,1.0
MLC-4111970876,1.0,1,1,8,True,751.5,751.5,5.0,5.0,1.0,1.0,1.0,1.0,2.0,1.0,0.0,5.0,0.0,36.0,34.0,1.0,70000.0,1.0,0.0,0.0,1.0,1.0,13.0,6768.0,4.0,1656.0,1111.0,100.0,400000.0,470000.0,2,11777.777777777777,True,False,False,0,1.0588235294117647
MLC-2070929461,2.0,0,2,0,True,1447.5,1447.5,5.0,1.0,0.0,0.0,4.0,2.0,1.0,0.0,0.0,0.0,0.0,50.0,50.0,0.0,0.0,0.0,0.0,0.0,1.0,0.0,1.0,6279.0,3.0,2598.0,1648.0,100.0,700000.0,700000.0,2,11631.578947368422,True,False,False,0,1.0
MLC-4111971126,2.0,1,2,4,False,6003.8,6728.6,3.0,1.0,0.0,0.0,0.0,0.0,0.0,0.0,0.0,0.0,0.0,50.0,48.0,0.0,0.0,0.0,0.0,0.0,0.0,0.0,1.0,6682.0,4.0,4021.0,1996.0,65.5175717706704,500000.0,500000.0,1,12500.0,True,True,False,0,1.0416666666666667
MLC-4234267826,2.0,2,2,0,True,1653.0,4644.7,1.0,1.0,1.0,0.0,0.0,1.0,1.0,0.0,0.0,0.0,0.0,98.0,98.0,1.0,100000.0,1.0,1.0,0.0,1.0,1.0,1.0,6748.0,4.0,2908.0,1351.0,5.75523405114186,900000.0,1000000.0,3,11590.90909090909,True,False,True,1,1.0
MLC-4209024336,2.0,2,3,5,True,6289.2,6623.4,1.0,0.0,0.0,0.0,0.0,0.0,0.0,0.0,0.0,0.0,0.0,70.0,70.0,1.0,92000.0,1.0,0.0,0.0,1.0,1.0,1.0,6682.0,4.0,4021.0,1996.0,65.5175717706704,560000.0,652000.0,1,13000.0,True,True,False,0,1.0
MLC-4146269106,1.0,1,1,14,True,6950.1,5644.6,5.0,0.0,0.0,2.0,0.0,0.0,0.0,1.0,0.0,0.0,0.0,35.6,35.5,0.0,30000.0,0.0,1.0,0.0,1.0,0.0,1.0,6375.0,4.0,4591.0,2555.0,80.1239481965662,400000.0,430000.0,1,9204.097714736014,True,True,False,0,1.0028169014084507
MLC-2072644719,2.0,1,3,20,True,784.8,784.8,5.0,4.0,1.0,0.0,3.0,1.0,3.0,2.0,0.0,4.0,0.0,84.0,80.0,0.0,100000.0,1.0,0.0,0.0,0.0,1.0,6.0,3967.0,1.0,2152.0,1148.0,50.505791961991,680000.0,780000.0,2,11233.766233766233,True,False,False,0,1.05
MLC-4111972958,2.0,1,2,10,True,3913.2,3913.2,3.0,0.0,0.0,0.0,1.0,0.0,0.0,0.0,0.0,0.0,0.0,80.0,76.0,0.0,150000.0,1.0,0.0,0.0,1.0,1.0,5.0,6684.0,4.0,6833.0,3079.0,90.5171296845883,670000.0,820000.0,4,12363.757199822772,True,False,False,0,1.0526315789473684
MLC-4112055074,2.0,1,2,0,True,723.7,723.7,5.0,5.0,5.0,3.0,2.0,1.0,5.0,0.0,0.0,3.0,0.0,59.8,58.2,1.0,90000.0,1.0,0.0,0.0,1.0,1.0,7.0,6636.0,4.0,2317.0,1552.0,99.9999999999999,680000.0,770000.0,2,12680.424528301886,True,False,False,0,1.0274914089347078
MLC-4152884790,2.0,1,2,7,True,6726.7,5944.7,5.0,0.0,0.0,1.0,0.0,0.0,0.0,1.0,0.0,0.0,0.0,70.0,77.0,0.0,65000.0,1.0,0.0,0.0,1.0,1.0,5.0,6375.0,4.0,4591.0,2555.0,80.1239481965662,560000.0,625000.0,1,11000.0,True,True,False,0,0.9090909090909091
MLC-4112419248,2.0,1,2,11,True,1777.6,13339.6,0.0,0.0,0.0,0.0,0.0,0.0,0.0,0.0,0.0,0.0,0.0,57.0,55.0,0.0,75000.0,1.0,1.0,0.0,1.0,1.0,3.0,4290.0,1.0,8912.0,4260.0,99.9999999999999,530000.0,605000.0,1,7809.523809523809,True,True,False,0,1.0363636363636364
MLC-2063384087,3.0,1,3,16,True,3659.9,3659.9,5.0,0.0,1.0,0.0,1.0,1.0,0.0,0.0,0.0,0.0,0.0,127.0,107.0,1.0,250000.0,0.0,0.0,0.0,1.0,1.0,4.0,6684.0,4.0,6833.0,3079.0,90.5171296845883,1100000.0,1350000.0,4,12295.081967213115,True,False,False,0,1.1869158878504673
MLC-4209724824,1.0,0,1,0,True,924.6,924.6,5.0,5.0,2.0,1.0,1.0,2.0,2.0,0.0,0.0,2.0,0.0,33.1,37.9,0.0,60000.0,0.0,0.0,0.0,1.0,1.0,6.0,6636.0,4.0,2317.0,1552.0,99.9999999999999,400000.0,460000.0,2,12753.289705882353,True,False,False,0,0.8733509234828497
MLC-4112423812,2.0,0,2,12,True,898.7,898.7,5.0,5.0,1.0,1.0,1.0,2.0,3.0,0.0,0.0,4.0,0.0,56.0,56.0,0.0,90000.0,0.0,0.0,0.0,1.0,0.0,1.0,6636.0,4.0,2317.0,1552.0,99.9999999999999,500000.0,590000.0,2,12185.622859709201,True,False,False,0,1.0
MLC-4112424488,1.0,1,2,1,True,747.5,747.5,4.0,3.0,3.0,0.0,1.0,0.0,0.0,0.0,0.0,0.0,0.0,45.0,47.0,0.0,80000.0,0.0,0.0,0.0,1.0,0.0,1.0,6636.0,4.0,2317.0,1552.0,99.9999999999999,620000.0,700000.0,2,12753.289705882353,True,False,False,0,0.9574468085106383
MLC-4112422386,1.0,0,1,3,False,1550.7,1550.7,5.0,1.0,0.0,1.0,0.0,4.0,0.0,0.0,0.0,1.0,0.0,33.1,37.9,0.0,35000.0,0.0,0.0,0.0,1.0,0.0,1.0,6382.0,3.0,2472.0,1579.0,44.7477970543667,500000.0,535000.0,4,12714.285714285714,True,False,False,0,0.8733509234828497
MLC-4233325728,2.0,1,2,0,False,2792.9,6931.4,4.0,0.0,0.0,0.0,0.0,0.0,0.0,0.0,0.0,0.0,0.0,60.0,54.0,1.0,50000.0,0.0,0.0,0.0,1.0,0.0,1.0,5385.0,3.0,323.0,156.0,19.0571301445678,500000.0,550000.0,2,11857.142857142857,True,False,True,0,1.1111111111111112
MLC-4112472710,2.0,1,2,9,True,574.2,574.2,5.0,0.0,4.0,0.0,0.0,5.0,3.0,0.0,0.0,0.0,0.0,57.0,57.0,0.0,70000.0,0.0,0.0,0.0,0.0,1.0,6.0,4644.0,1.0,2739.0,1645.0,100.0,560000.0,630000.0,2,12450.0,True,False,False,0,1.0
MLC-4112475794,1.0,0,1,1,True,758.0,758.0,5.0,0.0,4.0,0.0,1.0,0.0,0.0,0.0,0.0,0.0,0.0,37.0,37.0,0.0,50000.0,0.0,0.0,0.0,0.0,1.0,9.0,4644.0,1.0,2739.0,1645.0,100.0,350000.0,400000.0,2,11247.208931419456,True,False,False,0,1.0
MLC-4112480996,1.0,0,1,0,False,2697.4,2697.4,2.0,0.0,1.0,0.0,1.0,0.0,0.0,0.0,0.0,0.0,0.0,33.1,37.9,0.0,0.0,0.0,0.0,0.0,0.0,0.0,3.0,6304.0,3.0,4026.0,2134.0,100.0,360000.0,360000.0,4,10239.361702127659,True,False,False,0,0.8733509234828497
MLC-4212546680,1.0,0,1,2,False,1814.0,1814.0,5.0,1.0,5.0,2.0,2.0,5.0,3.0,0.0,0.0,2.0,0.0,34.0,31.0,0.0,55000.0,0.0,0.0,0.0,1.0,1.0,10.0,6382.0,3.0,2472.0,1579.0,44.7477970543667,440000.0,495000.0,4,13333.333333333334,True,False,False,0,1.096774193548387
MLC-4112481170,2.0,1,2,1,True,1939.5,1939.5,5.0,0.0,0.0,0.0,1.0,0.0,0.0,0.0,0.0,0.0,0.0,50.6,48.0,0.0,70000.0,0.0,0.0,0.0,0.0,1.0,14.0,6019.0,3.0,4332.0,2303.0,55.0392235701766,550000.0,620000.0,4,13161.290322580646,True,False,False,0,1.0541666666666667
MLC-4113212286,2.0,2,2,5,True,458.8,3935.2,5.0,0.0,1.0,0.0,3.0,2.0,5.0,0.0,0.0,0.0,2.0,67.0,65.0,1.0,115000.0,1.0,0.0,0.0,1.0,1.0,5.0,5879.0,4.0,12234.0,5977.0,80.4354882614475,620000.0,735000.0,0,11428.57142857143,True,False,True,0,1.0307692307692307
MLC-4116007300,1.0,0,1,0,True,2687.4,2687.4,2.0,0.0,1.0,0.0,1.0,0.0,0.0,0.0,0.0,0.0,0.0,33.0,37.6,0.0,35000.0,0.0,0.0,0.0,1.0,1.0,1.0,6304.0,3.0,4026.0,2134.0,100.0,330000.0,365000.0,4,10239.361702127659,True,False,False,0,0.8776595744680851
MLC-4233323192,2.0,1,3,30,True,466.7,466.7,5.0,4.0,3.0,3.0,1.0,4.0,5.0,2.0,0.0,3.0,0.0,78.0,78.0,1.0,172000.0,0.0,0.0,0.0,1.0,1.0,4.0,3511.0,1.0,1254.0,785.0,100.0,695000.0,867000.0,2,11662.269129287599,True,False,False,0,1.0
MLC-4132768530,2.0,0,2,4,True,773.3,773.3,0.0,0.0,0.0,0.0,0.0,0.0,0.0,0.0,0.0,0.0,0.0,50.0,50.0,0.0,45000.0,1.0,0.0,0.0,1.0,1.0,16.0,5332.0,1.0,4499.0,2404.0,100.0,500000.0,545000.0,2,10833.333333333334,True,False,False,0,1.0
MLC-4116735640,2.0,1,3,12,True,2018.0,4841.2,0.0,0.0,0.0,0.0,0.0,1.0,1.0,0.0,0.0,0.0,0.0,76.0,74.0,0.0,110000.0,1.0,1.0,0.0,1.0,1.0,5.0,6748.0,4.0,2908.0,1351.0,5.75523405114186,630000.0,740000.0,3,11473.069435431538,True,False,True,0,1.027027027027027
MLC-4116735810,2.0,1,3,18,True,794.2,4247.5,5.0,0.0,0.0,0.0,0.0,1.0,3.0,0.0,1.0,0.0,0.0,81.3,81.9,1.0,125000.0,1.0,0.0,0.0,1.0,1.0,3.0,6748.0,4.0,2908.0,1351.0,5.75523405114186,590000.0,715000.0,3,13841.368584758942,True,False,True,0,0.9926739926739926
MLC-4212545256,1.0,0,1,0,True,790.9,790.9,5.0,4.0,0.0,0.0,1.0,1.0,2.0,1.0,0.0,5.0,0.0,36.0,36.0,0.0,45000.0,0.0,0.0,0.0,1.0,0.0,8.0,6768.0,4.0,1656.0,1111.0,100.0,430000.0,475000.0,2,11777.777777777777,True,False,False,0,1.0
MLC-2074129845,2.0,1,2,8,True,4785.8,4785.8,5.0,1.0,0.0,0.0,2.0,0.0,0.0,0.0,0.0,0.0,0.0,66.4,65.0,0.0,80000.0,0.0,1.0,0.0,0.0,1.0,4.0,6282.0,3.0,12506.0,6078.0,99.9999999999999,440000.0,520000.0,4,11000.0,True,False,False,0,1.0215384615384617
MLC-4116740246,2.0,1,2,4,True,1498.3,10209.9,3.0,1.0,0.0,0.0,2.0,0.0,0.0,0.0,0.0,0.0,1.0,54.0,54.0,0.0,75000.0,0.0,1.0,0.0,1.0,0.0,3.0,6201.0,4.0,3828.0,1963.0,52.2534527838595,530000.0,605000.0,0,10186.350735294118,True,True,False,0,1.0
MLC-4116854376,2.0,0,2,3,True,2716.8,2716.8,0.0,0.0,0.0,0.0,0.0,0.0,0.0,0.0,0.0,0.0,0.0,40.0,40.0,0.0,55000.0,0.0,0.0,0.0,1.0,1.0,12.0,6571.0,4.0,1072.0,625.0,89.9626305483346,550000.0,605000.0,0,11016.949152542373,True,False,False,0,1.0
MLC-4118615664,1.0,0,2,30,True,574.8,574.8,0.0,0.0,0.0,0.0,0.0,0.0,0.0,0.0,0.0,0.0,0.0,63.0,63.0,0.0,0.0,0.0,0.0,0.0,0.0,0.0,3.0,3511.0,1.0,1254.0,785.0,100.0,530000.0,530000.0,2,12625.0,True,False,False,0,1.0
MLC-4230690164,2.0,1,3,13,False,622.8,622.8,5.0,0.0,3.0,1.0,0.0,5.0,0.0,0.0,0.0,0.0,0.0,64.0,64.0,1.0,75000.0,0.0,0.0,0.0,1.0,1.0,1.0,5332.0,1.0,4499.0,2404.0,100.0,550000.0,625000.0,2,10950.859950859951,True,False,False,0,1.0
MLC-4212660208,2.0,1,2,4,True,2293.8,2293.8,5.0,0.0,2.0,0.0,2.0,0.0,0.0,0.0,0.0,0.0,0.0,59.7,58.3,0.0,70000.0,1.0,0.0,0.0,1.0,1.0,11.0,6019.0,3.0,4332.0,2303.0,55.0392235701766,600000.0,670000.0,4,9809.573724668064,True,False,False,0,1.0240137221269299
MLC-4118608264,2.0,1,3,17,True,472.3,4560.8,5.0,0.0,1.0,0.0,1.0,0.0,0.0,0.0,0.0,0.0,0.0,119.0,113.0,1.0,120000.0,0.0,0.0,0.0,1.0,1.0,2.0,4433.0,3.0,20174.0,9883.0,82.4572189855629,900000.0,1020000.0,4,9652.173913043478,True,False,True,0,1.0530973451327434
MLC-4118608600,2.0,1,3,19,True,1374.4,5462.7,5.0,1.0,3.0,0.0,0.0,4.0,0.0,0.0,0.0,0.0,0.0,86.0,86.0,0.0,90000.0,0.0,1.0,0.0,1.0,1.0,5.0,4433.0,3.0,20174.0,9883.0,82.4572189855629,630000.0,720000.0,4,11919.50464396285,True,False,True,0,1.0
MLC-4118615266,2.0,1,2,0,False,5090.1,5090.1,2.0,0.0,0.0,1.0,0.0,0.0,0.0,0.0,0.0,0.0,0.0,60.0,60.0,0.0,0.0,0.0,1.0,0.0,1.0,1.0,11.0,6684.0,4.0,6833.0,3079.0,90.5171296845883,1200000.0,1200000.0,4,20000.0,True,False,False,1,1.0
MLC-4230660362,1.0,0,1,16,True,705.0,705.0,5.0,5.0,2.0,2.0,0.0,2.0,2.0,0.0,0.0,3.0,0.0,40.0,40.0,0.0,75000.0,0.0,0.0,0.0,1.0,1.0,24.0,6636.0,4.0,2317.0,1552.0,99.9999999999999,430000.0,505000.0,2,12754.19587334934,True,False,False,0,1.0
MLC-4234267134,2.0,1,2,6,True,4321.9,4321.9,5.0,0.0,0.0,0.0,0.0,0.0,0.0,0.0,0.0,0.0,0.0,78.0,72.0,1.0,80000.0,0.0,1.0,0.0,1.0,0.0,1.0,6282.0,3.0,12506.0,6078.0,99.9999999999999,650000.0,730000.0,4,11189.18918918919,True,False,False,0,1.0833333333333333
MLC-4118655606,3.0,2,4,18,True,6070.3,5515.2,0.0,0.0,0.0,0.0,0.0,0.0,0.0,0.0,0.0,0.0,0.0,140.0,130.0,0.0,280000.0,0.0,1.0,0.0,1.0,1.0,3.0,6624.0,4.0,1277.0,600.0,16.149253186174,1101854.8800000001,1381854.8800000001,1,10107.142857142857,True,True,False,0,1.0769230769230769
MLC-4118642340,3.0,2,4,36,False,826.0,826.0,5.0,5.0,1.0,0.0,0.0,1.0,2.0,1.0,0.0,4.0,0.0,140.0,140.0,0.0,210000.0,0.0,0.0,0.0,1.0,1.0,5.0,6768.0,4.0,1656.0,1111.0,100.0,1200000.0,1410000.0,2,11875.0,True,False,False,0,1.0
MLC-4118628276,2.0,1,3,18,False,6711.4,5950.6,0.0,0.0,0.0,0.0,0.0,0.0,0.0,0.0,0.0,0.0,0.0,71.0,69.0,0.0,0.0,1.0,1.0,0.0,1.0,1.0,1.0,6064.0,3.0,3245.0,1834.0,100.0,580000.0,580000.0,1,10595.443349753696,True,True,False,0,1.0289855072463767
MLC-4118647314,1.0,1,1,1,True,758.0,758.0,5.0,0.0,4.0,0.0,1.0,0.0,0.0,0.0,0.0,0.0,0.0,37.0,37.0,0.0,50000.0,0.0,0.0,0.0,1.0,1.0,9.0,4644.0,1.0,2739.0,1645.0,100.0,450000.0,500000.0,2,10950.859950859951,True,False,False,0,1.0
MLC-4164845582,1.0,1,3,12,True,4319.3,4319.3,0.0,0.0,0.0,0.0,0.0,0.0,0.0,0.0,0.0,0.0,0.0,54.0,54.0,0.0,50000.0,0.0,0.0,0.0,1.0,0.0,1.0,5569.0,2.0,8881.0,4312.0,47.4765461690525,450000.0,500000.0,0,8611.111111111111,True,False,False,0,1.0
MLC-4235673304,2.0,1,2,0,True,350.7,350.7,5.0,1.0,5.0,4.0,0.0,5.0,5.0,1.0,0.0,3.0,0.0,60.0,60.0,1.0,70000.0,1.0,0.0,0.0,1.0,1.0,1.0,5332.0,1.0,4499.0,2404.0,100.0,600000.0,670000.0,2,12291.48390137876,True,False,False,0,1.0
MLC-4120773568,2.0,0,2,8,True,1335.8,1335.8,5.0,2.0,2.0,1.0,1.0,2.0,0.0,0.0,1.0,2.0,0.0,52.0,50.0,0.0,90000.0,1.0,0.0,0.0,1.0,0.0,2.0,6382.0,3.0,2472.0,1579.0,44.7477970543667,500000.0,590000.0,4,11984.042553191488,True,False,False,0,1.04
MLC-4120775966,2.0,1,2,0,True,2293.8,2293.8,5.0,0.0,2.0,0.0,2.0,0.0,0.0,0.0,0.0,0.0,0.0,55.0,57.0,1.0,0.0,0.0,0.0,0.0,1.0,1.0,1.0,6019.0,3.0,4332.0,2303.0,55.0392235701766,500000.0,500000.0,4,10259.25925925926,True,False,False,0,0.9649122807017544
MLC-4216693184,2.0,1,3,11,True,2018.0,4841.2,0.0,0.0,0.0,0.0,0.0,1.0,1.0,0.0,0.0,0.0,0.0,74.0,81.9,0.0,110000.0,1.0,1.0,0.0,1.0,1.0,5.0,6748.0,4.0,2908.0,1351.0,5.75523405114186,630000.0,740000.0,3,11473.069435431538,True,False,True,0,0.9035409035409034
MLC-4120777792,2.0,0,3,13,True,987.5,987.5,5.0,0.0,2.0,0.0,3.0,0.0,0.0,0.0,0.0,0.0,0.0,65.0,61.0,0.0,95000.0,1.0,0.0,0.0,1.0,1.0,20.0,5941.0,2.0,3137.0,1891.0,100.0,530000.0,625000.0,2,11252.613240418119,True,False,False,0,1.0655737704918034
MLC-4120779494,1.0,1,1,1,True,1427.5,5410.4,1.0,0.0,1.0,0.0,0.0,1.0,0.0,0.0,0.0,0.0,0.0,36.0,36.0,0.0,50000.0,1.0,0.0,0.0,1.0,1.0,4.0,4433.0,3.0,20174.0,9883.0,82.4572189855629,500000.0,550000.0,4,10848.748473748474,True,False,True,0,1.0
MLC-4120936892,2.0,1,2,0,True,1200.9,1200.9,5.0,0.0,1.0,0.0,1.0,1.0,2.0,1.0,0.0,0.0,0.0,52.0,58.3,0.0,90000.0,0.0,1.0,0.0,1.0,1.0,1.0,6741.0,4.0,1295.0,716.0,36.9900234018146,610000.0,700000.0,2,13666.666666666666,True,False,False,1,0.8919382504288165
MLC-4120944020,1.0,1,2,0,True,4054.0,4054.0,5.0,0.0,0.0,0.0,0.0,1.0,1.0,0.0,1.0,0.0,0.0,55.0,55.0,0.0,80000.0,1.0,1.0,0.0,1.0,0.0,1.0,6684.0,4.0,6833.0,3079.0,90.5171296845883,540000.0,620000.0,4,12295.081967213115,True,False,False,0,1.0
MLC-4125846804,2.0,0,3,21,False,5673.7,5673.7,0.0,0.0,0.0,0.0,0.0,0.0,0.0,0.0,0.0,0.0,0.0,67.0,67.0,0.0,50000.0,0.0,0.0,0.0,0.0,0.0,1.0,6684.0,4.0,6833.0,3079.0,90.5171296845883,550000.0,600000.0,4,9705.882352941177,True,False,False,0,1.0
MLC-4125847138,2.0,1,2,0,False,787.2,787.2,5.0,4.0,0.0,0.0,1.0,1.0,2.0,1.0,0.0,5.0,0.0,59.7,58.3,0.0,80000.0,0.0,0.0,0.0,0.0,1.0,1.0,6768.0,4.0,1656.0,1111.0,100.0,650000.0,730000.0,2,11777.777777777777,True,False,False,0,1.0240137221269299
MLC-4125847310,2.0,1,2,5,True,866.3,866.3,5.0,1.0,1.0,2.0,0.0,0.0,0.0,0.0,0.0,0.0,0.0,50.0,50.0,0.0,45000.0,1.0,0.0,0.0,1.0,1.0,1.0,4889.0,1.0,6948.0,3534.0,56.3609274194969,450000.0,495000.0,2,10833.333333333334,True,False,False,0,1.0
MLC-4125911964,1.0,0,1,1,True,1372.3,1372.3,0.0,0.0,0.0,0.0,0.0,0.0,0.0,0.0,0.0,0.0,0.0,35.0,30.0,0.0,55000.0,0.0,0.0,0.0,0.0,0.0,1.0,6691.0,4.0,2810.0,1764.0,100.0,395000.0,450000.0,4,12222.222222222223,True,False,False,0,1.1666666666666667
MLC-4126171716,2.0,2,3,6,True,2150.0,2150.0,5.0,1.0,1.0,0.0,0.0,1.0,2.0,0.0,0.0,1.0,0.0,86.0,86.0,1.0,0.0,0.0,1.0,0.0,1.0,1.0,1.0,6741.0,4.0,1295.0,716.0,36.9900234018146,900000.0,900000.0,2,14095.430107526881,True,False,False,0,1.0
MLC-4213161948,2.0,0,2,7,True,1080.4,1080.4,5.0,1.0,2.0,2.0,0.0,2.0,0.0,1.0,0.0,3.0,0.0,55.0,55.0,0.0,60000.0,0.0,1.0,0.0,0.0,1.0,7.0,4889.0,1.0,6948.0,3534.0,56.3609274194969,400000.0,460000.0,2,10716.666666666668,True,False,False,0,1.0
MLC-4126167350,1.0,1,3,6,False,4662.2,8745.6,0.0,0.0,0.0,0.0,0.0,0.0,0.0,0.0,0.0,0.0,0.0,60.0,58.0,0.0,0.0,0.0,0.0,0.0,1.0,0.0,3.0,1859.0,2.0,27535.0,12357.0,68.1398650783455,430000.0,430000.0,0,6866.710875331564,True,False,True,0,1.0344827586206897
MLC-4126167154,1.0,0,1,8,False,1166.6,1166.6,5.0,1.0,3.0,0.0,3.0,2.0,1.0,0.0,0.0,0.0,0.0,33.1,37.9,0.0,0.0,0.0,0.0,0.0,0.0,0.0,1.0,6178.0,3.0,2620.0,1658.0,100.0,380000.0,380000.0,2,11836.95652173913,True,False,False,0,0.8733509234828497
MLC-4126576658,1.0,1,1,6,True,1783.9,1783.9,0.0,0.0,0.0,0.0,0.0,0.0,0.0,0.0,0.0,0.0,0.0,40.0,40.0,0.0,35000.0,0.0,0.0,0.0,0.0,1.0,10.0,5924.0,2.0,3532.0,1915.0,100.0,400000.0,435000.0,4,11638.082673702727,True,False,False,0,1.0
MLC-4216698990,1.0,0,1,6,False,1463.7,1463.7,5.0,1.0,3.0,0.0,5.0,3.0,1.0,0.0,0.0,1.0,0.0,43.0,43.0,0.0,49000.0,0.0,0.0,0.0,0.0,0.0,8.0,5924.0,2.0,3532.0,1915.0,100.0,500000.0,549000.0,4,11620.538814053605,True,False,False,0,1.0
MLC-4126582688,2.0,1,3,0,True,4174.0,8453.8,5.0,1.0,1.0,0.0,2.0,0.0,0.0,0.0,0.0,0.0,0.0,68.0,65.0,0.0,0.0,0.0,0.0,0.0,0.0,0.0,1.0,6358.0,4.0,4448.0,2458.0,54.2005929673536,550000.0,550000.0,4,9090.90909090909,True,True,False,0,1.0461538461538462
MLC-4126583238,2.0,1,2,8,True,6171.3,6627.8,2.0,0.0,0.0,0.0,0.0,0.0,0.0,0.0,0.0,0.0,0.0,64.0,64.0,0.0,0.0,0.0,0.0,0.0,1.0,0.0,1.0,6682.0,4.0,4021.0,1996.0,65.5175717706704,589998.0,589998.0,1,12500.0,True,True,False,0,1.0
MLC-2027955047,2.0,1,3,4,True,2195.1,3174.6,2.0,0.0,0.0,0.0,0.0,0.0,0.0,0.0,0.0,0.0,0.0,99.0,89.0,0.0,300000.0,1.0,1.0,0.0,1.0,1.0,6.0,6748.0,4.0,2908.0,1351.0,5.75523405114186,1800000.0,2100000.0,3,11400.0,False,False,True,1,1.1123595505617978
MLC-4128097854,3.0,1,4,33,True,1186.5,1186.5,5.0,5.0,3.0,2.0,0.0,2.0,2.0,0.0,1.0,4.0,0.0,112.0,95.0,1.0,160000.0,0.0,0.0,0.0,1.0,0.0,6.0,6382.0,3.0,2472.0,1579.0,44.7477970543667,750000.0,910000.0,4,11873.35092348285,True,False,False,0,1.1789473684210525
MLC-4128149222,2.0,1,2,12,True,825.4,825.4,5.0,4.0,2.0,1.0,1.0,2.0,1.0,1.0,0.0,0.0,0.0,57.0,59.0,1.0,125000.0,0.0,0.0,0.0,1.0,1.0,24.0,5492.0,1.0,2073.0,1418.0,100.0,550000.0,675000.0,2,12305.555555555555,True,False,False,0,0.9661016949152542
MLC-4128149636,2.0,1,3,0,False,3484.1,3484.1,5.0,0.0,1.0,0.0,2.0,1.0,0.0,0.0,0.0,0.0,0.0,70.0,70.0,1.0,0.0,0.0,0.0,0.0,0.0,1.0,16.0,6324.0,3.0,3689.0,1875.0,97.5302584398257,600000.0,600000.0,0,11873.35092348285,True,False,False,0,1.0
MLC-4217915922,2.0,1,3,6,True,2588.3,2588.3,5.0,0.0,1.0,0.0,0.0,1.0,0.0,0.0,0.0,0.0,0.0,75.0,75.0,0.0,190000.0,0.0,1.0,0.0,1.0,1.0,10.0,6741.0,4.0,1295.0,716.0,36.9900234018146,900000.0,1090000.0,2,14043.911512717536,True,False,False,0,1.0
MLC-2013009803,1.0,1,1,8,True,6983.4,5611.2,5.0,0.0,0.0,2.0,0.0,0.0,0.0,1.0,0.0,0.0,0.0,59.0,59.0,0.0,0.0,1.0,0.0,0.0,1.0,0.0,4.0,6375.0,4.0,4591.0,2555.0,80.1239481965662,450000.0,450000.0,1,9329.62962962963,True,True,False,0,1.0
MLC-4130595878,1.0,0,1,10,True,2938.0,2938.0,5.0,0.0,1.0,0.0,2.0,3.0,1.0,0.0,0.0,0.0,0.0,30.0,30.0,0.0,45000.0,0.0,0.0,0.0,1.0,1.0,2.0,5455.0,1.0,10400.0,5578.0,70.0075532601241,350000.0,395000.0,0,10666.666666666666,True,False,False,0,1.0
MLC-4155498206,2.0,0,2,2,False,790.3,790.3,5.0,5.0,1.0,1.0,1.0,2.0,1.0,1.0,0.0,4.0,0.0,50.0,50.0,0.0,60000.0,0.0,0.0,0.0,0.0,0.0,1.0,6636.0,4.0,2317.0,1552.0,99.9999999999999,590000.0,650000.0,2,12558.139534883721,True,False,False,0,1.0
MLC-4130605006,2.0,1,3,33,True,1186.5,1186.5,5.0,5.0,3.0,2.0,0.0,2.0,2.0,0.0,1.0,4.0,0.0,75.0,75.0,1.0,145000.0,0.0,0.0,0.0,1.0,1.0,4.0,6382.0,3.0,2472.0,1579.0,44.7477970543667,645000.0,790000.0,4,11873.35092348285,True,False,False,0,1.0
MLC-4130605008,2.0,0,2,3,True,698.9,698.9,5.0,1.0,4.0,0.0,0.0,2.0,2.0,1.0,0.0,0.0,0.0,45.0,45.0,0.0,80000.0,0.0,0.0,0.0,1.0,1.0,13.0,4644.0,1.0,2739.0,1645.0,100.0,500000.0,580000.0,2,12234.04255319149,True,False,False,0,1.0
MLC-4164894602,2.0,1,3,0,True,4878.5,20299.3,5.0,0.0,1.0,0.0,2.0,2.0,0.0,0.0,0.0,1.0,0.0,96.0,96.0,0.0,0.0,0.0,0.0,0.0,1.0,0.0,1.0,4318.0,4.0,2984.0,1537.0,100.0,890000.0,890000.0,0,11400.0,False,True,False,1,1.0
MLC-4130749288,1.0,0,1,5,True,521.2,521.2,5.0,5.0,5.0,4.0,3.0,0.0,5.0,0.0,0.0,5.0,0.0,33.1,37.9,0.0,60000.0,0.0,0.0,0.0,1.0,1.0,8.0,6636.0,4.0,2317.0,1552.0,99.9999999999999,380000.0,440000.0,2,12166.666666666666,True,False,False,0,0.8733509234828497
MLC-4130596714,2.0,1,2,10,True,2342.5,5088.1,0.0,0.0,0.0,0.0,0.0,0.0,0.0,0.0,0.0,0.0,0.0,90.0,80.0,1.0,120000.0,1.0,1.0,0.0,1.0,1.0,6.0,6748.0,4.0,2908.0,1351.0,5.75523405114186,800000.0,920000.0,3,12142.857142857143,True,False,True,1,1.125
MLC-4130599436,2.0,1,2,3,True,3000.5,3000.5,5.0,0.0,2.0,0.0,3.0,3.0,1.0,0.0,0.0,0.0,0.0,62.0,59.0,1.0,100000.0,0.0,1.0,0.0,1.0,1.0,6.0,5455.0,1.0,10400.0,5578.0,70.0075532601241,550000.0,650000.0,0,10869.565217391306,True,False,False,0,1.0508474576271187
MLC-4130983530,2.0,1,2,0,True,1787.3,4908.7,0.0,0.0,0.0,0.0,0.0,0.0,0.0,0.0,0.0,0.0,0.0,77.0,73.0,1.0,100000.0,1.0,1.0,0.0,1.0,1.0,3.0,6748.0,4.0,2908.0,1351.0,5.75523405114186,760000.0,860000.0,3,10940.347970173985,True,False,True,0,1.0547945205479452
MLC-4241428112,2.0,0,3,21,False,5673.7,5673.7,0.0,0.0,0.0,0.0,0.0,0.0,0.0,0.0,0.0,0.0,0.0,67.0,67.0,0.0,50000.0,0.0,0.0,0.0,0.0,0.0,1.0,6684.0,4.0,6833.0,3079.0,90.5171296845883,550000.0,600000.0,4,9705.882352941177,True,False,False,0,1.0
MLC-4130987282,2.0,1,3,1,True,5605.7,5605.7,5.0,0.0,1.0,0.0,1.0,0.0,0.0,0.0,0.0,0.0,0.0,68.0,68.0,0.0,45000.0,1.0,0.0,0.0,1.0,1.0,4.0,6684.0,4.0,6833.0,3079.0,90.5171296845883,600000.0,645000.0,4,9538.461538461539,True,False,False,0,1.0
MLC-4132766554,1.0,1,1,0,True,973.8,973.8,5.0,5.0,1.0,2.0,1.0,2.0,2.0,0.0,1.0,2.0,0.0,43.0,43.0,1.0,80000.0,0.0,1.0,0.0,1.0,1.0,1.0,6636.0,4.0,2317.0,1552.0,99.9999999999999,520000.0,600000.0,2,12115.113211020434,True,False,False,0,1.0
MLC-4130987404,2.0,2,3,1,True,6251.7,6538.7,5.0,1.0,0.0,0.0,0.0,0.0,0.0,0.0,0.0,0.0,0.0,94.0,90.0,0.0,140000.0,1.0,0.0,0.0,1.0,1.0,1.0,6682.0,4.0,4021.0,1996.0,65.5175717706704,650000.0,790000.0,1,12500.0,True,True,False,0,1.0444444444444445
MLC-4132764424,2.0,1,2,13,True,3187.5,3187.5,5.0,0.0,3.0,0.0,5.0,2.0,1.0,0.0,0.0,0.0,0.0,52.0,49.0,0.0,55000.0,1.0,0.0,0.0,0.0,1.0,1.0,6571.0,4.0,1072.0,625.0,89.9626305483346,480000.0,535000.0,0,10936.814392277314,True,False,False,0,1.0612244897959184
MLC-2027948291,1.0,0,2,15,True,1783.9,1783.9,0.0,0.0,0.0,0.0,0.0,0.0,0.0,0.0,0.0,0.0,0.0,50.0,50.0,0.0,0.0,0.0,0.0,0.0,0.0,0.0,6.0,5924.0,2.0,3532.0,1915.0,100.0,420000.0,420000.0,4,11638.082673702727,True,False,False,0,1.0
MLC-4133895748,1.0,0,1,0,True,973.8,973.8,5.0,5.0,1.0,2.0,1.0,2.0,2.0,0.0,1.0,2.0,0.0,43.0,43.0,1.0,80000.0,0.0,0.0,0.0,1.0,1.0,1.0,6636.0,4.0,2317.0,1552.0,99.9999999999999,460000.0,540000.0,2,12115.113211020434,True,False,False,0,1.0
MLC-4133897726,1.0,1,2,1,False,528.0,4636.6,0.0,0.0,0.0,0.0,0.0,0.0,0.0,0.0,0.0,0.0,0.0,45.0,45.0,0.0,0.0,0.0,0.0,0.0,0.0,0.0,2.0,5879.0,4.0,12234.0,5977.0,80.4354882614475,550000.0,550000.0,0,10882.35294117647,True,False,True,0,1.0
MLC-4134715430,2.0,0,3,30,True,3270.5,3270.5,0.0,0.0,0.0,0.0,0.0,0.0,0.0,0.0,0.0,0.0,0.0,80.0,75.0,0.0,55000.0,1.0,0.0,0.0,1.0,0.0,4.0,5455.0,1.0,10400.0,5578.0,70.0075532601241,520000.0,575000.0,0,11400.0,False,False,False,0,1.0666666666666667
MLC-4134220098,1.0,0,1,2,False,792.5,792.5,5.0,5.0,0.0,0.0,1.0,1.0,2.0,2.0,0.0,5.0,0.0,33.1,37.9,0.0,60000.0,0.0,0.0,0.0,1.0,0.0,3.0,6768.0,4.0,1656.0,1111.0,100.0,350000.0,410000.0,2,11891.891891891892,True,False,False,0,0.8733509234828497
MLC-2001161109,2.0,1,2,0,True,1686.2,2955.2,5.0,0.0,0.0,0.0,0.0,0.0,0.0,0.0,0.0,0.0,0.0,60.0,60.0,1.0,20000.0,0.0,1.0,0.0,1.0,1.0,1.0,5879.0,4.0,12234.0,5977.0,80.4354882614475,590000.0,610000.0,0,10166.666666666666,True,False,True,0,1.0
MLC-4187200662,2.0,2,3,18,False,1050.0,1050.0,5.0,4.0,0.0,1.0,1.0,1.0,3.0,0.0,1.0,2.0,0.0,90.0,90.0,1.0,180000.0,0.0,0.0,0.0,1.0,1.0,8.0,4687.0,1.0,2156.0,1177.0,57.9263203269884,850000.0,1030000.0,2,12093.023255813954,True,False,False,0,1.0
MLC-4134298308,2.0,0,2,24,True,1362.2,1362.2,5.0,2.0,2.0,1.0,0.0,2.0,2.0,0.0,3.0,4.0,0.0,56.0,56.0,0.0,120000.0,0.0,0.0,0.0,1.0,1.0,4.0,6382.0,3.0,2472.0,1579.0,44.7477970543667,540000.0,660000.0,4,10897.435897435897,True,False,False,0,1.0
MLC-4134305266,1.0,1,0,0,True,4263.7,4040.7,0.0,0.0,0.0,0.0,0.0,0.0,0.0,0.0,0.0,0.0,0.0,32.4,34.0,0.0,0.0,1.0,0.0,0.0,1.0,1.0,1.0,6365.0,4.0,1390.0,748.0,26.0271990632142,430000.0,430000.0,4,13191.489361702128,True,True,False,0,0.9529411764705882
MLC-4134305090,2.0,2,3,2,True,2337.9,4967.7,0.0,0.0,0.0,0.0,0.0,0.0,0.0,0.0,0.0,0.0,0.0,105.0,105.0,1.0,150000.0,1.0,1.0,0.0,1.0,1.0,4.0,6748.0,4.0,2908.0,1351.0,5.75523405114186,1300000.0,1450000.0,3,12142.857142857143,True,False,True,0,1.0
MLC-4249933634,1.0,1,1,12,True,1681.8,2996.7,4.0,0.0,0.0,0.0,0.0,0.0,0.0,0.0,0.0,0.0,0.0,40.0,37.0,0.0,60000.0,0.0,1.0,0.0,1.0,1.0,8.0,5879.0,4.0,12234.0,5977.0,80.4354882614475,450000.0,510000.0,0,10166.666666666666,True,False,True,1,1.0810810810810811
MLC-4134649888,1.0,0,1,16,True,768.8,768.8,5.0,0.0,2.0,1.0,2.0,1.0,1.0,0.0,0.0,1.0,1.0,35.0,35.0,0.0,50000.0,1.0,0.0,0.0,1.0,1.0,7.0,3967.0,1.0,2152.0,1148.0,50.505791961991,390000.0,440000.0,2,11304.347826086956,True,False,False,0,1.0
MLC-4134637592,2.0,1,0,16,True,4021.1,4021.1,3.0,0.0,0.0,0.0,0.0,1.0,1.0,0.0,0.0,0.0,0.0,50.0,47.0,0.0,0.0,0.0,1.0,0.0,1.0,1.0,1.0,6684.0,4.0,6833.0,3079.0,90.5171296845883,800000.0,800000.0,4,12295.081967213115,True,False,False,0,1.0638297872340425
MLC-4134688006,1.0,1,1,0,True,3782.7,7907.5,5.0,1.0,0.0,0.0,3.0,1.0,0.0,0.0,0.0,0.0,0.0,32.0,30.0,0.0,0.0,0.0,0.0,0.0,1.0,0.0,3.0,1859.0,2.0,27535.0,12357.0,68.1398650783455,330000.0,330000.0,0,7735.8490566037735,True,False,True,0,1.0666666666666667
MLC-2092619703,1.0,1,1,1,True,1373.8,1373.8,5.0,1.0,2.0,0.0,1.0,2.0,0.0,0.0,0.0,0.0,0.0,35.0,35.0,0.0,35000.0,1.0,0.0,0.0,1.0,1.0,6.0,6691.0,4.0,2810.0,1764.0,100.0,500000.0,535000.0,4,12071.428571428572,True,False,False,0,1.0
MLC-4134721502,1.0,0,2,0,True,3859.3,7994.7,5.0,2.0,0.0,0.0,3.0,1.0,0.0,0.0,0.0,1.0,1.0,59.0,55.0,0.0,40000.0,0.0,0.0,0.0,1.0,0.0,5.0,1859.0,2.0,27535.0,12357.0,68.1398650783455,320000.0,360000.0,0,8081.666666666667,True,False,True,0,1.0727272727272728
MLC-4134769196,1.0,0,1,1,True,417.5,417.5,5.0,0.0,5.0,5.0,0.0,5.0,4.0,0.0,0.0,2.0,0.0,33.1,37.9,0.0,50000.0,0.0,0.0,0.0,1.0,1.0,13.0,5332.0,1.0,4499.0,2404.0,100.0,450000.0,500000.0,2,12006.861063464838,True,False,False,0,0.8733509234828497
MLC-4134770128,2.0,1,2,9,True,574.2,574.2,5.0,0.0,4.0,0.0,0.0,5.0,3.0,0.0,0.0,0.0,0.0,70.9,70.0,1.0,70000.0,0.0,0.0,0.0,0.0,1.0,12.0,4644.0,1.0,2739.0,1645.0,100.0,700000.0,770000.0,2,12450.0,True,False,False,0,1.012857142857143
MLC-4250665128,1.0,1,1,18,False,2235.0,5586.7,0.0,0.0,1.0,0.0,0.0,0.0,0.0,0.0,0.0,0.0,0.0,44.0,40.0,0.0,90000.0,1.0,1.0,0.0,1.0,1.0,2.0,6748.0,4.0,2908.0,1351.0,5.75523405114186,500000.0,590000.0,3,12181.818181818182,True,False,True,0,1.1
MLC-4135262418,2.0,2,2,6,True,960.9,5051.8,2.0,0.0,0.0,0.0,0.0,0.0,0.0,0.0,0.0,0.0,0.0,54.0,54.0,0.0,70000.0,1.0,0.0,0.0,1.0,1.0,5.0,4433.0,3.0,20174.0,9883.0,82.4572189855629,500000.0,570000.0,4,10454.545454545454,True,False,True,0,1.0
MLC-4134818570,2.0,1,2,12,True,1309.6,1309.6,5.0,1.0,1.0,0.0,5.0,3.0,0.0,0.0,0.0,0.0,0.0,46.0,46.0,0.0,80000.0,1.0,0.0,0.0,1.0,1.0,13.0,6279.0,3.0,2598.0,1648.0,100.0,480000.0,560000.0,2,11631.578947368422,True,False,False,0,1.0
MLC-4134821914,2.0,1,3,1,True,5619.1,5619.1,5.0,0.0,1.0,0.0,2.0,0.0,0.0,0.0,0.0,0.0,0.0,64.0,64.0,0.0,80000.0,0.0,0.0,0.0,1.0,1.0,4.0,6684.0,4.0,6833.0,3079.0,90.5171296845883,580000.0,660000.0,4,9538.461538461539,True,False,False,0,1.0
MLC-4134824104,1.0,1,3,7,True,2061.4,13632.9,5.0,1.0,1.0,0.0,0.0,2.0,0.0,0.0,0.0,0.0,0.0,62.0,60.0,0.0,0.0,1.0,1.0,0.0,1.0,1.0,3.0,4290.0,1.0,8912.0,4260.0,99.9999999999999,500000.0,500000.0,0,8573.825503355705,True,True,False,0,1.0333333333333334
MLC-4134827362,1.0,0,1,0,True,716.1,716.1,5.0,5.0,5.0,3.0,3.0,3.0,5.0,2.0,0.0,5.0,0.0,45.0,45.0,0.0,60000.0,0.0,0.0,0.0,1.0,1.0,7.0,6636.0,4.0,2317.0,1552.0,99.9999999999999,530000.0,590000.0,2,12458.686440677966,True,False,False,1,1.0
MLC-4134830102,1.0,1,3,12,True,6770.9,5823.9,0.0,0.0,0.0,0.0,0.0,0.0,0.0,0.0,0.0,0.0,0.0,65.0,65.0,0.0,55000.0,0.0,1.0,0.0,1.0,0.0,2.0,6375.0,4.0,4591.0,2555.0,80.1239481965662,450000.0,505000.0,1,9400.0,True,True,False,0,1.0
MLC-4135262544,2.0,1,2,0,False,732.7,732.7,5.0,5.0,5.0,3.0,2.0,1.0,5.0,0.0,0.0,3.0,0.0,58.0,58.0,0.0,90000.0,0.0,0.0,0.0,0.0,0.0,14.0,6636.0,4.0,2317.0,1552.0,99.9999999999999,650000.0,740000.0,2,12735.849056603774,True,False,False,0,1.0
MLC-4135249432,1.0,1,2,1,True,948.9,948.9,5.0,1.0,3.0,0.0,1.0,1.0,2.0,0.0,0.0,0.0,0.0,48.0,48.0,1.0,60000.0,0.0,0.0,0.0,1.0,0.0,14.0,6178.0,3.0,2620.0,1658.0,100.0,470000.0,530000.0,2,12450.0,True,False,False,0,1.0
MLC-4253602660,1.0,0,1,26,True,1393.2,1393.2,5.0,2.0,1.0,2.0,1.0,2.0,0.0,0.0,1.0,2.0,0.0,44.2,45.0,0.0,65000.0,0.0,0.0,0.0,1.0,1.0,1.0,6382.0,3.0,2472.0,1579.0,44.7477970543667,330000.0,395000.0,4,12110.817941952508,True,False,False,0,0.9822222222222223
MLC-4135249552,1.0,0,1,15,True,361.1,361.1,5.0,0.0,2.0,2.0,1.0,5.0,5.0,1.0,0.0,0.0,0.0,34.0,34.0,0.0,85000.0,0.0,0.0,0.0,0.0,0.0,6.0,3511.0,1.0,1254.0,785.0,100.0,380000.0,465000.0,2,11803.585500394012,True,False,False,0,1.0
MLC-4135249674,2.0,1,3,2,True,5601.9,5601.9,0.0,0.0,0.0,0.0,0.0,0.0,0.0,0.0,0.0,0.0,0.0,74.0,74.0,0.0,60000.0,0.0,0.0,0.0,1.0,1.0,6.0,6684.0,4.0,6833.0,3079.0,90.5171296845883,580000.0,640000.0,0,9402.985074626866,True,False,False,0,1.0
MLC-4135249820,2.0,1,3,6,True,2201.9,2201.9,0.0,0.0,0.0,0.0,1.0,0.0,0.0,0.0,0.0,0.0,0.0,60.0,57.0,0.0,37000.0,0.0,0.0,0.0,0.0,0.0,4.0,5455.0,1.0,10400.0,5578.0,70.0075532601241,490000.0,527000.0,0,11400.0,False,False,False,0,1.0526315789473684
MLC-4135249548,2.0,0,2,15,True,361.1,361.1,5.0,0.0,2.0,2.0,1.0,5.0,5.0,1.0,0.0,0.0,0.0,60.0,60.0,0.0,110000.0,0.0,0.0,0.0,1.0,1.0,6.0,3511.0,1.0,1254.0,785.0,100.0,550000.0,660000.0,2,11851.851851851852,True,False,False,0,1.0
MLC-4135260036,1.0,0,1,1,True,576.7,576.7,5.0,5.0,1.0,5.0,0.0,1.0,5.0,2.0,0.0,5.0,0.0,33.1,37.9,1.0,48000.0,0.0,0.0,0.0,1.0,1.0,5.0,6768.0,4.0,1656.0,1111.0,100.0,450000.0,498000.0,2,11777.777777777777,True,False,False,0,0.8733509234828497
MLC-2094698853,1.0,0,1,0,True,872.9,872.9,5.0,1.0,1.0,0.0,0.0,0.0,2.0,0.0,0.0,0.0,0.0,44.2,45.0,0.0,0.0,1.0,0.0,0.0,1.0,1.0,1.0,6178.0,3.0,2620.0,1658.0,100.0,340000.0,340000.0,2,12450.0,True,False,False,0,0.9822222222222223
MLC-4135250828,2.0,1,2,5,True,2744.4,2744.4,2.0,0.0,0.0,0.0,0.0,0.0,0.0,0.0,0.0,0.0,0.0,59.7,58.3,1.0,0.0,1.0,0.0,0.0,1.0,0.0,1.0,5901.0,2.0,3835.0,2050.0,58.6173339550477,490000.0,490000.0,4,10121.951219512195,True,False,False,0,1.0240137221269299
MLC-4135262242,2.0,1,2,0,True,4054.0,4054.0,5.0,0.0,0.0,0.0,0.0,1.0,1.0,0.0,1.0,0.0,0.0,65.0,65.0,1.0,110000.0,1.0,1.0,0.0,1.0,1.0,8.0,6684.0,4.0,6833.0,3079.0,90.5171296845883,600000.0,710000.0,4,12295.081967213115,True,False,False,0,1.0
MLC-4135250850,1.0,0,1,17,False,380.1,380.1,5.0,4.0,2.0,5.0,2.0,2.0,5.0,2.0,0.0,5.0,0.0,44.0,44.0,0.0,40000.0,0.0,0.0,0.0,0.0,0.0,1.0,6318.0,3.0,1035.0,677.0,100.0,480000.0,520000.0,2,11718.75,True,False,False,0,1.0
MLC-1975353065,2.0,1,2,8,False,2331.3,3543.8,0.0,0.0,0.0,0.0,0.0,0.0,0.0,0.0,0.0,0.0,0.0,90.0,90.0,1.0,100000.0,0.0,1.0,0.0,0.0,1.0,3.0,6748.0,4.0,2908.0,1351.0,5.75523405114186,800000.0,900000.0,3,11875.0,True,False,True,0,1.0
MLC-2003309589,2.0,1,2,0,True,1115.9,1115.9,5.0,1.0,1.0,0.0,5.0,0.0,0.0,0.0,0.0,0.0,0.0,50.0,50.0,0.0,75000.0,1.0,0.0,0.0,1.0,0.0,1.0,5941.0,2.0,3137.0,1891.0,100.0,530000.0,605000.0,2,11410.25641025641,True,False,False,0,1.0
MLC-4135262994,2.0,1,3,0,True,2666.8,5029.6,5.0,0.0,0.0,0.0,0.0,0.0,0.0,0.0,0.0,0.0,0.0,66.0,63.0,0.0,65000.0,1.0,1.0,0.0,1.0,1.0,4.0,5535.0,3.0,1600.0,768.0,9.03186513678773,600000.0,665000.0,1,9134.615384615385,True,True,False,0,1.0476190476190477
MLC-4138225732,1.0,1,2,3,True,2533.3,9062.4,5.0,2.0,1.0,0.0,1.0,0.0,0.0,0.0,0.0,0.0,0.0,57.0,55.0,0.0,0.0,1.0,0.0,0.0,1.0,0.0,5.0,5342.0,3.0,2386.0,1215.0,18.5074470416839,450000.0,450000.0,0,9074.074074074075,True,True,False,0,1.0363636363636364
MLC-4146256774,2.0,2,2,6,False,1740.6,1740.6,0.0,0.0,0.0,0.0,0.0,0.0,0.0,0.0,0.0,0.0,0.0,55.0,55.0,1.0,100000.0,1.0,1.0,0.0,1.0,0.0,4.0,4889.0,1.0,6948.0,3534.0,56.3609274194969,800000.0,900000.0,2,10112.359550561798,True,False,False,0,1.0
MLC-4135275668,2.0,1,2,10,True,4010.9,4010.9,3.0,0.0,0.0,0.0,0.0,1.0,1.0,0.0,0.0,0.0,0.0,60.0,57.0,0.0,72000.0,1.0,0.0,0.0,1.0,1.0,1.0,6684.0,4.0,6833.0,3079.0,90.5171296845883,500000.0,572000.0,4,12295.081967213115,True,False,False,0,1.0526315789473684
MLC-2001175439,2.0,1,2,4,True,1053.1,1053.1,5.0,1.0,4.0,0.0,5.0,2.0,1.0,0.0,0.0,0.0,0.0,50.0,50.0,1.0,110000.0,0.0,0.0,0.0,1.0,1.0,18.0,6279.0,3.0,2598.0,1648.0,100.0,550000.0,660000.0,2,11076.388888888889,True,False,False,0,1.0
MLC-4135275386,1.0,1,1,0,True,723.7,723.7,5.0,5.0,5.0,3.0,2.0,1.0,5.0,0.0,0.0,3.0,0.0,45.0,45.0,0.0,65000.0,0.0,0.0,0.0,1.0,1.0,4.0,6636.0,4.0,2317.0,1552.0,99.9999999999999,580000.0,645000.0,2,12680.424528301886,True,False,False,0,1.0
MLC-2004180193,1.0,0,1,0,True,2589.7,2589.7,5.0,0.0,0.0,1.0,1.0,0.0,0.0,0.0,0.0,0.0,0.0,33.1,37.9,0.0,0.0,0.0,0.0,0.0,0.0,0.0,1.0,6304.0,3.0,4026.0,2134.0,100.0,380000.0,380000.0,1,10239.361702127659,True,False,False,0,0.8733509234828497
MLC-4135275994,1.0,1,2,5,True,4878.9,9048.9,5.0,3.0,1.0,0.0,1.0,0.0,0.0,0.0,0.0,1.0,0.0,56.0,56.0,0.0,33000.0,0.0,0.0,0.0,1.0,0.0,1.0,1859.0,2.0,27535.0,12357.0,68.1398650783455,330000.0,363000.0,0,11400.0,False,False,True,0,1.0
MLC-4138302392,2.0,1,2,36,True,761.1,761.1,5.0,5.0,0.0,1.0,1.0,1.0,3.0,2.0,0.0,5.0,0.0,72.0,72.0,0.0,130000.0,0.0,0.0,0.0,1.0,1.0,2.0,6768.0,4.0,1656.0,1111.0,100.0,570000.0,700000.0,2,11777.777777777777,True,False,False,0,1.0
MLC-2004390035,1.0,1,2,5,True,1741.5,1741.5,1.0,1.0,1.0,0.0,1.0,1.0,0.0,0.0,0.0,0.0,0.0,48.3,52.4,0.0,70000.0,0.0,0.0,0.0,1.0,1.0,2.0,5924.0,2.0,3532.0,1915.0,100.0,430000.0,500000.0,4,11609.498680738787,True,False,False,0,0.9217557251908397
MLC-2005733001,2.0,1,2,5,False,984.2,984.2,5.0,1.0,1.0,2.0,0.0,1.0,0.0,0.0,0.0,1.0,0.0,59.7,58.3,0.0,50000.0,0.0,0.0,0.0,1.0,0.0,13.0,4889.0,1.0,6948.0,3534.0,56.3609274194969,450000.0,500000.0,2,10833.333333333334,True,False,False,0,1.0240137221269299
MLC-4138306084,1.0,1,1,0,True,1808.8,1808.8,5.0,1.0,5.0,2.0,2.0,5.0,3.0,0.0,0.0,2.0,0.0,39.0,39.0,1.0,45000.0,1.0,0.0,0.0,1.0,1.0,14.0,6382.0,3.0,2472.0,1579.0,44.7477970543667,540000.0,585000.0,4,13333.333333333334,True,False,False,0,1.0
MLC-2007813335,1.0,0,1,0,True,1373.8,1373.8,5.0,1.0,2.0,0.0,1.0,2.0,0.0,0.0,0.0,0.0,0.0,37.0,37.0,0.0,40000.0,0.0,0.0,0.0,0.0,0.0,1.0,6691.0,4.0,2810.0,1764.0,100.0,400000.0,440000.0,4,12182.539682539682,True,False,False,0,1.0
MLC-4138510318,1.0,0,1,0,True,1927.1,1927.1,5.0,0.0,0.0,0.0,2.0,0.0,0.0,0.0,0.0,0.0,0.0,33.0,33.0,0.0,0.0,1.0,0.0,0.0,1.0,1.0,8.0,6019.0,3.0,4332.0,2303.0,55.0392235701766,450000.0,450000.0,4,12916.666666666666,True,False,False,0,1.0
MLC-4138512626,2.0,1,2,10,True,1461.6,4986.5,0.0,1.0,0.0,0.0,0.0,0.0,0.0,0.0,0.0,0.0,0.0,57.5,57.0,0.0,110000.0,1.0,1.0,0.0,1.0,1.0,2.0,6748.0,4.0,2908.0,1351.0,5.75523405114186,550000.0,660000.0,3,11353.03265940902,True,False,True,0,1.0087719298245614
MLC-2005733299,1.0,0,1,7,True,522.0,522.0,5.0,5.0,5.0,3.0,1.0,0.0,4.0,0.0,0.0,5.0,0.0,33.1,37.9,0.0,58000.0,0.0,0.0,0.0,1.0,1.0,11.0,6636.0,4.0,2317.0,1552.0,99.9999999999999,500000.0,558000.0,2,12136.243386243386,True,False,False,1,0.8733509234828497
MLC-2005733489,1.0,1,1,6,True,1741.5,1741.5,1.0,1.0,1.0,0.0,1.0,1.0,0.0,0.0,0.0,0.0,0.0,33.1,37.9,0.0,45000.0,0.0,0.0,0.0,0.0,1.0,3.0,5924.0,2.0,3532.0,1915.0,100.0,370000.0,415000.0,4,11609.498680738787,True,False,False,0,0.8733509234828497
MLC-4139251436,2.0,1,2,1,True,1585.4,10051.5,5.0,0.0,0.0,0.0,3.0,1.0,1.0,0.0,0.0,0.0,1.0,67.0,67.0,0.0,110000.0,1.0,0.0,0.0,1.0,1.0,4.0,6201.0,4.0,3828.0,1963.0,52.2534527838595,600000.0,710000.0,0,10300.904977375565,True,True,False,0,1.0
MLC-4138911332,1.0,1,3,10,False,6308.6,10008.3,5.0,0.0,0.0,0.0,0.0,2.0,1.0,0.0,0.0,0.0,1.0,55.0,55.0,0.0,0.0,1.0,0.0,0.0,1.0,0.0,3.0,4426.0,2.0,23629.0,10635.0,64.8623594811321,420000.0,420000.0,0,7636.363636363636,True,False,True,0,1.0
MLC-4139148860,1.0,0,2,10,True,619.2,619.2,5.0,5.0,2.0,5.0,1.0,1.0,5.0,2.0,0.0,5.0,0.0,45.0,52.4,0.0,70000.0,0.0,0.0,0.0,1.0,0.0,1.0,6768.0,4.0,1656.0,1111.0,100.0,500000.0,570000.0,2,11347.549909255898,True,False,False,0,0.8587786259541985
MLC-4139150870,1.0,0,1,1,True,948.9,948.9,5.0,1.0,3.0,0.0,1.0,1.0,2.0,0.0,0.0,0.0,0.0,36.0,36.0,0.0,50000.0,0.0,0.0,0.0,0.0,1.0,12.0,6178.0,3.0,2620.0,1658.0,100.0,450000.0,500000.0,2,12366.666666666668,True,False,False,0,1.0
MLC-4139151928,2.0,1,3,17,True,3996.5,3996.5,5.0,2.0,0.0,0.0,1.0,2.0,1.0,0.0,1.0,0.0,0.0,75.0,73.0,1.0,150000.0,1.0,1.0,0.0,1.0,1.0,2.0,6684.0,4.0,6833.0,3079.0,90.5171296845883,1200000.0,1350000.0,4,12295.081967213115,True,False,False,1,1.0273972602739727
MLC-4139155914,1.0,1,2,4,False,2625.4,2625.4,5.0,1.0,1.0,0.0,3.0,2.0,0.0,0.0,0.0,1.0,0.0,70.0,70.0,0.0,100000.0,0.0,0.0,0.0,0.0,1.0,5.0,5455.0,1.0,10400.0,5578.0,70.0075532601241,470000.0,570000.0,0,12037.037037037036,True,False,False,0,1.0
MLC-4139156166,2.0,1,3,11,False,2426.9,5164.3,0.0,0.0,0.0,0.0,0.0,0.0,0.0,0.0,0.0,0.0,0.0,65.0,58.0,1.0,100000.0,1.0,1.0,0.0,1.0,1.0,8.0,6748.0,4.0,2908.0,1351.0,5.75523405114186,600000.0,700000.0,3,12285.714285714286,True,False,True,0,1.1206896551724137
MLC-2006726079,2.0,1,2,5,True,6191.8,6605.4,3.0,1.0,0.0,0.0,0.0,0.0,0.0,0.0,0.0,0.0,0.0,50.0,50.0,0.0,0.0,0.0,0.0,0.0,1.0,1.0,1.0,6682.0,4.0,4021.0,1996.0,65.5175717706704,610000.0,610000.0,1,12500.0,True,True,False,0,1.0
MLC-4138910224,2.0,1,2,1,True,417.5,417.5,5.0,0.0,5.0,5.0,0.0,5.0,4.0,0.0,0.0,2.0,0.0,59.7,58.3,1.0,50000.0,1.0,1.0,0.0,1.0,1.0,18.0,5332.0,1.0,4499.0,2404.0,100.0,650000.0,700000.0,2,12178.387650085764,True,False,False,0,1.0240137221269299
MLC-4139256504,2.0,0,4,0,False,695.4,695.4,5.0,5.0,1.0,1.0,2.0,1.0,4.0,2.0,0.0,5.0,0.0,125.0,125.0,0.0,0.0,0.0,0.0,0.0,0.0,0.0,1.0,6768.0,4.0,1656.0,1111.0,100.0,775689.25,775689.25,2,11777.777777777777,True,False,False,0,1.0
MLC-4139256762,2.0,1,3,26,True,690.6,690.6,5.0,5.0,3.0,2.0,1.0,2.0,2.0,0.0,0.0,2.0,0.0,140.0,140.0,1.0,380000.0,0.0,0.0,0.0,1.0,1.0,3.0,6636.0,4.0,2317.0,1552.0,99.9999999999999,1100000.0,1480000.0,2,12755.102040816326,True,False,False,0,1.0
MLC-2011928073,2.0,1,2,10,True,1364.3,1364.3,5.0,0.0,2.0,0.0,1.0,0.0,1.0,0.0,0.0,0.0,0.0,60.0,60.0,0.0,65000.0,0.0,0.0,0.0,1.0,1.0,1.0,5666.0,2.0,2051.0,1108.0,100.0,680000.0,745000.0,4,10239.361702127659,True,False,False,1,1.0
MLC-4139258710,2.0,1,3,4,False,6604.3,10418.4,0.0,0.0,1.0,0.0,1.0,0.0,0.0,0.0,0.0,0.0,0.0,55.0,55.0,0.0,0.0,1.0,0.0,0.0,0.0,0.0,4.0,4426.0,2.0,23629.0,10635.0,64.8623594811321,450000.0,450000.0,0,8839.285714285714,True,False,True,1,1.0
MLC-4139259178,2.0,0,3,9,True,2938.0,2938.0,5.0,0.0,1.0,0.0,2.0,3.0,1.0,0.0,0.0,0.0,0.0,75.0,75.0,0.0,50000.0,0.0,0.0,0.0,1.0,1.0,16.0,5455.0,1.0,10400.0,5578.0,70.0075532601241,550000.0,600000.0,0,10738.831615120274,True,False,False,0,1.0
MLC-2045851077,2.0,1,2,9,False,2161.9,5237.1,0.0,0.0,1.0,0.0,0.0,0.0,0.0,0.0,0.0,0.0,0.0,70.0,65.0,1.0,176000.0,0.0,1.0,0.0,1.0,1.0,7.0,6748.0,4.0,2908.0,1351.0,5.75523405114186,700000.0,876000.0,3,11875.0,True,False,True,0,1.0769230769230769
MLC-2011919517,2.0,0,3,20,False,1932.5,1932.5,5.0,1.0,3.0,1.0,0.0,1.0,0.0,0.0,0.0,0.0,0.0,50.0,50.0,0.0,60000.0,0.0,1.0,0.0,0.0,0.0,1.0,5666.0,2.0,2051.0,1108.0,100.0,480000.0,540000.0,4,11326.530612244898,True,False,False,0,1.0
MLC-2011913099,1.0,1,3,1,False,3611.9,7762.2,5.0,2.0,0.0,1.0,3.0,1.0,0.0,0.0,0.0,0.0,1.0,56.0,56.0,0.0,0.0,0.0,0.0,0.0,0.0,0.0,2.0,1859.0,2.0,27535.0,12357.0,68.1398650783455,360000.0,360000.0,0,7735.8490566037735,True,False,True,0,1.0
MLC-2009673139,1.0,0,0,9,True,1562.1,1562.1,5.0,1.0,3.0,0.0,1.0,2.0,0.0,0.0,0.0,0.0,0.0,30.0,30.0,0.0,22000.0,0.0,0.0,0.0,1.0,1.0,16.0,6691.0,4.0,2810.0,1764.0,100.0,365000.0,387000.0,4,12578.947368421053,True,False,False,0,1.0
MLC-4142643972,1.0,0,1,20,True,1925.8,1925.8,4.0,0.0,0.0,0.0,0.0,0.0,0.0,0.0,0.0,0.0,0.0,30.0,30.0,0.0,40000.0,0.0,0.0,0.0,1.0,1.0,5.0,6388.0,4.0,5415.0,2892.0,100.0,350000.0,390000.0,4,10333.333333333334,True,False,False,0,1.0
MLC-2011905239,2.0,1,3,16,True,3996.5,3996.5,5.0,2.0,0.0,0.0,1.0,2.0,1.0,0.0,1.0,0.0,0.0,84.0,84.0,1.0,150000.0,0.0,0.0,0.0,1.0,1.0,1.0,6684.0,4.0,6833.0,3079.0,90.5171296845883,850000.0,1000000.0,4,12295.081967213115,True,False,False,1,1.0
MLC-4142591066,2.0,1,2,12,True,688.4,3808.6,5.0,0.0,1.0,0.0,2.0,1.0,3.0,0.0,0.0,0.0,0.0,59.0,57.0,0.0,95000.0,1.0,0.0,0.0,1.0,1.0,5.0,5879.0,4.0,12234.0,5977.0,80.4354882614475,500000.0,595000.0,0,11428.57142857143,True,False,True,0,1.0350877192982457
MLC-2011933355,2.0,1,2,16,True,1097.5,1097.5,5.0,0.0,3.0,0.0,5.0,1.0,0.0,0.0,0.0,0.0,0.0,59.7,58.3,1.0,95000.0,0.0,1.0,0.0,1.0,1.0,1.0,5941.0,2.0,3137.0,1891.0,100.0,500000.0,595000.0,2,11252.613240418119,True,False,False,0,1.0240137221269299
MLC-4143685818,2.0,1,1,17,False,763.9,763.9,5.0,5.0,2.0,2.0,0.0,1.0,1.0,1.0,0.0,5.0,0.0,52.0,48.0,0.0,110000.0,1.0,0.0,0.0,1.0,1.0,5.0,6768.0,4.0,1656.0,1111.0,100.0,450000.0,560000.0,2,11777.777777777777,True,False,False,0,1.0833333333333333
MLC-2011944495,2.0,1,3,16,True,3996.5,3996.5,5.0,2.0,0.0,0.0,1.0,2.0,1.0,0.0,1.0,0.0,0.0,84.0,84.0,1.0,150000.0,0.0,0.0,0.0,1.0,1.0,1.0,6684.0,4.0,6833.0,3079.0,90.5171296845883,650000.0,800000.0,4,12295.081967213115,True,False,False,0,1.0
MLC-4143486318,2.0,1,2,0,True,1585.4,10051.5,5.0,0.0,0.0,0.0,3.0,1.0,1.0,0.0,0.0,0.0,1.0,75.0,69.0,0.0,115697.0,0.0,0.0,0.0,1.0,1.0,4.0,6201.0,4.0,3828.0,1963.0,52.2534527838595,650000.0,765697.0,0,10300.904977375565,True,True,False,0,1.0869565217391304
MLC-2050902455,1.0,0,1,5,True,926.5,926.5,5.0,5.0,3.0,1.0,1.0,2.0,2.0,1.0,0.0,3.0,0.0,33.1,37.9,0.0,45000.0,0.0,0.0,0.0,1.0,1.0,7.0,5492.0,1.0,2073.0,1418.0,100.0,395000.0,440000.0,2,12089.55223880597,True,False,False,1,0.8733509234828497
MLC-4248581298,1.0,1,1,5,True,5327.4,9176.0,4.0,0.0,1.0,0.0,0.0,0.0,0.0,0.0,0.0,0.0,0.0,46.0,41.0,0.0,35000.0,1.0,0.0,0.0,1.0,1.0,14.0,5385.0,3.0,323.0,156.0,19.0571301445678,480000.0,515000.0,0,8254.716981132075,True,False,True,0,1.1219512195121952
MLC-4143962060,1.0,1,1,6,True,1842.3,1842.3,1.0,1.0,3.0,0.0,0.0,0.0,0.0,0.0,0.0,0.0,0.0,42.0,40.0,0.0,0.0,0.0,0.0,0.0,1.0,1.0,2.0,4687.0,1.0,2156.0,1177.0,57.9263203269884,400000.0,400000.0,2,11813.207547169812,True,False,False,0,1.05
MLC-4143965178,1.0,0,1,0,True,1373.8,1373.8,5.0,1.0,2.0,0.0,1.0,2.0,0.0,0.0,0.0,0.0,0.0,34.0,34.0,0.0,45000.0,0.0,0.0,0.0,0.0,1.0,9.0,6691.0,4.0,2810.0,1764.0,100.0,420000.0,465000.0,4,12071.428571428572,True,False,False,0,1.0
MLC-4143963326,1.0,0,1,2,True,793.8,793.8,5.0,4.0,4.0,1.0,0.0,3.0,3.0,2.0,0.0,4.0,0.0,50.0,40.0,0.0,65000.0,0.0,0.0,0.0,1.0,1.0,1.0,5492.0,1.0,2073.0,1418.0,100.0,580000.0,645000.0,2,12469.512195121952,True,False,False,0,1.25
MLC-2011953025,2.0,1,2,9,True,1589.0,2950.0,5.0,0.0,0.0,0.0,0.0,0.0,0.0,0.0,0.0,0.0,0.0,65.0,65.0,0.0,70000.0,0.0,0.0,0.0,1.0,1.0,8.0,5879.0,4.0,12234.0,5977.0,80.4354882614475,500000.0,570000.0,0,10166.666666666666,True,False,True,0,1.0
MLC-4102141922,1.0,1,1,24,True,1406.8,1406.8,0.0,0.0,0.0,0.0,0.0,0.0,0.0,0.0,0.0,0.0,0.0,43.0,43.0,1.0,96000.0,0.0,0.0,0.0,1.0,1.0,1.0,6382.0,3.0,2472.0,1579.0,44.7477970543667,590000.0,686000.0,4,10810.81081081081,True,False,False,0,1.0
MLC-4126169044,1.0,0,1,0,False,1686.1,2954.9,5.0,0.0,0.0,0.0,0.0,0.0,0.0,0.0,0.0,0.0,0.0,39.0,36.0,1.0,0.0,0.0,1.0,0.0,0.0,1.0,7.0,5879.0,4.0,12234.0,5977.0,80.4354882614475,390000.0,390000.0,0,10166.666666666666,True,False,True,0,1.0833333333333333
MLC-4144017248,2.0,1,3,15,True,746.9,746.9,5.0,4.0,5.0,1.0,1.0,0.0,1.0,0.0,0.0,2.0,0.0,81.0,77.0,1.0,100000.0,1.0,0.0,0.0,1.0,1.0,6.0,6636.0,4.0,2317.0,1552.0,99.9999999999999,830000.0,930000.0,2,13230.240549828179,True,False,False,0,1.051948051948052
MLC-2095174211,2.0,1,3,10,True,4026.9,4026.9,3.0,0.0,0.0,0.0,0.0,1.0,1.0,0.0,0.0,0.0,0.0,84.0,80.0,1.0,120000.0,1.0,1.0,0.0,1.0,1.0,14.0,6684.0,4.0,6833.0,3079.0,90.5171296845883,780000.0,900000.0,4,12363.757199822772,True,False,False,0,1.05
MLC-4145324628,3.0,1,4,30,True,978.3,978.3,5.0,5.0,2.0,1.0,1.0,2.0,3.0,1.0,1.0,4.0,0.0,120.0,120.0,1.0,180000.0,0.0,0.0,0.0,1.0,1.0,6.0,5492.0,1.0,2073.0,1418.0,100.0,750000.0,930000.0,2,11639.78494623656,True,False,False,0,1.0
MLC-2013011805,2.0,1,2,11,True,610.9,610.9,5.0,5.0,2.0,5.0,3.0,2.0,5.0,2.0,0.0,5.0,0.0,58.0,55.0,0.0,0.0,1.0,0.0,0.0,1.0,1.0,12.0,6768.0,4.0,1656.0,1111.0,100.0,700000.0,700000.0,2,11304.33273156506,True,False,False,1,1.0545454545454545
MLC-4139259420,2.0,1,2,2,True,4868.6,4868.6,5.0,1.0,0.0,0.0,2.0,0.0,0.0,0.0,0.0,0.0,0.0,59.7,58.3,0.0,100000.0,1.0,0.0,0.0,1.0,1.0,5.0,6282.0,3.0,12506.0,6078.0,99.9999999999999,500000.0,600000.0,4,11041.666666666666,True,False,False,0,1.0240137221269299
MLC-4145328364,1.0,0,1,0,True,698.9,698.9,5.0,1.0,4.0,0.0,0.0,2.0,2.0,1.0,0.0,0.0,0.0,36.0,36.0,0.0,48000.0,0.0,0.0,0.0,1.0,1.0,21.0,4644.0,1.0,2739.0,1645.0,100.0,410000.0,458000.0,2,12234.04255319149,True,False,False,0,1.0
MLC-4247393638,2.0,1,2,7,True,4054.0,4054.0,5.0,0.0,0.0,0.0,0.0,1.0,1.0,0.0,1.0,0.0,0.0,59.7,58.3,1.0,100000.0,1.0,1.0,0.0,1.0,0.0,1.0,6684.0,4.0,6833.0,3079.0,90.5171296845883,650000.0,750000.0,4,12295.081967213115,True,False,False,0,1.0240137221269299
MLC-4145375228,1.0,0,1,8,True,2751.4,2751.4,2.0,0.0,0.0,0.0,0.0,1.0,0.0,0.0,0.0,0.0,0.0,33.0,37.6,0.0,0.0,0.0,1.0,0.0,1.0,1.0,1.0,6741.0,4.0,1295.0,716.0,36.9900234018146,300000.0,300000.0,2,11050.035236081749,True,False,False,0,0.8776595744680851
MLC-4139252126,2.0,1,2,0,True,1591.2,1591.2,4.0,1.0,0.0,0.0,2.0,2.0,0.0,0.0,0.0,0.0,0.0,50.0,50.0,0.0,100000.0,0.0,0.0,0.0,0.0,0.0,1.0,5924.0,2.0,3532.0,1915.0,100.0,850000.0,950000.0,4,11609.498680738787,True,False,False,0,1.0
MLC-4145377402,1.0,0,1,2,True,1372.3,1372.3,0.0,0.0,0.0,0.0,0.0,0.0,0.0,0.0,0.0,0.0,0.0,40.0,40.0,0.0,80000.0,1.0,0.0,0.0,1.0,1.0,11.0,6691.0,4.0,2810.0,1764.0,100.0,430000.0,510000.0,4,12222.222222222223,True,False,False,0,1.0
MLC-4145379694,1.0,0,1,7,True,1797.5,1797.5,5.0,1.0,4.0,0.0,1.0,5.0,2.0,0.0,0.0,0.0,0.0,35.0,31.0,0.0,45000.0,0.0,0.0,0.0,1.0,1.0,7.0,6715.0,4.0,2440.0,1484.0,100.0,360000.0,405000.0,4,13397.435897435898,True,False,False,0,1.1290322580645162
MLC-2013051825,1.0,0,1,11,True,1694.4,1694.4,5.0,1.0,4.0,0.0,0.0,5.0,0.0,0.0,0.0,0.0,0.0,33.1,37.9,0.0,68000.0,0.0,0.0,0.0,1.0,1.0,11.0,6691.0,4.0,2810.0,1764.0,100.0,370000.0,438000.0,4,13142.857142857143,True,False,False,0,0.8733509234828497
MLC-4145383450,2.0,1,3,10,True,8370.3,3253.5,5.0,0.0,2.0,0.0,1.0,0.0,0.0,0.0,0.0,0.0,0.0,83.1,81.0,1.0,220150.0,1.0,1.0,0.0,1.0,1.0,12.0,6624.0,4.0,1277.0,600.0,16.149253186174,980000.0,1200150.0,1,11315.78947368421,True,True,False,0,1.025925925925926
MLC-4145411280,2.0,1,3,0,True,4174.0,8453.8,5.0,1.0,1.0,0.0,2.0,0.0,0.0,0.0,0.0,0.0,0.0,66.0,66.0,0.0,40000.0,0.0,0.0,0.0,0.0,0.0,2.0,6358.0,4.0,4448.0,2458.0,54.2005929673536,560000.0,600000.0,4,9083.916083916083,True,True,False,0,1.0
MLC-4145426726,2.0,0,2,8,True,1251.8,1251.8,5.0,1.0,2.0,0.0,1.0,0.0,0.0,0.0,0.0,0.0,0.0,53.0,50.0,0.0,0.0,0.0,0.0,0.0,1.0,1.0,9.0,6691.0,4.0,2810.0,1764.0,100.0,520000.0,520000.0,4,12243.42105263158,True,False,False,0,1.06
MLC-2063382263,2.0,1,2,20,True,2193.5,5506.6,0.0,0.0,0.0,0.0,0.0,0.0,0.0,0.0,0.0,0.0,0.0,65.0,60.0,0.0,130000.0,1.0,1.0,0.0,1.0,1.0,10.0,6748.0,4.0,2908.0,1351.0,5.75523405114186,600000.0,730000.0,3,12181.818181818182,True,False,True,0,1.0833333333333333
MLC-4146247198,1.0,0,1,4,True,1760.8,1760.8,1.0,1.0,1.0,0.0,0.0,0.0,0.0,0.0,0.0,0.0,0.0,30.0,30.0,0.0,45000.0,0.0,0.0,0.0,0.0,0.0,7.0,4687.0,1.0,2156.0,1177.0,57.9263203269884,430000.0,475000.0,2,13382.35294117647,True,False,False,0,1.0
MLC-4146247236,2.0,0,2,1,True,1373.8,1373.8,5.0,1.0,2.0,0.0,1.0,2.0,0.0,0.0,0.0,0.0,0.0,46.0,46.0,0.0,45000.0,0.0,0.0,0.0,0.0,1.0,5.0,6691.0,4.0,2810.0,1764.0,100.0,500000.0,545000.0,4,12182.539682539682,True,False,False,0,1.0
MLC-4164890310,2.0,1,2,47,True,555.1,555.1,5.0,1.0,2.0,0.0,0.0,5.0,3.0,0.0,0.0,0.0,0.0,56.7,55.0,0.0,120000.0,0.0,0.0,0.0,1.0,1.0,1.0,4644.0,1.0,2739.0,1645.0,100.0,630000.0,750000.0,2,12347.540983606557,True,False,False,1,1.030909090909091
MLC-4146247366,2.0,1,2,7,True,1437.0,1437.0,5.0,1.0,1.0,2.0,0.0,1.0,0.0,0.0,0.0,1.0,0.0,65.0,65.0,0.0,100000.0,0.0,0.0,0.0,0.0,1.0,10.0,6691.0,4.0,2810.0,1764.0,100.0,890000.0,990000.0,4,12400.0,True,False,False,0,1.0
MLC-4146247396,2.0,1,2,16,True,2068.1,2068.1,5.0,2.0,5.0,0.0,1.0,1.0,0.0,0.0,0.0,0.0,0.0,52.0,49.0,0.0,55000.0,1.0,1.0,0.0,1.0,1.0,12.0,6715.0,4.0,2440.0,1484.0,100.0,500000.0,555000.0,4,11326.530612244898,True,False,False,0,1.0612244897959184
MLC-4146247560,2.0,1,2,26,False,3664.7,3664.7,5.0,0.0,1.0,0.0,1.0,2.0,0.0,0.0,0.0,0.0,0.0,140.0,105.0,0.0,0.0,1.0,0.0,0.0,1.0,1.0,3.0,6684.0,4.0,6833.0,3079.0,90.5171296845883,1200000.0,1200000.0,4,12616.822429906542,True,False,False,1,1.3333333333333333
MLC-4146247648,1.0,0,1,2,False,792.5,792.5,5.0,5.0,0.0,0.0,1.0,1.0,2.0,2.0,0.0,5.0,0.0,33.0,37.6,0.0,50000.0,0.0,0.0,0.0,0.0,0.0,3.0,6768.0,4.0,1656.0,1111.0,100.0,350000.0,400000.0,2,11891.891891891892,True,False,False,0,0.8776595744680851
MLC-4146248214,3.0,1,3,34,True,6538.0,5053.9,5.0,0.0,0.0,0.0,0.0,0.0,0.0,0.0,0.0,0.0,0.0,115.0,113.0,1.0,200000.0,0.0,0.0,0.0,1.0,1.0,1.0,6624.0,4.0,1277.0,600.0,16.149253186174,750000.0,950000.0,1,8849.557522123894,True,True,False,0,1.0176991150442478
MLC-4168009986,1.0,1,3,1,False,5168.0,5168.0,0.0,0.0,0.0,0.0,0.0,0.0,0.0,0.0,0.0,0.0,0.0,56.3,56.0,0.0,30000.0,0.0,0.0,0.0,0.0,0.0,4.0,6409.0,4.0,6576.0,3080.0,94.3101149608368,550000.0,580000.0,0,9423.076923076924,True,False,False,0,1.0053571428571428
MLC-4146251172,2.0,1,3,17,True,497.5,497.5,5.0,5.0,3.0,4.0,1.0,2.0,5.0,1.0,0.0,5.0,0.0,68.0,64.0,0.0,0.0,0.0,0.0,0.0,1.0,1.0,7.0,6318.0,3.0,1035.0,677.0,100.0,750000.0,750000.0,2,11379.310344827587,True,False,False,0,1.0625
MLC-4176387164,2.0,0,3,21,False,5673.7,5673.7,0.0,0.0,0.0,0.0,0.0,0.0,0.0,0.0,0.0,0.0,0.0,67.0,67.0,0.0,50000.0,0.0,0.0,0.0,1.0,0.0,1.0,6684.0,4.0,6833.0,3079.0,90.5171296845883,550000.0,600000.0,4,9705.882352941177,True,False,False,0,1.0
MLC-4146254400,1.0,0,1,2,False,742.3,742.3,5.0,5.0,5.0,3.0,2.0,1.0,5.0,0.0,0.0,3.0,0.0,36.0,36.0,0.0,60000.0,0.0,0.0,0.0,1.0,1.0,9.0,6636.0,4.0,2317.0,1552.0,99.9999999999999,420000.0,480000.0,2,12735.849056603774,True,False,False,0,1.0
MLC-4146254418,2.0,0,3,10,True,5376.7,5376.7,3.0,0.0,1.0,0.0,0.0,0.0,0.0,0.0,0.0,0.0,0.0,40.0,74.9,0.0,0.0,0.0,1.0,0.0,1.0,0.0,1.0,6684.0,4.0,6833.0,3079.0,90.5171296845883,680000.0,680000.0,4,9910.168447904296,True,False,False,0,0.5340453938584779
MLC-4146256268,2.0,1,3,0,False,5172.0,5172.0,5.0,1.0,0.0,0.0,2.0,0.0,0.0,0.0,0.0,0.0,0.0,80.0,80.0,0.0,0.0,0.0,0.0,0.0,0.0,0.0,6.0,6684.0,4.0,6833.0,3079.0,90.5171296845883,750000.0,750000.0,4,10142.857142857143,True,False,False,0,1.0
MLC-4146260146,2.0,0,2,21,True,978.3,978.3,5.0,5.0,2.0,1.0,1.0,2.0,3.0,1.0,1.0,4.0,0.0,90.0,90.0,0.0,100000.0,1.0,0.0,0.0,1.0,1.0,7.0,5492.0,1.0,2073.0,1418.0,100.0,645000.0,745000.0,2,11639.78494623656,True,False,False,0,1.0
MLC-4146260270,1.0,1,1,2,False,1487.9,1487.9,5.0,1.0,0.0,1.0,1.0,4.0,0.0,0.0,0.0,1.0,0.0,46.0,46.0,0.0,50000.0,0.0,0.0,0.0,0.0,1.0,5.0,6691.0,4.0,2810.0,1764.0,100.0,550000.0,600000.0,4,12567.567567567568,True,False,False,0,1.0
MLC-4146260284,1.0,0,1,4,True,1057.2,1057.2,5.0,5.0,2.0,1.0,1.0,2.0,3.0,0.0,1.0,4.0,0.0,33.0,37.6,0.0,45000.0,0.0,0.0,0.0,1.0,1.0,3.0,5492.0,1.0,2073.0,1418.0,100.0,490000.0,535000.0,4,11413.793103448275,True,False,False,0,0.8776595744680851
MLC-4146260320,2.0,1,3,17,True,515.2,515.2,5.0,5.0,5.0,3.0,3.0,3.0,5.0,1.0,0.0,5.0,0.0,78.0,75.0,0.0,110000.0,0.0,0.0,0.0,1.0,1.0,8.0,6636.0,4.0,2317.0,1552.0,99.9999999999999,620000.0,730000.0,2,13037.5,True,False,False,0,1.04
MLC-4146260468,2.0,2,2,11,True,4743.7,4743.7,5.0,2.0,0.0,0.0,3.0,0.0,0.0,0.0,0.0,0.0,0.0,65.0,60.0,1.0,110000.0,0.0,1.0,0.0,1.0,1.0,7.0,6282.0,3.0,12506.0,6078.0,99.9999999999999,630000.0,740000.0,4,10582.52427184466,True,False,False,0,1.0833333333333333
MLC-4146260516,2.0,1,3,2,True,1372.3,1372.3,0.0,0.0,0.0,0.0,0.0,0.0,0.0,0.0,0.0,0.0,0.0,67.0,63.0,0.0,85000.0,1.0,0.0,0.0,1.0,1.0,10.0,6691.0,4.0,2810.0,1764.0,100.0,670000.0,755000.0,4,12222.222222222223,True,False,False,1,1.0634920634920635
MLC-4146261008,1.0,1,2,6,True,654.3,654.3,5.0,3.0,1.0,1.0,1.0,3.0,5.0,2.0,0.0,1.0,0.0,45.0,45.0,0.0,80000.0,0.0,0.0,0.0,0.0,1.0,17.0,5492.0,1.0,2073.0,1418.0,100.0,500000.0,580000.0,2,12250.0,True,False,False,0,1.0
MLC-4146261150,2.0,0,2,7,True,1362.9,1362.9,4.0,1.0,1.0,0.0,5.0,2.0,0.0,0.0,0.0,0.0,0.0,47.0,47.0,0.0,60000.0,0.0,0.0,0.0,1.0,1.0,15.0,6279.0,3.0,2598.0,1648.0,100.0,450000.0,510000.0,2,11428.57142857143,True,False,False,0,1.0
MLC-4146261264,1.0,1,1,12,True,4785.8,4785.8,5.0,1.0,0.0,0.0,2.0,0.0,0.0,0.0,0.0,0.0,0.0,42.0,37.0,1.0,60000.0,0.0,1.0,0.0,1.0,1.0,1.0,6282.0,3.0,12506.0,6078.0,99.9999999999999,530000.0,590000.0,4,10582.52427184466,True,False,False,0,1.135135135135135
MLC-4161007942,2.0,1,2,5,False,476.7,476.7,5.0,5.0,3.0,5.0,1.0,1.0,5.0,1.0,0.0,5.0,0.0,66.0,61.0,1.0,130000.0,1.0,0.0,0.0,1.0,0.0,16.0,6318.0,3.0,1035.0,677.0,100.0,650000.0,780000.0,2,11692.307692307691,True,False,False,0,1.0819672131147542
MLC-4146263908,1.0,0,1,12,False,904.5,904.5,5.0,5.0,1.0,1.0,1.0,2.0,2.0,1.0,0.0,4.0,0.0,37.0,35.0,0.0,60000.0,0.0,0.0,0.0,1.0,0.0,13.0,6636.0,4.0,2317.0,1552.0,99.9999999999999,400000.0,460000.0,2,12242.021276595744,True,False,False,0,1.0571428571428572
MLC-4146267198,2.0,1,3,4,True,4212.3,8484.8,5.0,0.0,2.0,0.0,0.0,0.0,0.0,0.0,0.0,0.0,0.0,50.0,66.6,0.0,0.0,0.0,0.0,0.0,1.0,0.0,1.0,6592.0,4.0,5079.0,2589.0,29.8628034168695,460000.0,460000.0,4,10000.0,True,True,False,0,0.7507507507507508
MLC-4146270126,1.0,1,1,0,True,6142.2,6641.8,2.0,0.0,0.0,0.0,0.0,0.0,0.0,0.0,0.0,0.0,0.0,50.0,38.0,1.0,0.0,0.0,0.0,0.0,1.0,1.0,1.0,6682.0,4.0,4021.0,1996.0,65.5175717706704,480000.0,480000.0,1,12500.0,True,True,False,0,1.3157894736842106
MLC-4146273274,2.0,1,2,6,False,1433.7,1433.7,5.0,1.0,1.0,1.0,0.0,2.0,0.0,0.0,0.0,1.0,0.0,58.0,58.0,0.0,80000.0,0.0,0.0,0.0,1.0,0.0,1.0,6382.0,3.0,2472.0,1579.0,44.7477970543667,600000.0,680000.0,4,12424.489795918367,True,False,False,0,1.0
MLC-4155498134,2.0,1,2,1,False,6253.6,6496.6,5.0,1.0,0.0,0.0,0.0,0.0,0.0,0.0,0.0,0.0,0.0,57.0,52.0,0.0,0.0,0.0,0.0,0.0,0.0,1.0,2.0,6682.0,4.0,4021.0,1996.0,65.5175717706704,650000.0,650000.0,1,12500.0,True,True,False,0,1.0961538461538463
MLC-4146273350,2.0,1,3,4,True,5136.6,5136.6,5.0,1.0,0.0,0.0,1.0,1.0,0.0,0.0,0.0,0.0,0.0,70.0,70.0,0.0,70000.0,1.0,1.0,0.0,1.0,1.0,5.0,6684.0,4.0,6833.0,3079.0,90.5171296845883,670000.0,740000.0,4,10000.0,True,False,False,0,1.0
MLC-4146273378,1.0,1,2,6,False,4714.2,8779.5,0.0,0.0,0.0,0.0,0.0,0.0,0.0,0.0,0.0,0.0,0.0,70.0,65.0,0.0,0.0,1.0,0.0,0.0,1.0,0.0,4.0,1859.0,2.0,27535.0,12357.0,68.1398650783455,400000.0,400000.0,0,7413.793103448276,True,False,True,0,1.0769230769230769
MLC-4146273416,1.0,1,1,19,True,2161.5,5420.2,0.0,0.0,0.0,0.0,0.0,0.0,0.0,0.0,0.0,0.0,0.0,48.0,48.0,0.0,110000.0,0.0,1.0,0.0,1.0,1.0,5.0,6748.0,4.0,2908.0,1351.0,5.75523405114186,460000.0,570000.0,3,12000.0,True,False,True,0,1.0
MLC-4146273420,1.0,1,1,11,False,933.3,933.3,5.0,0.0,2.0,0.0,2.0,1.0,0.0,0.0,0.0,0.0,0.0,48.0,41.0,0.0,60000.0,1.0,1.0,0.0,1.0,1.0,7.0,5941.0,2.0,3137.0,1891.0,100.0,420000.0,480000.0,2,11285.714285714286,True,False,False,0,1.170731707317073
MLC-4146273452,2.0,1,2,7,False,399.9,3861.3,5.0,0.0,1.0,0.0,2.0,1.0,2.0,0.0,0.0,0.0,2.0,50.0,48.0,0.0,80000.0,0.0,0.0,0.0,1.0,1.0,4.0,5879.0,4.0,12234.0,5977.0,80.4354882614475,500000.0,580000.0,0,11746.031746031746,True,False,True,0,1.0416666666666667
MLC-4146273582,2.0,1,2,8,True,2068.1,2068.1,5.0,2.0,5.0,0.0,1.0,1.0,0.0,0.0,0.0,0.0,0.0,45.0,45.0,0.0,0.0,0.0,0.0,0.0,1.0,1.0,8.0,6715.0,4.0,2440.0,1484.0,100.0,620000.0,620000.0,4,11326.530612244898,True,False,False,1,1.0
MLC-4146273618,2.0,1,3,6,False,4665.1,4665.1,0.0,0.0,0.0,0.0,0.0,0.0,1.0,0.0,0.0,0.0,0.0,63.0,63.0,0.0,0.0,0.0,0.0,0.0,1.0,1.0,1.0,6409.0,4.0,6576.0,3080.0,94.3101149608368,550000.0,550000.0,0,9433.962264150943,True,False,False,0,1.0
MLC-4146273680,2.0,1,3,29,False,1336.8,1336.8,5.0,2.0,2.0,1.0,0.0,2.0,1.0,0.0,2.0,4.0,0.0,74.0,74.0,1.0,150000.0,0.0,0.0,0.0,1.0,1.0,3.0,6382.0,3.0,2472.0,1579.0,44.7477970543667,650000.0,800000.0,4,11483.38649654439,True,False,False,0,1.0
MLC-4146274048,1.0,1,1,5,False,2638.6,2638.6,0.0,0.0,0.0,0.0,0.0,0.0,0.0,0.0,0.0,0.0,0.0,32.0,32.0,0.0,40000.0,0.0,0.0,0.0,0.0,0.0,4.0,6019.0,3.0,4332.0,2303.0,55.0392235701766,340000.0,380000.0,4,9911.111111111111,True,False,False,0,1.0
MLC-4146274090,1.0,0,1,9,True,1028.9,1028.9,5.0,3.0,1.0,0.0,1.0,0.0,0.0,0.0,0.0,0.0,0.0,34.0,32.0,0.0,60000.0,0.0,0.0,0.0,1.0,1.0,3.0,6178.0,3.0,2620.0,1658.0,100.0,380000.0,440000.0,4,12000.0,True,False,False,0,1.0625
MLC-4146274116,2.0,1,2,8,True,2068.1,2068.1,5.0,2.0,5.0,0.0,1.0,1.0,0.0,0.0,0.0,0.0,0.0,58.0,58.0,1.0,0.0,0.0,0.0,0.0,0.0,0.0,8.0,6715.0,4.0,2440.0,1484.0,100.0,550000.0,550000.0,4,11326.530612244898,True,False,False,0,1.0
MLC-4146274234,1.0,0,2,5,True,2744.4,2744.4,2.0,0.0,0.0,0.0,0.0,0.0,0.0,0.0,0.0,0.0,0.0,50.0,50.0,0.0,45000.0,0.0,0.0,0.0,0.0,0.0,1.0,5901.0,2.0,3835.0,2050.0,58.6173339550477,360000.0,405000.0,4,10121.951219512195,True,False,False,0,1.0
MLC-4146274780,2.0,1,2,11,True,610.9,610.9,5.0,5.0,2.0,5.0,3.0,2.0,5.0,2.0,0.0,5.0,0.0,52.0,48.0,1.0,90000.0,0.0,0.0,0.0,1.0,1.0,10.0,6768.0,4.0,1656.0,1111.0,100.0,620000.0,710000.0,2,11304.33273156506,True,False,False,0,1.0833333333333333
MLC-4146275644,2.0,1,2,10,True,1787.3,4908.7,0.0,0.0,0.0,0.0,0.0,0.0,0.0,0.0,0.0,0.0,0.0,64.0,62.0,1.0,110000.0,1.0,1.0,0.0,1.0,1.0,7.0,6748.0,4.0,2908.0,1351.0,5.75523405114186,650000.0,760000.0,3,10940.347970173985,True,False,True,0,1.032258064516129
MLC-4174078266,2.0,1,3,21,True,1377.0,4825.9,4.0,1.0,2.0,0.0,1.0,1.0,1.0,0.0,0.0,0.0,0.0,110.0,105.0,1.0,180000.0,1.0,1.0,0.0,1.0,1.0,10.0,6748.0,4.0,2908.0,1351.0,5.75523405114186,850000.0,1030000.0,3,11530.214424951268,True,False,True,0,1.0476190476190477
MLC-2092643799,1.0,1,2,4,True,2852.7,6948.7,5.0,1.0,0.0,0.0,0.0,0.0,0.0,0.0,0.0,1.0,0.0,47.0,45.0,0.0,0.0,0.0,0.0,0.0,1.0,0.0,4.0,4924.0,2.0,16315.0,7728.0,96.1398621005236,480000.0,480000.0,1,8441.295546558704,True,True,False,0,1.0444444444444445
MLC-4162445360,2.0,1,2,8,True,1683.3,1683.3,5.0,1.0,2.0,1.0,2.0,4.0,1.0,0.0,0.0,2.0,0.0,60.0,60.0,1.0,100000.0,0.0,0.0,0.0,1.0,1.0,3.0,6382.0,3.0,2472.0,1579.0,44.7477970543667,630000.0,730000.0,4,13579.19254658385,True,False,False,0,1.0
MLC-4146281764,1.0,0,1,2,True,980.9,980.9,5.0,3.0,1.0,0.0,1.0,0.0,0.0,0.0,0.0,0.0,0.0,45.0,45.0,0.0,0.0,1.0,0.0,0.0,1.0,1.0,2.0,5492.0,1.0,2073.0,1418.0,100.0,450000.0,450000.0,2,12217.021276595744,True,False,False,1,1.0
MLC-2013905019,1.0,1,1,0,True,900.0,4527.0,5.0,0.0,3.0,0.0,2.0,0.0,1.0,0.0,0.0,0.0,0.0,49.0,39.0,1.0,90000.0,1.0,0.0,0.0,1.0,1.0,7.0,5879.0,4.0,12234.0,5977.0,80.4354882614475,510000.0,600000.0,0,13402.636916835701,True,False,True,0,1.2564102564102564
MLC-2013912293,1.0,1,1,9,False,4686.7,4686.7,4.0,0.0,0.0,0.0,0.0,1.0,0.0,0.0,0.0,0.0,0.0,36.0,37.9,1.0,60000.0,0.0,1.0,0.0,1.0,1.0,1.0,6684.0,4.0,6833.0,3079.0,90.5171296845883,490000.0,550000.0,4,12377.04918032787,True,False,False,0,0.949868073878628
MLC-2016094127,1.0,0,1,15,True,1783.9,1783.9,0.0,0.0,0.0,0.0,0.0,0.0,0.0,0.0,0.0,0.0,0.0,40.0,30.0,0.0,35000.0,0.0,0.0,0.0,1.0,1.0,10.0,5924.0,2.0,3532.0,1915.0,100.0,400000.0,435000.0,4,11477.572559366756,True,False,False,0,1.3333333333333333
MLC-4146282054,1.0,0,2,8,True,1605.9,1605.9,5.0,1.0,0.0,0.0,3.0,2.0,0.0,0.0,0.0,0.0,0.0,45.0,45.0,0.0,68000.0,1.0,0.0,0.0,1.0,1.0,6.0,5924.0,2.0,3532.0,1915.0,100.0,460000.0,528000.0,4,11609.498680738787,True,False,False,0,1.0
MLC-4151684690,2.0,1,2,21,False,5606.3,5606.3,5.0,0.0,1.0,0.0,1.0,0.0,0.0,0.0,0.0,0.0,0.0,74.0,73.0,0.0,0.0,1.0,1.0,0.0,1.0,1.0,3.0,6684.0,4.0,6833.0,3079.0,90.5171296845883,520000.0,520000.0,4,9404.480667769116,True,False,False,0,1.0136986301369864
MLC-4151684698,2.0,0,2,14,False,1251.8,1251.8,5.0,1.0,2.0,0.0,1.0,0.0,0.0,0.0,0.0,0.0,0.0,63.0,60.0,0.0,70000.0,0.0,0.0,0.0,1.0,1.0,4.0,6691.0,4.0,2810.0,1764.0,100.0,470000.0,540000.0,4,12243.42105263158,True,False,False,0,1.05
MLC-4151688714,2.0,1,2,18,True,3899.8,3899.8,3.0,0.0,0.0,0.0,1.0,0.0,0.0,0.0,0.0,0.0,0.0,50.0,50.0,0.0,100000.0,0.0,0.0,0.0,1.0,1.0,4.0,6684.0,4.0,6833.0,3079.0,90.5171296845883,780000.0,880000.0,4,12295.081967213115,True,False,False,1,1.0
MLC-4151688904,2.0,1,3,11,True,4359.0,3313.2,0.0,0.0,0.0,0.0,0.0,0.0,0.0,0.0,1.0,1.0,0.0,75.0,75.0,1.0,130000.0,1.0,1.0,0.0,1.0,1.0,7.0,5535.0,3.0,1600.0,768.0,9.03186513678773,650000.0,780000.0,4,10400.0,True,True,False,0,1.0
MLC-4151710628,1.0,0,3,0,False,1917.3,1917.3,2.0,0.0,1.0,1.0,1.0,0.0,0.0,0.0,0.0,0.0,0.0,58.0,55.0,0.0,10000.0,0.0,0.0,0.0,0.0,0.0,1.0,5666.0,2.0,2051.0,1108.0,100.0,400000.0,410000.0,4,11710.526315789473,True,False,False,0,1.0545454545454545
MLC-4151714186,2.0,0,2,4,True,963.2,963.2,5.0,1.0,1.0,2.0,0.0,1.0,0.0,0.0,0.0,0.0,0.0,48.0,48.0,0.0,60000.0,0.0,0.0,0.0,0.0,0.0,15.0,4889.0,1.0,6948.0,3534.0,56.3609274194969,460000.0,520000.0,2,10833.333333333334,True,False,False,0,1.0
MLC-2016439349,1.0,1,1,9,True,574.2,574.2,5.0,0.0,4.0,0.0,0.0,5.0,3.0,0.0,0.0,0.0,0.0,38.0,38.0,1.0,40000.0,0.0,0.0,0.0,1.0,1.0,11.0,4644.0,1.0,2739.0,1645.0,100.0,380000.0,420000.0,2,12450.0,True,False,False,0,1.0
MLC-4151714154,1.0,0,1,10,True,1683.3,1683.3,5.0,1.0,2.0,1.0,2.0,4.0,1.0,0.0,0.0,2.0,0.0,41.0,35.0,0.0,65000.0,0.0,0.0,0.0,1.0,1.0,8.0,6382.0,3.0,2472.0,1579.0,44.7477970543667,430000.0,495000.0,4,13550.420168067227,True,False,False,0,1.1714285714285715
MLC-4151691498,2.0,1,2,6,True,5049.8,5049.8,5.0,1.0,0.0,0.0,1.0,0.0,0.0,0.0,0.0,0.0,0.0,70.0,58.3,1.0,130000.0,0.0,1.0,0.0,1.0,1.0,3.0,6684.0,4.0,6833.0,3079.0,90.5171296845883,650000.0,780000.0,4,10445.96912521441,True,False,False,0,1.2006861063464838
MLC-4152884432,1.0,1,1,3,True,1437.0,1437.0,5.0,1.0,1.0,2.0,0.0,1.0,0.0,0.0,0.0,1.0,0.0,45.0,41.0,1.0,49000.0,0.0,0.0,0.0,1.0,1.0,4.0,6691.0,4.0,2810.0,1764.0,100.0,430000.0,479000.0,4,12400.0,True,False,False,0,1.0975609756097562
MLC-4151715620,1.0,1,3,1,True,2850.4,6949.3,5.0,1.0,0.0,0.0,0.0,0.0,0.0,0.0,0.0,1.0,0.0,54.0,52.0,0.0,50000.0,0.0,0.0,0.0,1.0,0.0,1.0,4924.0,2.0,16315.0,7728.0,96.1398621005236,390000.0,440000.0,1,8537.449392712551,True,True,False,0,1.0384615384615385
MLC-4152845812,1.0,0,1,2,False,2756.3,4949.8,5.0,0.0,1.0,1.0,0.0,1.0,0.0,0.0,0.0,0.0,0.0,33.3,33.5,0.0,50000.0,0.0,0.0,0.0,0.0,0.0,1.0,5933.0,4.0,1180.0,720.0,100.0,430000.0,480000.0,1,9473.684210526315,True,True,False,0,0.9940298507462686
MLC-4151735978,1.0,1,2,11,True,6017.9,6716.5,3.0,1.0,0.0,0.0,0.0,0.0,0.0,0.0,0.0,0.0,0.0,50.0,48.0,1.0,55000.0,0.0,1.0,0.0,1.0,0.0,2.0,6682.0,4.0,4021.0,1996.0,65.5175717706704,530000.0,585000.0,1,12500.0,True,True,False,0,1.0416666666666667
MLC-4151739716,2.0,0,2,7,True,1080.4,1080.4,5.0,1.0,2.0,2.0,0.0,2.0,0.0,1.0,0.0,3.0,0.0,55.0,55.0,0.0,60000.0,0.0,1.0,0.0,0.0,1.0,7.0,4889.0,1.0,6948.0,3534.0,56.3609274194969,400000.0,460000.0,2,10716.666666666668,True,False,False,0,1.0
MLC-4155496858,2.0,1,2,1,False,6253.6,6496.6,5.0,1.0,0.0,0.0,0.0,0.0,0.0,0.0,0.0,0.0,0.0,57.0,52.0,0.0,0.0,0.0,0.0,0.0,0.0,1.0,2.0,6682.0,4.0,4021.0,1996.0,65.5175717706704,650000.0,650000.0,1,12500.0,True,True,False,0,1.0961538461538463
MLC-4152842568,1.0,1,1,17,True,2167.2,4988.7,0.0,0.0,0.0,0.0,0.0,0.0,0.0,0.0,0.0,0.0,0.0,64.0,64.0,0.0,120000.0,0.0,0.0,0.0,1.0,0.0,4.0,6748.0,4.0,2908.0,1351.0,5.75523405114186,490000.0,610000.0,3,11855.378281008749,True,False,True,0,1.0
MLC-4152847244,2.0,1,2,5,True,2566.4,2566.4,1.0,0.0,1.0,1.0,0.0,0.0,0.0,0.0,0.0,0.0,0.0,48.0,45.0,0.0,0.0,0.0,0.0,0.0,1.0,1.0,1.0,6304.0,3.0,4026.0,2134.0,100.0,580000.0,580000.0,4,11345.646437994723,True,False,False,0,1.0666666666666667
MLC-2094692135,1.0,0,1,26,False,917.6,917.6,5.0,5.0,1.0,1.0,1.0,2.0,3.0,0.0,0.0,4.0,0.0,45.0,43.0,0.0,45000.0,0.0,0.0,0.0,1.0,1.0,1.0,6636.0,4.0,2317.0,1552.0,99.9999999999999,420000.0,465000.0,2,12234.04255319149,True,False,False,0,1.0465116279069768
MLC-2017183307,1.0,1,1,1,True,375.2,375.2,5.0,1.0,5.0,5.0,1.0,5.0,5.0,1.0,0.0,4.0,0.0,36.0,32.0,1.0,40000.0,0.0,0.0,0.0,1.0,1.0,4.0,5332.0,1.0,4499.0,2404.0,100.0,480000.0,520000.0,2,12178.387650085764,True,False,False,0,1.125
MLC-4155496884,2.0,1,2,1,False,6253.6,6496.6,5.0,1.0,0.0,0.0,0.0,0.0,0.0,0.0,0.0,0.0,0.0,57.0,52.0,0.0,0.0,0.0,0.0,0.0,0.0,1.0,2.0,6682.0,4.0,4021.0,1996.0,65.5175717706704,650000.0,650000.0,1,12500.0,True,True,False,0,1.0961538461538463
MLC-4152852516,1.0,0,1,0,True,900.0,4527.0,5.0,0.0,3.0,0.0,2.0,0.0,1.0,0.0,0.0,0.0,0.0,33.0,33.0,0.0,60000.0,0.0,0.0,0.0,1.0,0.0,5.0,5879.0,4.0,12234.0,5977.0,80.4354882614475,410000.0,470000.0,0,13402.636916835701,True,False,True,0,1.0
MLC-4152853134,1.0,0,1,0,True,598.4,598.4,5.0,5.0,1.0,5.0,0.0,1.0,5.0,2.0,0.0,5.0,0.0,50.0,45.0,0.0,70000.0,1.0,0.0,0.0,1.0,1.0,12.0,6768.0,4.0,1656.0,1111.0,100.0,460000.0,530000.0,2,11777.777777777777,True,False,False,0,1.1111111111111112
MLC-2095626781,1.0,1,3,4,True,5002.4,5002.4,3.0,0.0,0.0,0.0,1.0,0.0,0.0,0.0,0.0,0.0,0.0,60.0,58.0,0.0,0.0,1.0,0.0,0.0,1.0,0.0,4.0,6409.0,4.0,6576.0,3080.0,94.3101149608368,480000.0,480000.0,0,9523.809523809523,True,False,False,0,1.0344827586206897
MLC-4152913008,1.0,1,2,5,True,6161.2,6634.0,2.0,0.0,0.0,0.0,0.0,0.0,0.0,0.0,0.0,0.0,0.0,50.0,48.4,0.0,50000.0,0.0,0.0,0.0,1.0,1.0,1.0,6682.0,4.0,4021.0,1996.0,65.5175717706704,550000.0,600000.0,1,12500.0,True,True,False,0,1.0330578512396695
MLC-4155497972,1.0,1,1,16,False,677.1,677.1,5.0,0.0,4.0,1.0,0.0,5.0,0.0,0.0,0.0,0.0,0.0,48.0,48.0,0.0,0.0,0.0,0.0,0.0,0.0,0.0,2.0,4644.0,1.0,2739.0,1645.0,100.0,480000.0,480000.0,2,10950.859950859951,True,False,False,1,1.0
MLC-4152912860,1.0,0,1,0,False,930.8,4552.8,5.0,0.0,3.0,0.0,2.0,0.0,1.0,0.0,0.0,0.0,0.0,36.0,36.0,0.0,50000.0,1.0,0.0,0.0,0.0,1.0,11.0,5879.0,4.0,12234.0,5977.0,80.4354882614475,420000.0,470000.0,0,13954.326923076922,True,False,True,0,1.0
MLC-2018145785,1.0,1,1,11,True,610.9,610.9,5.0,5.0,2.0,5.0,3.0,2.0,5.0,2.0,0.0,5.0,0.0,40.0,38.0,1.0,60000.0,0.0,0.0,0.0,1.0,1.0,15.0,6768.0,4.0,1656.0,1111.0,100.0,400000.0,460000.0,2,11304.33273156506,True,False,False,0,1.0526315789473684
MLC-4155489184,1.0,0,1,0,False,700.9,700.9,5.0,5.0,3.0,2.0,1.0,2.0,2.0,0.0,0.0,2.0,0.0,45.0,45.0,0.0,60000.0,0.0,0.0,0.0,0.0,0.0,20.0,6636.0,4.0,2317.0,1552.0,99.9999999999999,450000.0,510000.0,2,12755.102040816326,True,False,False,0,1.0
MLC-2094691195,1.0,1,1,6,True,598.4,598.4,5.0,5.0,1.0,5.0,0.0,1.0,5.0,2.0,0.0,5.0,0.0,41.0,35.0,0.0,0.0,0.0,0.0,0.0,1.0,1.0,16.0,6768.0,4.0,1656.0,1111.0,100.0,700000.0,700000.0,2,11777.777777777777,True,False,False,1,1.1714285714285715
MLC-4155490452,2.0,2,3,0,True,3653.3,3653.3,5.0,0.0,1.0,0.0,1.0,2.0,0.0,0.0,0.0,0.0,0.0,140.0,107.0,1.0,250000.0,1.0,0.0,0.0,1.0,1.0,4.0,6684.0,4.0,6833.0,3079.0,90.5171296845883,1100000.0,1350000.0,4,12455.95219855983,True,False,False,0,1.308411214953271
MLC-4155497974,1.0,0,1,1,True,1144.8,1144.8,5.0,5.0,2.0,2.0,1.0,2.0,2.0,0.0,1.0,4.0,0.0,44.0,40.0,0.0,0.0,0.0,0.0,0.0,0.0,0.0,2.0,6382.0,3.0,2472.0,1579.0,44.7477970543667,440000.0,440000.0,4,11818.181818181818,True,False,False,0,1.1
MLC-4155494828,1.0,1,3,2,False,4212.7,8413.5,5.0,1.0,1.0,0.0,2.0,0.0,0.0,0.0,0.0,0.0,0.0,56.0,56.0,0.0,45000.0,0.0,0.0,0.0,0.0,1.0,4.0,6358.0,4.0,4448.0,2458.0,54.2005929673536,360000.0,405000.0,4,9090.90909090909,True,True,False,0,1.0
MLC-4155495968,2.0,1,2,1,False,6253.6,6496.6,5.0,1.0,0.0,0.0,0.0,0.0,0.0,0.0,0.0,0.0,0.0,57.0,52.0,0.0,0.0,0.0,0.0,0.0,0.0,1.0,2.0,6682.0,4.0,4021.0,1996.0,65.5175717706704,650000.0,650000.0,1,12500.0,True,True,False,0,1.0961538461538463
MLC-4155496048,2.0,1,2,1,False,6253.6,6496.6,5.0,1.0,0.0,0.0,0.0,0.0,0.0,0.0,0.0,0.0,0.0,57.0,52.0,0.0,0.0,0.0,0.0,0.0,0.0,1.0,2.0,6682.0,4.0,4021.0,1996.0,65.5175717706704,650000.0,650000.0,1,12500.0,True,True,False,0,1.0961538461538463
MLC-4155496554,2.0,1,2,1,False,6253.6,6496.6,5.0,1.0,0.0,0.0,0.0,0.0,0.0,0.0,0.0,0.0,0.0,57.0,52.0,0.0,0.0,0.0,0.0,0.0,0.0,1.0,2.0,6682.0,4.0,4021.0,1996.0,65.5175717706704,650000.0,650000.0,1,12500.0,True,True,False,0,1.0961538461538463
MLC-4155496794,2.0,1,2,1,False,6253.6,6496.6,5.0,1.0,0.0,0.0,0.0,0.0,0.0,0.0,0.0,0.0,0.0,57.0,52.0,0.0,0.0,0.0,0.0,0.0,0.0,1.0,2.0,6682.0,4.0,4021.0,1996.0,65.5175717706704,650000.0,650000.0,1,12500.0,True,True,False,0,1.0961538461538463
MLC-4162447340,1.0,0,2,5,False,4158.8,21512.6,0.0,0.0,0.0,0.0,0.0,0.0,0.0,0.0,0.0,0.0,0.0,46.0,46.0,0.0,5000.0,0.0,0.0,0.0,0.0,0.0,1.0,4711.0,4.0,2223.0,1253.0,95.7576830259248,250000.0,255000.0,0,11400.0,False,True,False,0,1.0
MLC-4155498684,2.0,1,2,1,False,6253.6,6496.6,5.0,1.0,0.0,0.0,0.0,0.0,0.0,0.0,0.0,0.0,0.0,57.0,52.0,0.0,0.0,0.0,0.0,0.0,0.0,1.0,2.0,6682.0,4.0,4021.0,1996.0,65.5175717706704,650000.0,650000.0,1,12500.0,True,True,False,0,1.0961538461538463
MLC-4155498782,2.0,1,2,1,False,6253.6,6496.6,5.0,1.0,0.0,0.0,0.0,0.0,0.0,0.0,0.0,0.0,0.0,57.0,52.0,0.0,0.0,0.0,0.0,0.0,0.0,1.0,2.0,6682.0,4.0,4021.0,1996.0,65.5175717706704,650000.0,650000.0,1,12500.0,True,True,False,0,1.0961538461538463
MLC-4155498960,2.0,1,2,1,False,6253.6,6496.6,5.0,1.0,0.0,0.0,0.0,0.0,0.0,0.0,0.0,0.0,0.0,57.0,52.0,0.0,0.0,0.0,0.0,0.0,0.0,1.0,2.0,6682.0,4.0,4021.0,1996.0,65.5175717706704,650000.0,650000.0,1,12500.0,True,True,False,0,1.0961538461538463
MLC-4155499248,2.0,1,2,1,False,6253.6,6496.6,5.0,1.0,0.0,0.0,0.0,0.0,0.0,0.0,0.0,0.0,0.0,57.0,52.0,0.0,0.0,0.0,0.0,0.0,0.0,1.0,2.0,6682.0,4.0,4021.0,1996.0,65.5175717706704,650000.0,650000.0,1,12500.0,True,True,False,0,1.0961538461538463
MLC-4155618012,1.0,1,3,0,False,2644.7,5060.5,5.0,0.0,0.0,1.0,0.0,0.0,0.0,0.0,0.0,0.0,0.0,55.0,52.0,0.0,35000.0,0.0,0.0,0.0,0.0,0.0,1.0,5535.0,3.0,1600.0,768.0,9.03186513678773,440000.0,475000.0,1,9259.25925925926,True,True,False,0,1.0576923076923077
MLC-4155618020,2.0,1,2,47,True,555.1,555.1,5.0,1.0,2.0,0.0,0.0,5.0,3.0,0.0,0.0,0.0,0.0,56.7,55.0,0.0,120000.0,0.0,0.0,0.0,1.0,1.0,1.0,4644.0,1.0,2739.0,1645.0,100.0,700000.0,820000.0,2,12347.540983606557,True,False,False,1,1.030909090909091
MLC-2095585073,2.0,2,3,16,True,4025.3,4025.3,3.0,0.0,0.0,0.0,0.0,1.0,1.0,0.0,0.0,0.0,0.0,74.0,74.0,1.0,120000.0,1.0,1.0,0.0,1.0,1.0,9.0,6684.0,4.0,6833.0,3079.0,90.5171296845883,800000.0,920000.0,4,12295.081967213115,True,False,False,1,1.0
MLC-4155621754,1.0,1,2,11,True,4019.7,8162.3,5.0,2.0,0.0,0.0,0.0,1.0,0.0,0.0,0.0,0.0,0.0,50.0,50.0,0.0,50000.0,0.0,0.0,0.0,1.0,0.0,1.0,1859.0,2.0,27535.0,12357.0,68.1398650783455,430000.0,480000.0,0,7893.786597267404,True,False,True,0,1.0
MLC-4155621900,2.0,1,2,0,True,2699.9,2699.9,5.0,0.0,0.0,0.0,1.0,1.0,0.0,0.0,0.0,0.0,0.0,54.0,54.0,0.0,100000.0,0.0,0.0,0.0,1.0,1.0,1.0,5455.0,1.0,10400.0,5578.0,70.0075532601241,550000.0,650000.0,0,11016.949152542373,True,False,False,0,1.0
MLC-4155621904,2.0,1,2,6,False,7968.3,7968.3,5.0,1.0,0.0,0.0,2.0,0.0,0.0,0.0,0.0,0.0,0.0,59.0,58.2,0.0,90000.0,1.0,0.0,0.0,1.0,1.0,1.0,6378.0,4.0,5301.0,2786.0,54.753364524323,650000.0,740000.0,4,12692.967409948542,True,False,False,0,1.013745704467354
MLC-2019967491,2.0,2,3,1,True,592.1,4525.7,5.0,0.0,4.0,0.0,3.0,1.0,5.0,0.0,1.0,0.0,0.0,81.3,81.9,2.0,160000.0,1.0,1.0,0.0,1.0,1.0,15.0,5879.0,4.0,12234.0,5977.0,80.4354882614475,930000.0,1090000.0,0,10891.089108910892,True,False,True,0,0.9926739926739926
MLC-4155628034,2.0,1,2,1,False,6253.6,6496.6,5.0,1.0,0.0,0.0,0.0,0.0,0.0,0.0,0.0,0.0,0.0,57.0,52.0,0.0,0.0,0.0,0.0,0.0,0.0,1.0,2.0,6682.0,4.0,4021.0,1996.0,65.5175717706704,650000.0,650000.0,1,12500.0,True,True,False,0,1.0961538461538463
MLC-4155623322,2.0,1,2,0,True,3000.5,3000.5,5.0,0.0,2.0,0.0,3.0,3.0,1.0,0.0,0.0,0.0,0.0,61.0,58.0,1.0,100000.0,1.0,1.0,0.0,1.0,1.0,1.0,5455.0,1.0,10400.0,5578.0,70.0075532601241,530000.0,630000.0,0,10918.367346938776,True,False,False,0,1.0517241379310345
MLC-4155625338,2.0,1,2,1,False,6253.6,6496.6,5.0,1.0,0.0,0.0,0.0,0.0,0.0,0.0,0.0,0.0,0.0,57.0,52.0,0.0,0.0,0.0,0.0,0.0,0.0,1.0,2.0,6682.0,4.0,4021.0,1996.0,65.5175717706704,650000.0,650000.0,1,12500.0,True,True,False,0,1.0961538461538463
MLC-4155626108,2.0,1,2,1,False,6253.6,6496.6,5.0,1.0,0.0,0.0,0.0,0.0,0.0,0.0,0.0,0.0,0.0,57.0,52.0,0.0,0.0,0.0,0.0,0.0,0.0,1.0,2.0,6682.0,4.0,4021.0,1996.0,65.5175717706704,650000.0,650000.0,1,12500.0,True,True,False,0,1.0961538461538463
MLC-4155626218,2.0,1,2,4,True,3972.3,3972.3,5.0,2.0,0.0,0.0,1.0,2.0,1.0,0.0,0.0,0.0,0.0,65.0,61.0,1.0,140000.0,1.0,0.0,0.0,1.0,1.0,3.0,6684.0,4.0,6833.0,3079.0,90.5171296845883,650000.0,790000.0,4,12295.081967213115,True,False,False,0,1.0655737704918034
MLC-4155627026,2.0,1,2,1,False,6253.6,6496.6,5.0,1.0,0.0,0.0,0.0,0.0,0.0,0.0,0.0,0.0,0.0,57.0,52.0,0.0,0.0,0.0,0.0,0.0,0.0,1.0,2.0,6682.0,4.0,4021.0,1996.0,65.5175717706704,650000.0,650000.0,1,12500.0,True,True,False,0,1.0961538461538463
MLC-4155627282,1.0,0,1,1,True,1144.8,1144.8,5.0,5.0,2.0,2.0,1.0,2.0,2.0,0.0,1.0,4.0,0.0,44.0,40.0,0.0,0.0,0.0,0.0,0.0,0.0,0.0,2.0,6382.0,3.0,2472.0,1579.0,44.7477970543667,440000.0,440000.0,4,11818.181818181818,True,False,False,0,1.1
MLC-4155693010,2.0,0,3,6,False,3729.6,3729.6,5.0,0.0,2.0,0.0,0.0,0.0,0.0,0.0,0.0,0.0,0.0,64.0,64.0,0.0,50000.0,0.0,0.0,0.0,0.0,0.0,1.0,5569.0,2.0,8881.0,4312.0,47.4765461690525,550000.0,600000.0,0,9807.692307692309,True,False,False,0,1.0
MLC-4155628132,2.0,1,2,1,False,6253.6,6496.6,5.0,1.0,0.0,0.0,0.0,0.0,0.0,0.0,0.0,0.0,0.0,57.0,52.0,0.0,0.0,0.0,0.0,0.0,0.0,1.0,2.0,6682.0,4.0,4021.0,1996.0,65.5175717706704,650000.0,650000.0,1,12500.0,True,True,False,0,1.0961538461538463
MLC-4155628266,2.0,1,2,1,False,6253.6,6496.6,5.0,1.0,0.0,0.0,0.0,0.0,0.0,0.0,0.0,0.0,0.0,57.0,52.0,0.0,0.0,0.0,0.0,0.0,0.0,1.0,2.0,6682.0,4.0,4021.0,1996.0,65.5175717706704,650000.0,650000.0,1,12500.0,True,True,False,0,1.0961538461538463
MLC-4155628676,1.0,0,1,1,False,2799.9,2799.9,3.0,0.0,2.0,1.0,1.0,1.0,0.0,0.0,0.0,0.0,0.0,33.0,37.6,0.0,35000.0,0.0,0.0,0.0,1.0,1.0,3.0,6304.0,3.0,4026.0,2134.0,100.0,350000.0,385000.0,4,10158.311345646438,True,False,False,0,0.8776595744680851
MLC-4155628684,2.0,1,2,1,False,6253.6,6496.6,5.0,1.0,0.0,0.0,0.0,0.0,0.0,0.0,0.0,0.0,0.0,57.0,52.0,0.0,0.0,0.0,0.0,0.0,0.0,1.0,2.0,6682.0,4.0,4021.0,1996.0,65.5175717706704,650000.0,650000.0,1,12500.0,True,True,False,0,1.0961538461538463
MLC-4155628844,2.0,1,2,13,True,3968.3,3968.3,3.0,0.0,0.0,0.0,0.0,0.0,0.0,0.0,0.0,0.0,0.0,64.0,60.0,0.0,100000.0,1.0,1.0,0.0,0.0,1.0,8.0,6684.0,4.0,6833.0,3079.0,90.5171296845883,700000.0,800000.0,4,12295.081967213115,True,False,False,1,1.0666666666666667
MLC-4155629076,2.0,1,2,1,False,6253.6,6496.6,5.0,1.0,0.0,0.0,0.0,0.0,0.0,0.0,0.0,0.0,0.0,57.0,52.0,0.0,0.0,0.0,0.0,0.0,0.0,1.0,2.0,6682.0,4.0,4021.0,1996.0,65.5175717706704,650000.0,650000.0,1,12500.0,True,True,False,0,1.0961538461538463
MLC-4155629144,2.0,1,2,1,False,6253.6,6496.6,5.0,1.0,0.0,0.0,0.0,0.0,0.0,0.0,0.0,0.0,0.0,57.0,52.0,0.0,0.0,0.0,0.0,0.0,0.0,1.0,2.0,6682.0,4.0,4021.0,1996.0,65.5175717706704,650000.0,650000.0,1,12500.0,True,True,False,0,1.0961538461538463
MLC-4155629156,2.0,1,2,1,False,6253.6,6496.6,5.0,1.0,0.0,0.0,0.0,0.0,0.0,0.0,0.0,0.0,0.0,57.0,52.0,0.0,0.0,0.0,0.0,0.0,0.0,1.0,2.0,6682.0,4.0,4021.0,1996.0,65.5175717706704,650000.0,650000.0,1,12500.0,True,True,False,0,1.0961538461538463
MLC-4155629358,1.0,1,1,5,True,4709.6,4709.6,5.0,0.0,0.0,0.0,0.0,0.0,0.0,0.0,0.0,0.0,0.0,48.0,48.0,0.0,57000.0,0.0,0.0,0.0,1.0,1.0,9.0,6282.0,3.0,12506.0,6078.0,99.9999999999999,430000.0,487000.0,4,11000.0,True,False,False,0,1.0
MLC-4155629490,2.0,1,2,1,False,6253.6,6496.6,5.0,1.0,0.0,0.0,0.0,0.0,0.0,0.0,0.0,0.0,0.0,57.0,52.0,0.0,0.0,0.0,0.0,0.0,0.0,1.0,2.0,6682.0,4.0,4021.0,1996.0,65.5175717706704,650000.0,650000.0,1,12500.0,True,True,False,0,1.0961538461538463
MLC-4159929692,2.0,1,2,4,True,4859.9,4859.9,5.0,1.0,0.0,0.0,2.0,0.0,0.0,0.0,0.0,0.0,0.0,77.0,72.0,1.0,95000.0,1.0,0.0,0.0,1.0,1.0,6.0,6282.0,3.0,12506.0,6078.0,99.9999999999999,700000.0,795000.0,4,11199.577055247159,True,False,False,1,1.0694444444444444
MLC-4155684638,2.0,1,2,12,False,1978.2,5447.1,0.0,0.0,1.0,0.0,0.0,0.0,0.0,0.0,0.0,0.0,0.0,73.0,68.0,0.0,160000.0,0.0,1.0,0.0,1.0,1.0,2.0,6748.0,4.0,2908.0,1351.0,5.75523405114186,650000.0,810000.0,3,12238.805970149253,True,False,True,0,1.0735294117647058
MLC-2024970129,1.0,1,1,2,True,791.0,791.0,5.0,4.0,0.0,0.0,1.0,1.0,2.0,1.0,0.0,5.0,0.0,37.0,35.0,0.0,0.0,0.0,0.0,0.0,1.0,1.0,8.0,6768.0,4.0,1656.0,1111.0,100.0,520000.0,520000.0,2,11777.777777777777,True,False,False,0,1.0571428571428572
MLC-4155683292,2.0,1,3,10,True,1461.6,4986.5,0.0,1.0,0.0,0.0,0.0,0.0,0.0,0.0,0.0,0.0,0.0,80.0,80.0,0.0,100000.0,0.0,1.0,0.0,1.0,1.0,8.0,6748.0,4.0,2908.0,1351.0,5.75523405114186,670000.0,770000.0,3,11481.481481481482,True,False,True,0,1.0
MLC-4176327554,2.0,1,3,0,True,4796.3,4796.3,0.0,0.0,0.0,0.0,0.0,0.0,0.0,0.0,0.0,0.0,0.0,110.0,110.0,1.0,90000.0,0.0,0.0,0.0,1.0,1.0,2.0,6282.0,3.0,12506.0,6078.0,99.9999999999999,800000.0,890000.0,4,11000.0,True,False,False,0,1.0
MLC-4155685346,1.0,1,1,0,True,1258.0,1258.0,5.0,2.0,1.0,0.0,1.0,0.0,0.0,0.0,0.0,2.0,0.0,37.0,35.0,1.0,90000.0,0.0,0.0,0.0,1.0,1.0,9.0,6382.0,3.0,2472.0,1579.0,44.7477970543667,380000.0,470000.0,4,12159.512343358396,True,False,False,0,1.0571428571428572
MLC-4155688866,2.0,1,2,0,True,1558.4,1558.4,5.0,0.0,0.0,2.0,1.0,3.0,0.0,0.0,0.0,1.0,0.0,56.0,56.0,1.0,80000.0,1.0,0.0,0.0,0.0,1.0,1.0,6382.0,3.0,2472.0,1579.0,44.7477970543667,680000.0,760000.0,4,12911.739130434784,True,False,False,0,1.0
MLC-4155685560,2.0,1,3,6,True,7157.7,10598.0,5.0,0.0,1.0,0.0,0.0,0.0,0.0,0.0,0.0,0.0,0.0,61.4,59.0,0.0,52000.0,0.0,0.0,0.0,1.0,0.0,5.0,4426.0,2.0,23629.0,10635.0,64.8623594811321,460000.0,512000.0,0,8810.096153846154,True,False,True,0,1.040677966101695
MLC-4155690714,2.0,1,2,1,False,6253.6,6496.6,5.0,1.0,0.0,0.0,0.0,0.0,0.0,0.0,0.0,0.0,0.0,57.0,52.0,0.0,0.0,0.0,0.0,0.0,0.0,1.0,2.0,6682.0,4.0,4021.0,1996.0,65.5175717706704,650000.0,650000.0,1,12500.0,True,True,False,0,1.0961538461538463
MLC-4155690732,2.0,1,2,1,False,6253.6,6496.6,5.0,1.0,0.0,0.0,0.0,0.0,0.0,0.0,0.0,0.0,0.0,57.0,52.0,0.0,0.0,0.0,0.0,0.0,0.0,1.0,2.0,6682.0,4.0,4021.0,1996.0,65.5175717706704,650000.0,650000.0,1,12500.0,True,True,False,0,1.0961538461538463
MLC-4155691020,2.0,1,2,1,False,6253.6,6496.6,5.0,1.0,0.0,0.0,0.0,0.0,0.0,0.0,0.0,0.0,0.0,57.0,52.0,0.0,0.0,0.0,0.0,0.0,0.0,1.0,2.0,6682.0,4.0,4021.0,1996.0,65.5175717706704,650000.0,650000.0,1,12500.0,True,True,False,0,1.0961538461538463
MLC-4155691140,2.0,1,2,1,False,6253.6,6496.6,5.0,1.0,0.0,0.0,0.0,0.0,0.0,0.0,0.0,0.0,0.0,57.0,52.0,0.0,0.0,0.0,0.0,0.0,0.0,1.0,2.0,6682.0,4.0,4021.0,1996.0,65.5175717706704,650000.0,650000.0,1,12500.0,True,True,False,0,1.0961538461538463
MLC-4159932006,1.0,0,2,20,False,1381.9,1381.9,5.0,0.0,2.0,0.0,1.0,1.0,1.0,0.0,0.0,1.0,0.0,54.0,50.0,1.0,75000.0,1.0,0.0,0.0,1.0,1.0,7.0,6691.0,4.0,2810.0,1764.0,100.0,430000.0,505000.0,4,12222.222222222223,True,False,False,0,1.08
MLC-2016432907,2.0,1,2,16,True,1261.3,4623.3,0.0,0.0,1.0,0.0,0.0,0.0,0.0,0.0,0.0,0.0,0.0,59.0,59.0,0.0,114000.0,0.0,0.0,0.0,1.0,1.0,1.0,6748.0,4.0,2908.0,1351.0,5.75523405114186,570000.0,684000.0,3,11153.846153846154,True,False,True,0,1.0
MLC-4155691242,2.0,1,2,1,False,6253.6,6496.6,5.0,1.0,0.0,0.0,0.0,0.0,0.0,0.0,0.0,0.0,0.0,57.0,52.0,0.0,0.0,0.0,0.0,0.0,0.0,1.0,2.0,6682.0,4.0,4021.0,1996.0,65.5175717706704,650000.0,650000.0,1,12500.0,True,True,False,0,1.0961538461538463
MLC-4155691620,2.0,1,2,1,False,6253.6,6496.6,5.0,1.0,0.0,0.0,0.0,0.0,0.0,0.0,0.0,0.0,0.0,57.0,52.0,0.0,0.0,0.0,0.0,0.0,0.0,1.0,2.0,6682.0,4.0,4021.0,1996.0,65.5175717706704,650000.0,650000.0,1,12500.0,True,True,False,0,1.0961538461538463
MLC-4155692576,2.0,1,2,1,False,6253.6,6496.6,5.0,1.0,0.0,0.0,0.0,0.0,0.0,0.0,0.0,0.0,0.0,57.0,52.0,0.0,0.0,0.0,0.0,0.0,0.0,1.0,2.0,6682.0,4.0,4021.0,1996.0,65.5175717706704,650000.0,650000.0,1,12500.0,True,True,False,0,1.0961538461538463
MLC-4155692596,2.0,1,2,1,False,6253.6,6496.6,5.0,1.0,0.0,0.0,0.0,0.0,0.0,0.0,0.0,0.0,0.0,57.0,52.0,0.0,0.0,0.0,0.0,0.0,0.0,1.0,2.0,6682.0,4.0,4021.0,1996.0,65.5175717706704,650000.0,650000.0,1,12500.0,True,True,False,0,1.0961538461538463
MLC-4155692820,2.0,1,2,1,False,6253.6,6496.6,5.0,1.0,0.0,0.0,0.0,0.0,0.0,0.0,0.0,0.0,0.0,57.0,52.0,0.0,0.0,0.0,0.0,0.0,0.0,1.0,2.0,6682.0,4.0,4021.0,1996.0,65.5175717706704,650000.0,650000.0,1,12500.0,True,True,False,0,1.0961538461538463
MLC-4155692828,2.0,1,2,1,False,6253.6,6496.6,5.0,1.0,0.0,0.0,0.0,0.0,0.0,0.0,0.0,0.0,0.0,57.0,52.0,0.0,0.0,0.0,0.0,0.0,0.0,1.0,2.0,6682.0,4.0,4021.0,1996.0,65.5175717706704,650000.0,650000.0,1,12500.0,True,True,False,0,1.0961538461538463
MLC-4155693704,2.0,1,2,1,False,6253.6,6496.6,5.0,1.0,0.0,0.0,0.0,0.0,0.0,0.0,0.0,0.0,0.0,57.0,52.0,0.0,0.0,0.0,0.0,0.0,0.0,1.0,2.0,6682.0,4.0,4021.0,1996.0,65.5175717706704,650000.0,650000.0,1,12500.0,True,True,False,0,1.0961538461538463
MLC-4155693794,2.0,1,2,1,False,6253.6,6496.6,5.0,1.0,0.0,0.0,0.0,0.0,0.0,0.0,0.0,0.0,0.0,57.0,52.0,0.0,0.0,0.0,0.0,0.0,0.0,1.0,2.0,6682.0,4.0,4021.0,1996.0,65.5175717706704,650000.0,650000.0,1,12500.0,True,True,False,0,1.0961538461538463
MLC-4155693878,2.0,1,2,1,False,6253.6,6496.6,5.0,1.0,0.0,0.0,0.0,0.0,0.0,0.0,0.0,0.0,0.0,57.0,52.0,0.0,0.0,0.0,0.0,0.0,0.0,1.0,2.0,6682.0,4.0,4021.0,1996.0,65.5175717706704,650000.0,650000.0,1,12500.0,True,True,False,0,1.0961538461538463
MLC-4155694104,2.0,1,2,1,False,6253.6,6496.6,5.0,1.0,0.0,0.0,0.0,0.0,0.0,0.0,0.0,0.0,0.0,57.0,52.0,0.0,0.0,0.0,0.0,0.0,0.0,1.0,2.0,6682.0,4.0,4021.0,1996.0,65.5175717706704,650000.0,650000.0,1,12500.0,True,True,False,0,1.0961538461538463
MLC-4155694112,2.0,1,2,1,False,6253.6,6496.6,5.0,1.0,0.0,0.0,0.0,0.0,0.0,0.0,0.0,0.0,0.0,57.0,52.0,0.0,0.0,0.0,0.0,0.0,0.0,1.0,2.0,6682.0,4.0,4021.0,1996.0,65.5175717706704,650000.0,650000.0,1,12500.0,True,True,False,0,1.0961538461538463
MLC-4246172610,2.0,1,2,7,False,399.9,3861.3,5.0,0.0,1.0,0.0,2.0,1.0,2.0,0.0,0.0,0.0,2.0,50.0,48.0,0.0,80000.0,0.0,0.0,0.0,1.0,1.0,4.0,5879.0,4.0,12234.0,5977.0,80.4354882614475,490000.0,570000.0,0,11746.031746031746,True,False,True,0,1.0416666666666667
MLC-4155694122,2.0,1,2,1,False,6253.6,6496.6,5.0,1.0,0.0,0.0,0.0,0.0,0.0,0.0,0.0,0.0,0.0,57.0,52.0,0.0,0.0,0.0,0.0,0.0,0.0,1.0,2.0,6682.0,4.0,4021.0,1996.0,65.5175717706704,650000.0,650000.0,1,12500.0,True,True,False,0,1.0961538461538463
MLC-4155694172,2.0,1,2,1,False,6253.6,6496.6,5.0,1.0,0.0,0.0,0.0,0.0,0.0,0.0,0.0,0.0,0.0,57.0,52.0,0.0,0.0,0.0,0.0,0.0,0.0,1.0,2.0,6682.0,4.0,4021.0,1996.0,65.5175717706704,650000.0,650000.0,1,12500.0,True,True,False,0,1.0961538461538463
MLC-4155694280,2.0,1,2,1,False,6253.6,6496.6,5.0,1.0,0.0,0.0,0.0,0.0,0.0,0.0,0.0,0.0,0.0,57.0,52.0,0.0,0.0,0.0,0.0,0.0,0.0,1.0,2.0,6682.0,4.0,4021.0,1996.0,65.5175717706704,650000.0,650000.0,1,12500.0,True,True,False,0,1.0961538461538463
MLC-4155694356,2.0,1,2,1,False,6253.6,6496.6,5.0,1.0,0.0,0.0,0.0,0.0,0.0,0.0,0.0,0.0,0.0,57.0,52.0,0.0,0.0,0.0,0.0,0.0,0.0,1.0,2.0,6682.0,4.0,4021.0,1996.0,65.5175717706704,650000.0,650000.0,1,12500.0,True,True,False,0,1.0961538461538463
MLC-4155694516,1.0,0,1,1,True,3240.9,3240.9,5.0,0.0,2.0,0.0,4.0,2.0,1.0,0.0,0.0,0.0,0.0,33.0,37.6,1.0,60000.0,0.0,0.0,0.0,1.0,1.0,2.0,6571.0,4.0,1072.0,625.0,89.9626305483346,390000.0,450000.0,0,10980.172689478733,True,False,False,0,0.8776595744680851
MLC-4159909502,2.0,2,2,1,True,2337.9,4967.7,0.0,0.0,0.0,0.0,0.0,0.0,0.0,0.0,0.0,0.0,0.0,81.0,81.0,1.0,100000.0,0.0,1.0,0.0,1.0,1.0,6.0,6748.0,4.0,2908.0,1351.0,5.75523405114186,750000.0,850000.0,3,12285.714285714286,True,False,True,0,1.0
MLC-4159943198,1.0,1,3,4,True,2801.0,7084.3,4.0,0.0,0.0,0.0,0.0,0.0,0.0,0.0,0.0,0.0,0.0,60.0,57.0,0.0,0.0,0.0,0.0,0.0,1.0,0.0,1.0,4924.0,2.0,16315.0,7728.0,96.1398621005236,480000.0,480000.0,1,8557.692307692309,True,True,False,0,1.0526315789473684
MLC-2095170695,1.0,0,1,2,True,576.7,576.7,5.0,5.0,1.0,5.0,0.0,1.0,5.0,2.0,0.0,5.0,0.0,33.0,45.0,1.0,71000.0,0.0,0.0,0.0,0.0,1.0,1.0,6768.0,4.0,1656.0,1111.0,100.0,320000.0,391000.0,2,11797.979797979799,True,False,False,0,0.7333333333333333
MLC-4159976746,2.0,2,3,0,False,580.1,580.1,5.0,0.0,3.0,1.0,0.0,5.0,0.0,0.0,0.0,0.0,0.0,70.0,70.0,1.0,0.0,1.0,0.0,0.0,1.0,1.0,6.0,5332.0,1.0,4499.0,2404.0,100.0,690000.0,690000.0,2,10810.81081081081,True,False,False,0,1.0
MLC-2020551433,1.0,0,1,8,False,905.6,905.6,5.0,4.0,2.0,0.0,0.0,1.0,1.0,1.0,0.0,2.0,0.0,40.0,33.0,1.0,85000.0,0.0,1.0,0.0,1.0,0.0,5.0,5492.0,1.0,2073.0,1418.0,100.0,390000.0,475000.0,2,12044.776119402984,True,False,False,0,1.2121212121212122
MLC-4160030144,1.0,0,2,2,True,580.3,4520.4,5.0,0.0,4.0,0.0,3.0,1.0,5.0,0.0,1.0,0.0,0.0,53.8,51.0,0.0,60000.0,0.0,1.0,0.0,1.0,1.0,1.0,5879.0,4.0,12234.0,5977.0,80.4354882614475,500000.0,560000.0,0,10891.089108910892,True,False,True,0,1.0549019607843138
MLC-4160883084,1.0,0,1,5,False,1329.5,1329.5,5.0,1.0,2.0,0.0,1.0,2.0,0.0,0.0,0.0,0.0,0.0,35.0,35.0,0.0,50000.0,0.0,0.0,0.0,1.0,1.0,7.0,6691.0,4.0,2810.0,1764.0,100.0,395000.0,445000.0,4,12243.42105263158,True,False,False,0,1.0
MLC-4160883104,2.0,1,2,1,False,6253.6,6496.6,5.0,1.0,0.0,0.0,0.0,0.0,0.0,0.0,0.0,0.0,0.0,57.0,52.0,0.0,0.0,0.0,0.0,0.0,0.0,1.0,2.0,6682.0,4.0,4021.0,1996.0,65.5175717706704,650000.0,650000.0,1,12500.0,True,True,False,0,1.0961538461538463
MLC-4160883222,2.0,1,2,1,False,6253.6,6496.6,5.0,1.0,0.0,0.0,0.0,0.0,0.0,0.0,0.0,0.0,0.0,57.0,52.0,0.0,0.0,0.0,0.0,0.0,0.0,1.0,2.0,6682.0,4.0,4021.0,1996.0,65.5175717706704,650000.0,650000.0,1,12500.0,True,True,False,0,1.0961538461538463
MLC-4160883402,2.0,1,2,1,False,6253.6,6496.6,5.0,1.0,0.0,0.0,0.0,0.0,0.0,0.0,0.0,0.0,0.0,57.0,52.0,0.0,0.0,0.0,0.0,0.0,0.0,1.0,2.0,6682.0,4.0,4021.0,1996.0,65.5175717706704,650000.0,650000.0,1,12500.0,True,True,False,0,1.0961538461538463
MLC-4160888232,2.0,1,2,9,True,1685.1,2990.2,4.0,0.0,0.0,0.0,0.0,0.0,0.0,0.0,0.0,0.0,0.0,52.0,52.0,0.0,60000.0,0.0,0.0,0.0,1.0,0.0,1.0,5879.0,4.0,12234.0,5977.0,80.4354882614475,450000.0,510000.0,0,10166.666666666666,True,False,True,0,1.0
MLC-4160889196,2.0,0,1,9,False,1072.9,1072.9,5.0,4.0,2.0,0.0,0.0,1.0,2.0,0.0,1.0,4.0,0.0,61.2,57.0,0.0,85000.0,0.0,0.0,0.0,1.0,1.0,5.0,5492.0,1.0,2073.0,1418.0,100.0,430000.0,515000.0,4,11414.141414141413,True,False,False,0,1.0736842105263158
MLC-4160891408,2.0,1,3,3,True,705.0,705.0,5.0,5.0,2.0,2.0,0.0,2.0,2.0,0.0,0.0,3.0,0.0,85.0,85.0,0.0,100000.0,0.0,1.0,0.0,0.0,1.0,23.0,6636.0,4.0,2317.0,1552.0,99.9999999999999,950000.0,1050000.0,2,12754.19587334934,True,False,False,1,1.0
MLC-4160895712,1.0,0,1,0,False,4576.8,4576.8,5.0,0.0,1.0,0.0,0.0,3.0,2.0,0.0,0.0,1.0,0.0,30.0,30.0,0.0,40000.0,0.0,0.0,0.0,1.0,0.0,2.0,5569.0,2.0,8881.0,4312.0,47.4765461690525,350000.0,390000.0,0,11400.0,False,False,False,0,1.0
MLC-4160974384,2.0,1,2,1,False,6253.6,6496.6,5.0,1.0,0.0,0.0,0.0,0.0,0.0,0.0,0.0,0.0,0.0,57.0,52.0,0.0,0.0,0.0,0.0,0.0,0.0,1.0,2.0,6682.0,4.0,4021.0,1996.0,65.5175717706704,650000.0,650000.0,1,12500.0,True,True,False,0,1.0961538461538463
MLC-4160974574,2.0,1,2,1,False,6253.6,6496.6,5.0,1.0,0.0,0.0,0.0,0.0,0.0,0.0,0.0,0.0,0.0,57.0,52.0,0.0,0.0,0.0,0.0,0.0,0.0,1.0,2.0,6682.0,4.0,4021.0,1996.0,65.5175717706704,650000.0,650000.0,1,12500.0,True,True,False,0,1.0961538461538463
MLC-4160974816,2.0,1,2,1,False,6253.6,6496.6,5.0,1.0,0.0,0.0,0.0,0.0,0.0,0.0,0.0,0.0,0.0,57.0,52.0,0.0,0.0,0.0,0.0,0.0,0.0,1.0,2.0,6682.0,4.0,4021.0,1996.0,65.5175717706704,650000.0,650000.0,1,12500.0,True,True,False,0,1.0961538461538463
MLC-4160976616,1.0,0,1,0,False,810.0,810.0,5.0,5.0,2.0,2.0,1.0,1.0,2.0,1.0,0.0,5.0,0.0,35.0,33.0,0.0,0.0,0.0,0.0,0.0,1.0,1.0,1.0,6768.0,4.0,1656.0,1111.0,100.0,400000.0,400000.0,2,11918.16816816817,True,False,False,0,1.0606060606060606
MLC-4160986702,1.0,0,1,0,True,900.0,4527.0,5.0,0.0,3.0,0.0,2.0,0.0,1.0,0.0,0.0,0.0,0.0,32.0,32.0,0.0,60000.0,0.0,0.0,0.0,1.0,1.0,8.0,5879.0,4.0,12234.0,5977.0,80.4354882614475,390000.0,450000.0,0,13402.636916835701,True,False,True,0,1.0
MLC-4161000018,2.0,1,2,1,False,6253.6,6496.6,5.0,1.0,0.0,0.0,0.0,0.0,0.0,0.0,0.0,0.0,0.0,57.0,52.0,0.0,0.0,0.0,0.0,0.0,0.0,1.0,2.0,6682.0,4.0,4021.0,1996.0,65.5175717706704,650000.0,650000.0,1,12500.0,True,True,False,0,1.0961538461538463
MLC-4161006750,1.0,0,1,8,False,1166.6,1166.6,5.0,1.0,3.0,0.0,3.0,2.0,1.0,0.0,0.0,0.0,0.0,33.1,37.9,0.0,0.0,0.0,0.0,0.0,0.0,0.0,3.0,6178.0,3.0,2620.0,1658.0,100.0,250000.0,250000.0,2,11836.95652173913,True,False,False,0,0.8733509234828497
MLC-4164887060,2.0,1,3,17,True,3996.5,3996.5,5.0,2.0,0.0,0.0,1.0,2.0,1.0,0.0,1.0,0.0,0.0,75.0,73.0,1.0,150000.0,1.0,1.0,0.0,1.0,1.0,2.0,6684.0,4.0,6833.0,3079.0,90.5171296845883,1200000.0,1350000.0,4,12295.081967213115,True,False,False,1,1.0273972602739727
MLC-2025074969,1.0,0,1,0,True,1406.3,1406.3,5.0,2.0,4.0,2.0,1.0,4.0,1.0,0.0,0.0,2.0,0.0,33.1,37.9,0.0,40000.0,0.0,0.0,0.0,1.0,1.0,17.0,6382.0,3.0,2472.0,1579.0,44.7477970543667,380000.0,420000.0,4,12631.578947368422,True,False,False,0,0.8733509234828497
MLC-4162444284,2.0,2,3,7,True,2120.7,5266.8,0.0,0.0,1.0,0.0,0.0,0.0,0.0,0.0,0.0,0.0,0.0,139.0,129.0,0.0,250000.0,0.0,1.0,0.0,1.0,1.0,8.0,6748.0,4.0,2908.0,1351.0,5.75523405114186,1143577.96,1393577.96,3,12166.666666666666,True,False,True,0,1.0775193798449612
MLC-4162445010,2.0,1,2,10,True,1681.8,2996.7,4.0,0.0,0.0,0.0,0.0,0.0,0.0,0.0,0.0,0.0,0.0,60.0,60.0,0.0,80000.0,1.0,0.0,0.0,1.0,1.0,7.0,5879.0,4.0,12234.0,5977.0,80.4354882614475,550000.0,630000.0,0,10166.666666666666,True,False,True,0,1.0
MLC-4162444492,1.0,0,1,6,True,1251.8,1251.8,5.0,1.0,2.0,0.0,1.0,0.0,0.0,0.0,0.0,0.0,0.0,38.0,38.0,0.0,0.0,0.0,0.0,0.0,0.0,0.0,9.0,6691.0,4.0,2810.0,1764.0,100.0,450000.0,450000.0,4,12243.42105263158,True,False,False,0,1.0
MLC-4143962794,3.0,1,4,20,True,996.5,996.5,2.0,1.0,0.0,0.0,0.0,0.0,0.0,0.0,0.0,0.0,0.0,150.0,139.0,1.0,260000.0,1.0,1.0,0.0,1.0,1.0,1.0,4687.0,1.0,2156.0,1177.0,57.9263203269884,1388167.98,1648167.98,2,13157.894736842105,True,False,False,0,1.079136690647482
MLC-4161008690,1.0,0,1,0,True,1558.4,1558.4,5.0,0.0,0.0,2.0,1.0,3.0,0.0,0.0,0.0,1.0,0.0,33.1,37.9,1.0,35000.0,0.0,0.0,0.0,1.0,1.0,1.0,6382.0,3.0,2472.0,1579.0,44.7477970543667,395000.0,430000.0,4,13043.478260869566,True,False,False,0,0.8733509234828497
MLC-2094698469,1.0,1,1,26,False,1229.0,1229.0,1.0,2.0,1.0,0.0,0.0,0.0,0.0,0.0,0.0,0.0,0.0,45.0,38.0,0.0,0.0,0.0,0.0,0.0,0.0,0.0,1.0,4687.0,1.0,2156.0,1177.0,57.9263203269884,500000.0,500000.0,2,13157.894736842105,True,False,False,0,1.1842105263157894
MLC-4162504214,1.0,1,3,15,True,3853.4,7993.8,5.0,2.0,1.0,0.0,0.0,0.0,0.0,0.0,0.0,1.0,0.0,78.0,78.0,0.0,31500.0,1.0,0.0,0.0,0.0,0.0,5.0,1859.0,2.0,27535.0,12357.0,68.1398650783455,360000.0,391500.0,0,10600.0,True,False,True,0,1.0
MLC-4162511376,2.0,2,3,15,True,1445.8,4860.8,0.0,1.0,0.0,0.0,0.0,0.0,0.0,0.0,0.0,0.0,0.0,98.0,90.0,1.0,180000.0,0.0,0.0,0.0,1.0,0.0,1.0,6748.0,4.0,2908.0,1351.0,5.75523405114186,1000000.0,1180000.0,3,11326.671128466121,True,False,True,0,1.0888888888888888
MLC-4162527262,1.0,0,1,5,False,1829.2,1829.2,5.0,1.0,1.0,0.0,0.0,0.0,0.0,0.0,0.0,1.0,0.0,33.1,37.9,0.0,0.0,0.0,0.0,0.0,0.0,0.0,1.0,6279.0,3.0,2598.0,1648.0,100.0,290000.0,290000.0,1,9078.771695594125,True,False,False,0,0.8733509234828497
MLC-4164770650,1.0,1,1,10,True,1681.8,2996.7,4.0,0.0,0.0,0.0,0.0,0.0,0.0,0.0,0.0,0.0,0.0,37.0,36.0,0.0,0.0,0.0,0.0,0.0,1.0,0.0,11.0,5879.0,4.0,12234.0,5977.0,80.4354882614475,430000.0,430000.0,0,10166.666666666666,True,False,True,0,1.0277777777777777
MLC-4164770660,2.0,1,2,26,True,1412.1,1412.1,1.0,3.0,3.0,0.0,0.0,0.0,0.0,0.0,0.0,0.0,0.0,65.0,65.0,0.0,120000.0,0.0,0.0,0.0,1.0,1.0,5.0,4687.0,1.0,2156.0,1177.0,57.9263203269884,560000.0,680000.0,2,13157.894736842105,True,False,False,0,1.0
MLC-2089682947,2.0,1,3,33,True,1186.5,1186.5,5.0,5.0,3.0,2.0,0.0,2.0,2.0,0.0,1.0,4.0,0.0,75.0,75.0,1.0,145000.0,0.0,0.0,0.0,1.0,1.0,4.0,6382.0,3.0,2472.0,1579.0,44.7477970543667,645000.0,790000.0,4,11873.35092348285,True,False,False,0,1.0
MLC-4164771704,1.0,0,1,6,True,1256.0,1256.0,5.0,0.0,1.0,0.0,3.0,1.0,1.0,0.0,0.0,0.0,0.0,33.0,37.6,0.0,35000.0,0.0,0.0,0.0,0.0,1.0,13.0,6279.0,3.0,2598.0,1648.0,100.0,350000.0,385000.0,2,12333.333333333334,True,False,False,0,0.8776595744680851
MLC-4164773858,1.0,1,1,1,True,2823.6,6960.6,4.0,0.0,0.0,0.0,0.0,0.0,0.0,0.0,0.0,0.0,0.0,42.0,35.0,0.0,35000.0,0.0,0.0,0.0,0.0,1.0,1.0,5385.0,3.0,323.0,156.0,19.0571301445678,380000.0,415000.0,2,10849.056603773584,True,False,True,0,1.2
MLC-4164774488,1.0,1,1,2,True,1808.8,1808.8,5.0,1.0,5.0,2.0,2.0,5.0,3.0,0.0,0.0,2.0,0.0,33.0,33.0,0.0,40000.0,0.0,0.0,0.0,0.0,1.0,1.0,6382.0,3.0,2472.0,1579.0,44.7477970543667,440000.0,480000.0,4,13333.333333333334,True,False,False,0,1.0
MLC-4164774912,2.0,1,2,9,True,782.1,782.1,5.0,5.0,3.0,2.0,2.0,3.0,5.0,1.0,0.0,5.0,0.0,55.8,54.0,1.0,90000.0,0.0,0.0,0.0,0.0,1.0,21.0,5492.0,1.0,2073.0,1418.0,100.0,650000.0,740000.0,2,12200.0,True,False,False,0,1.0333333333333332
MLC-4164835002,1.0,1,2,11,True,6017.9,6716.5,3.0,1.0,0.0,0.0,0.0,0.0,0.0,0.0,0.0,0.0,0.0,50.0,48.0,1.0,55000.0,0.0,1.0,0.0,1.0,0.0,2.0,6682.0,4.0,4021.0,1996.0,65.5175717706704,530000.0,585000.0,1,12500.0,True,True,False,0,1.0416666666666667
MLC-4164835042,1.0,1,1,10,False,6308.6,10008.3,5.0,0.0,0.0,0.0,0.0,2.0,1.0,0.0,0.0,0.0,1.0,55.0,55.0,0.0,0.0,1.0,0.0,0.0,1.0,0.0,3.0,4426.0,2.0,23629.0,10635.0,64.8623594811321,420000.0,420000.0,0,7636.363636363636,True,False,True,0,1.0
MLC-4253607258,1.0,1,1,26,False,1229.0,1229.0,1.0,2.0,1.0,0.0,0.0,0.0,0.0,0.0,0.0,0.0,0.0,45.0,38.0,0.0,0.0,0.0,0.0,0.0,0.0,0.0,1.0,4687.0,1.0,2156.0,1177.0,57.9263203269884,500000.0,500000.0,2,13157.894736842105,True,False,False,0,1.1842105263157894
MLC-4164838228,1.0,0,1,6,True,751.5,751.5,5.0,5.0,1.0,1.0,1.0,1.0,2.0,1.0,0.0,5.0,0.0,33.5,32.0,0.0,57000.0,0.0,0.0,0.0,0.0,1.0,1.0,6768.0,4.0,1656.0,1111.0,100.0,390000.0,447000.0,2,11777.777777777777,True,False,False,0,1.046875
MLC-4164839548,1.0,0,1,3,True,909.0,909.0,5.0,0.0,2.0,0.0,4.0,0.0,0.0,0.0,0.0,0.0,0.0,33.1,37.9,0.0,50000.0,1.0,0.0,0.0,1.0,1.0,6.0,5752.0,2.0,3137.0,1789.0,100.0,330000.0,380000.0,2,11653.944020356234,True,False,False,0,0.8733509234828497
MLC-4164844632,1.0,1,1,16,False,677.1,677.1,5.0,0.0,4.0,1.0,0.0,5.0,0.0,0.0,0.0,0.0,0.0,48.0,48.0,0.0,0.0,0.0,0.0,0.0,0.0,0.0,2.0,4644.0,1.0,2739.0,1645.0,100.0,480000.0,480000.0,2,10950.859950859951,True,False,False,1,1.0
MLC-4164844734,1.0,0,1,1,True,1144.8,1144.8,5.0,5.0,2.0,2.0,1.0,2.0,2.0,0.0,1.0,4.0,0.0,44.0,40.0,0.0,0.0,0.0,0.0,0.0,0.0,0.0,2.0,6382.0,3.0,2472.0,1579.0,44.7477970543667,440000.0,440000.0,4,11818.181818181818,True,False,False,0,1.1
MLC-4253610540,1.0,1,2,0,True,528.0,528.0,5.0,0.0,3.0,1.0,0.0,5.0,0.0,0.0,0.0,0.0,0.0,56.1,54.0,1.0,75000.0,0.0,0.0,0.0,0.0,0.0,1.0,5332.0,1.0,4499.0,2404.0,100.0,480000.0,555000.0,2,10810.81081081081,True,False,False,0,1.038888888888889
MLC-2095582177,3.0,1,4,30,True,1014.2,1014.2,5.0,5.0,2.0,2.0,1.0,2.0,3.0,0.0,2.0,3.0,0.0,130.0,130.0,0.0,230000.0,0.0,0.0,0.0,1.0,1.0,3.0,5492.0,1.0,2073.0,1418.0,100.0,800000.0,1030000.0,2,11951.754385964912,True,False,False,0,1.0
MLC-4247386516,2.0,1,2,8,False,2775.6,2775.6,0.0,0.0,1.0,0.0,1.0,0.0,0.0,0.0,0.0,0.0,0.0,47.0,47.0,0.0,75000.0,0.0,0.0,0.0,0.0,0.0,3.0,6304.0,3.0,4026.0,2134.0,100.0,520000.0,595000.0,4,10158.311345646438,True,False,False,0,1.0
MLC-2031473605,2.0,1,2,8,True,1076.2,1076.2,5.0,1.0,3.0,0.0,4.0,0.0,0.0,0.0,0.0,0.0,0.0,58.0,58.0,0.0,89000.0,0.0,0.0,0.0,1.0,1.0,6.0,5941.0,2.0,3137.0,1891.0,100.0,600000.0,689000.0,2,10912.346737818436,True,False,False,0,1.0
MLC-4168013948,1.0,0,1,0,True,973.8,973.8,5.0,5.0,1.0,2.0,1.0,2.0,2.0,0.0,1.0,2.0,0.0,43.0,43.0,1.0,80000.0,0.0,1.0,0.0,1.0,1.0,1.0,6636.0,4.0,2317.0,1552.0,99.9999999999999,460000.0,540000.0,2,12115.113211020434,True,False,False,0,1.0
MLC-2095435323,1.0,0,2,1,True,698.0,698.0,5.0,5.0,5.0,2.0,1.0,0.0,2.0,0.0,0.0,1.0,0.0,42.0,54.0,1.0,75000.0,0.0,0.0,0.0,1.0,1.0,4.0,6636.0,4.0,2317.0,1552.0,99.9999999999999,580000.0,655000.0,2,12845.290476545604,True,False,False,0,0.7777777777777778
MLC-4168113194,1.0,1,1,0,True,973.8,973.8,5.0,5.0,1.0,2.0,1.0,2.0,2.0,0.0,1.0,2.0,0.0,43.0,43.0,1.0,80000.0,0.0,1.0,0.0,1.0,1.0,1.0,6636.0,4.0,2317.0,1552.0,99.9999999999999,520000.0,600000.0,2,12115.113211020434,True,False,False,0,1.0
MLC-2035100421,1.0,1,2,26,True,716.2,716.2,5.0,0.0,4.0,0.0,1.0,3.0,0.0,0.0,0.0,0.0,0.0,46.0,46.0,0.0,80000.0,0.0,0.0,0.0,1.0,0.0,4.0,4644.0,1.0,2739.0,1645.0,100.0,500000.0,580000.0,2,10810.81081081081,True,False,False,0,1.0
MLC-4169141086,2.0,1,2,0,True,2699.9,2699.9,5.0,0.0,0.0,0.0,1.0,1.0,0.0,0.0,0.0,0.0,0.0,54.0,54.0,0.0,100000.0,0.0,0.0,0.0,1.0,1.0,1.0,5455.0,1.0,10400.0,5578.0,70.0075532601241,550000.0,650000.0,0,11016.949152542373,True,False,False,0,1.0
MLC-4170192780,1.0,1,3,3,True,2087.2,13662.8,5.0,1.0,1.0,0.0,0.0,2.0,0.0,0.0,0.0,0.0,0.0,60.0,60.0,0.0,45000.0,1.0,0.0,0.0,1.0,0.0,5.0,4290.0,1.0,8912.0,4260.0,99.9999999999999,450000.0,495000.0,0,8552.35515568453,True,True,False,0,1.0
MLC-2095435781,1.0,1,1,4,True,1437.0,1437.0,5.0,1.0,1.0,2.0,0.0,1.0,0.0,0.0,0.0,1.0,0.0,45.0,41.0,1.0,49000.0,1.0,0.0,0.0,1.0,1.0,4.0,6691.0,4.0,2810.0,1764.0,100.0,390000.0,439000.0,4,12400.0,True,False,False,0,1.0975609756097562
MLC-2035143413,2.0,1,3,16,True,1261.3,4623.3,0.0,0.0,1.0,0.0,0.0,0.0,0.0,0.0,0.0,0.0,0.0,79.0,74.0,0.0,120000.0,1.0,0.0,0.0,1.0,1.0,4.0,6748.0,4.0,2908.0,1351.0,5.75523405114186,650000.0,770000.0,3,11593.22033898305,True,False,True,0,1.0675675675675675
MLC-4170201606,1.0,0,1,2,False,742.3,742.3,5.0,5.0,5.0,3.0,2.0,1.0,5.0,0.0,0.0,3.0,0.0,36.0,36.0,0.0,60000.0,0.0,0.0,0.0,1.0,1.0,9.0,6636.0,4.0,2317.0,1552.0,99.9999999999999,420000.0,480000.0,2,12735.849056603774,True,False,False,0,1.0
MLC-4170201476,1.0,1,1,0,True,790.9,790.9,5.0,4.0,0.0,0.0,1.0,1.0,2.0,1.0,0.0,5.0,0.0,40.0,37.0,1.0,50000.0,1.0,0.0,0.0,1.0,1.0,1.0,6768.0,4.0,1656.0,1111.0,100.0,550000.0,600000.0,2,11777.777777777777,True,False,False,0,1.0810810810810811
MLC-4170347700,1.0,0,1,2,False,783.9,783.9,5.0,5.0,0.0,0.0,1.0,1.0,2.0,2.0,0.0,5.0,0.0,30.0,37.6,0.0,49000.0,0.0,0.0,0.0,1.0,1.0,1.0,6768.0,4.0,1656.0,1111.0,100.0,370000.0,419000.0,2,11891.891891891892,True,False,False,1,0.7978723404255319
MLC-4170348116,1.0,1,2,4,False,2625.4,2625.4,5.0,1.0,1.0,0.0,3.0,2.0,0.0,0.0,0.0,1.0,0.0,70.0,70.0,0.0,100000.0,0.0,0.0,0.0,0.0,1.0,5.0,5455.0,1.0,10400.0,5578.0,70.0075532601241,470000.0,570000.0,0,12037.037037037036,True,False,False,0,1.0
MLC-4170348238,2.0,1,2,18,True,7071.7,10870.6,0.0,0.0,0.0,0.0,0.0,0.0,0.0,0.0,0.0,0.0,0.0,69.0,69.0,1.0,80000.0,1.0,1.0,0.0,1.0,1.0,3.0,4426.0,2.0,23629.0,10635.0,64.8623594811321,566893.88,646893.88,0,10476.190476190477,True,False,True,0,1.0
MLC-4170350478,2.0,1,3,0,True,4064.4,4064.4,5.0,0.0,0.0,0.0,0.0,1.0,1.0,0.0,1.0,0.0,0.0,84.0,84.0,0.0,124000.0,1.0,1.0,0.0,1.0,1.0,1.0,6684.0,4.0,6833.0,3079.0,90.5171296845883,650000.0,774000.0,4,12295.081967213115,True,False,False,0,1.0
MLC-4173827250,1.0,1,1,2,False,1487.9,1487.9,5.0,1.0,0.0,1.0,1.0,4.0,0.0,0.0,0.0,1.0,0.0,46.0,46.0,0.0,50000.0,0.0,0.0,0.0,0.0,1.0,5.0,6691.0,4.0,2810.0,1764.0,100.0,550000.0,600000.0,4,12567.567567567568,True,False,False,0,1.0
MLC-4170352762,2.0,0,2,5,True,944.2,944.2,5.0,1.0,1.0,2.0,0.0,1.0,0.0,0.0,0.0,0.0,0.0,59.7,58.3,0.0,40000.0,1.0,0.0,0.0,1.0,1.0,11.0,4889.0,1.0,6948.0,3534.0,56.3609274194969,440000.0,480000.0,2,10833.333333333334,True,False,False,0,1.0240137221269299
MLC-4170364950,2.0,1,2,2,True,1111.9,5187.5,5.0,1.0,3.0,0.0,0.0,3.0,0.0,0.0,0.0,0.0,0.0,70.0,70.0,1.0,100000.0,0.0,0.0,0.0,1.0,1.0,4.0,4433.0,3.0,20174.0,9883.0,82.4572189855629,550000.0,650000.0,4,10454.545454545454,True,False,True,0,1.0
MLC-4173005972,2.0,1,2,7,True,2216.9,4937.9,0.0,0.0,0.0,0.0,0.0,0.0,0.0,0.0,0.0,0.0,0.0,67.0,67.0,1.0,110000.0,1.0,1.0,0.0,0.0,0.0,3.0,6748.0,4.0,2908.0,1351.0,5.75523405114186,670000.0,780000.0,3,11855.378281008749,True,False,True,0,1.0
MLC-2095719625,1.0,0,1,2,True,1601.8,1601.8,5.0,1.0,0.0,2.0,0.0,5.0,1.0,0.0,0.0,1.0,0.0,40.0,36.0,0.0,60000.0,0.0,0.0,0.0,1.0,1.0,9.0,6691.0,4.0,2810.0,1764.0,100.0,430000.0,490000.0,4,13026.315789473685,True,False,False,0,1.1111111111111112
MLC-4173013020,2.0,1,2,1,True,1634.3,10058.1,2.0,0.0,0.0,0.0,1.0,0.0,0.0,0.0,0.0,0.0,0.0,80.0,68.0,1.0,80000.0,1.0,0.0,0.0,1.0,1.0,7.0,6201.0,4.0,3828.0,1963.0,52.2534527838595,612671.85,692671.85,0,10452.35361653272,True,True,False,0,1.1764705882352942
MLC-4170365166,2.0,1,3,8,True,863.6,4822.9,2.0,0.0,1.0,0.0,1.0,1.0,0.0,0.0,0.0,0.0,0.0,115.0,105.0,1.0,100000.0,1.0,1.0,0.0,1.0,1.0,1.0,4433.0,3.0,20174.0,9883.0,82.4572189855629,900000.0,1000000.0,4,10420.16806722689,True,False,True,0,1.0952380952380953
MLC-4170365416,2.0,1,2,10,True,3062.2,10047.0,5.0,0.0,0.0,0.0,1.0,0.0,0.0,0.0,0.0,0.0,0.0,60.0,60.0,1.0,65000.0,0.0,1.0,0.0,1.0,0.0,4.0,6145.0,3.0,5721.0,2946.0,23.811117923237,480000.0,545000.0,4,11400.0,False,True,False,0,1.0
MLC-4253602346,1.0,0,1,6,True,751.5,751.5,5.0,5.0,1.0,1.0,1.0,1.0,2.0,1.0,0.0,5.0,0.0,38.0,42.0,0.0,65000.0,0.0,0.0,0.0,1.0,0.0,10.0,6768.0,4.0,1656.0,1111.0,100.0,400000.0,465000.0,2,11826.388888888889,True,False,False,0,0.9047619047619048
MLC-4246172716,2.0,1,3,2,True,1372.3,1372.3,0.0,0.0,0.0,0.0,0.0,0.0,0.0,0.0,0.0,0.0,0.0,67.0,63.0,0.0,85000.0,1.0,0.0,0.0,1.0,1.0,10.0,6691.0,4.0,2810.0,1764.0,100.0,650000.0,735000.0,4,12222.222222222223,True,False,False,1,1.0634920634920635
MLC-4173819370,2.0,1,2,23,True,775.2,775.2,5.0,4.0,1.0,0.0,3.0,1.0,3.0,2.0,0.0,4.0,0.0,70.0,70.0,1.0,82000.0,0.0,0.0,0.0,1.0,0.0,1.0,3967.0,1.0,2152.0,1148.0,50.505791961991,600000.0,682000.0,2,11285.714285714286,True,False,False,0,1.0
MLC-4173827242,2.0,1,2,6,False,1433.7,1433.7,5.0,1.0,1.0,1.0,0.0,2.0,0.0,0.0,0.0,1.0,0.0,58.0,58.0,0.0,80000.0,0.0,0.0,0.0,1.0,0.0,1.0,6382.0,3.0,2472.0,1579.0,44.7477970543667,600000.0,680000.0,4,12424.489795918367,True,False,False,0,1.0
MLC-4173827284,2.0,1,3,17,True,515.2,515.2,5.0,5.0,5.0,3.0,3.0,3.0,5.0,1.0,0.0,5.0,0.0,78.0,75.0,0.0,110000.0,0.0,0.0,0.0,1.0,1.0,8.0,6636.0,4.0,2317.0,1552.0,99.9999999999999,620000.0,730000.0,2,13037.5,True,False,False,0,1.04
MLC-4173827406,1.0,1,1,11,False,933.3,933.3,5.0,0.0,2.0,0.0,2.0,1.0,0.0,0.0,0.0,0.0,0.0,48.0,41.0,0.0,60000.0,1.0,1.0,0.0,1.0,1.0,7.0,5941.0,2.0,3137.0,1891.0,100.0,420000.0,480000.0,2,11285.714285714286,True,False,False,0,1.170731707317073
MLC-4173827422,2.0,1,2,7,True,1437.0,1437.0,5.0,1.0,1.0,2.0,0.0,1.0,0.0,0.0,0.0,1.0,0.0,65.0,65.0,0.0,100000.0,0.0,0.0,0.0,0.0,1.0,10.0,6691.0,4.0,2810.0,1764.0,100.0,890000.0,990000.0,4,12400.0,True,False,False,1,1.0
MLC-4173827476,2.0,1,3,2,True,1372.3,1372.3,0.0,0.0,0.0,0.0,0.0,0.0,0.0,0.0,0.0,0.0,0.0,67.0,63.0,0.0,85000.0,1.0,0.0,0.0,1.0,1.0,10.0,6691.0,4.0,2810.0,1764.0,100.0,670000.0,755000.0,4,12222.222222222223,True,False,False,1,1.0634920634920635
MLC-4173828294,2.0,1,3,17,True,497.5,497.5,5.0,5.0,3.0,4.0,1.0,2.0,5.0,1.0,0.0,5.0,0.0,68.0,64.0,0.0,0.0,0.0,0.0,0.0,1.0,1.0,7.0,6318.0,3.0,1035.0,677.0,100.0,750000.0,750000.0,2,11379.310344827587,True,False,False,0,1.0625
MLC-4173828554,1.0,1,1,5,False,2638.6,2638.6,0.0,0.0,0.0,0.0,0.0,0.0,0.0,0.0,0.0,0.0,0.0,32.0,32.0,0.0,40000.0,0.0,0.0,0.0,0.0,0.0,4.0,6019.0,3.0,4332.0,2303.0,55.0392235701766,340000.0,380000.0,4,9911.111111111111,True,False,False,0,1.0
MLC-4173828560,1.0,1,2,6,True,654.3,654.3,5.0,3.0,1.0,1.0,1.0,3.0,5.0,2.0,0.0,1.0,0.0,45.0,45.0,0.0,80000.0,0.0,0.0,0.0,0.0,1.0,17.0,5492.0,1.0,2073.0,1418.0,100.0,500000.0,580000.0,2,12250.0,True,False,False,0,1.0
MLC-2037608891,1.0,1,1,0,True,900.0,4527.0,5.0,0.0,3.0,0.0,2.0,0.0,1.0,0.0,0.0,0.0,0.0,39.0,36.0,0.0,60000.0,0.0,0.0,0.0,1.0,1.0,5.308641975308642,5879.0,4.0,12234.0,5977.0,80.4354882614475,500000.0,560000.0,0,13402.636916835701,True,False,True,0,1.0833333333333333
MLC-4173930188,2.0,0,2,21,True,978.3,978.3,5.0,5.0,2.0,1.0,1.0,2.0,3.0,1.0,1.0,4.0,0.0,90.0,90.0,0.0,100000.0,1.0,0.0,0.0,1.0,1.0,7.0,5492.0,1.0,2073.0,1418.0,100.0,645000.0,745000.0,2,11639.78494623656,True,False,False,0,1.0
MLC-4173930348,1.0,0,2,0,True,2719.1,8891.0,4.0,0.0,1.0,0.0,0.0,0.0,0.0,0.0,0.0,0.0,0.0,54.0,54.0,0.0,0.0,1.0,0.0,0.0,1.0,0.0,3.0,5342.0,3.0,2386.0,1215.0,18.5074470416839,490000.0,490000.0,0,9230.76923076923,True,True,False,0,1.0
MLC-4120943982,2.0,0,2,4,True,1141.4,1141.4,5.0,0.0,1.0,0.0,5.0,0.0,0.0,0.0,0.0,0.0,0.0,47.0,45.0,1.0,40000.0,0.0,0.0,0.0,1.0,0.0,7.0,5752.0,2.0,3137.0,1789.0,100.0,380000.0,420000.0,2,9750.0,True,False,False,0,1.0444444444444445
MLC-4173930448,2.0,0,2,1,True,1373.8,1373.8,5.0,1.0,2.0,0.0,1.0,2.0,0.0,0.0,0.0,0.0,0.0,46.0,46.0,0.0,45000.0,0.0,0.0,0.0,0.0,1.0,5.0,6691.0,4.0,2810.0,1764.0,100.0,500000.0,545000.0,4,12182.539682539682,True,False,False,0,1.0
MLC-4173930504,2.0,1,3,4,True,5136.6,5136.6,5.0,1.0,0.0,0.0,1.0,1.0,0.0,0.0,0.0,0.0,0.0,70.0,70.0,0.0,70000.0,1.0,1.0,0.0,1.0,1.0,5.0,6684.0,4.0,6833.0,3079.0,90.5171296845883,670000.0,740000.0,4,10000.0,True,False,False,0,1.0
MLC-4173930546,1.0,1,2,6,False,4714.2,8779.5,0.0,0.0,0.0,0.0,0.0,0.0,0.0,0.0,0.0,0.0,0.0,70.0,65.0,0.0,0.0,1.0,0.0,0.0,1.0,0.0,4.0,1859.0,2.0,27535.0,12357.0,68.1398650783455,450000.0,450000.0,0,7413.793103448276,True,False,True,0,1.0769230769230769
MLC-4173930576,1.0,1,1,19,True,2161.5,5420.2,0.0,0.0,0.0,0.0,0.0,0.0,0.0,0.0,0.0,0.0,0.0,48.0,48.0,0.0,110000.0,0.0,1.0,0.0,1.0,1.0,5.0,6748.0,4.0,2908.0,1351.0,5.75523405114186,460000.0,570000.0,3,12000.0,True,False,True,0,1.0
MLC-4173930606,2.0,1,2,16,True,2068.1,2068.1,5.0,2.0,5.0,0.0,1.0,1.0,0.0,0.0,0.0,0.0,0.0,52.0,49.0,0.0,55000.0,1.0,1.0,0.0,1.0,1.0,12.0,6715.0,4.0,2440.0,1484.0,100.0,500000.0,555000.0,4,11326.530612244898,True,False,False,0,1.0612244897959184
MLC-4173930610,2.0,2,2,11,True,4743.7,4743.7,5.0,2.0,0.0,0.0,3.0,0.0,0.0,0.0,0.0,0.0,0.0,65.0,60.0,1.0,110000.0,0.0,1.0,0.0,1.0,1.0,7.0,6282.0,3.0,12506.0,6078.0,99.9999999999999,520000.0,630000.0,4,11000.0,True,False,False,0,1.0833333333333333
MLC-4173930612,2.0,1,2,7,False,399.9,3861.3,5.0,0.0,1.0,0.0,2.0,1.0,2.0,0.0,0.0,0.0,2.0,50.0,48.0,0.0,80000.0,0.0,0.0,0.0,1.0,1.0,4.0,5879.0,4.0,12234.0,5977.0,80.4354882614475,500000.0,580000.0,0,11746.031746031746,True,False,True,0,1.0416666666666667
MLC-4173930800,2.0,1,2,8,True,2068.1,2068.1,5.0,2.0,5.0,0.0,1.0,1.0,0.0,0.0,0.0,0.0,0.0,45.0,45.0,0.0,0.0,0.0,0.0,0.0,1.0,1.0,8.0,6715.0,4.0,2440.0,1484.0,100.0,620000.0,620000.0,4,11326.530612244898,True,False,False,1,1.0
MLC-4173931724,2.0,1,2,8,True,2068.1,2068.1,5.0,2.0,5.0,0.0,1.0,1.0,0.0,0.0,0.0,0.0,0.0,58.0,58.0,1.0,0.0,0.0,0.0,0.0,0.0,0.0,8.0,6715.0,4.0,2440.0,1484.0,100.0,550000.0,550000.0,4,11326.530612244898,True,False,False,0,1.0
MLC-2037618935,2.0,0,2,5,True,1120.7,1120.7,5.0,1.0,1.0,0.0,4.0,0.0,0.0,0.0,0.0,0.0,0.0,57.0,50.0,0.0,62000.0,1.0,0.0,0.0,1.0,1.0,9.0,5941.0,2.0,3137.0,1891.0,100.0,530000.0,592000.0,2,11018.518518518518,True,False,False,0,1.14
MLC-4174086352,1.0,0,1,4,True,1057.2,1057.2,5.0,5.0,2.0,1.0,1.0,2.0,3.0,0.0,1.0,4.0,0.0,33.0,37.6,0.0,45000.0,0.0,0.0,0.0,1.0,1.0,3.0,5492.0,1.0,2073.0,1418.0,100.0,490000.0,535000.0,4,11413.793103448275,True,False,False,0,0.8776595744680851
MLC-4174086762,2.0,1,3,6,False,4665.1,4665.1,0.0,0.0,0.0,0.0,0.0,0.0,1.0,0.0,0.0,0.0,0.0,63.0,63.0,0.0,0.0,0.0,0.0,0.0,1.0,1.0,1.0,6409.0,4.0,6576.0,3080.0,94.3101149608368,550000.0,550000.0,0,9433.962264150943,True,False,False,0,1.0
MLC-4174086776,2.0,1,2,26,False,3664.7,3664.7,5.0,0.0,1.0,0.0,1.0,2.0,0.0,0.0,0.0,0.0,0.0,140.0,105.0,0.0,0.0,1.0,0.0,0.0,1.0,1.0,3.0,6684.0,4.0,6833.0,3079.0,90.5171296845883,1200000.0,1200000.0,4,12616.822429906542,True,False,False,1,1.3333333333333333
MLC-4174086812,2.0,1,3,29,False,1336.8,1336.8,5.0,2.0,2.0,1.0,0.0,2.0,1.0,0.0,2.0,4.0,0.0,74.0,74.0,1.0,150000.0,0.0,0.0,0.0,1.0,1.0,3.0,6382.0,3.0,2472.0,1579.0,44.7477970543667,650000.0,800000.0,4,11483.38649654439,True,False,False,0,1.0
MLC-4174087614,1.0,0,1,9,True,1028.9,1028.9,5.0,3.0,1.0,0.0,1.0,0.0,0.0,0.0,0.0,0.0,0.0,34.0,32.0,0.0,60000.0,0.0,0.0,0.0,1.0,1.0,3.0,6178.0,3.0,2620.0,1658.0,100.0,380000.0,440000.0,4,12000.0,True,False,False,0,1.0625
MLC-4174087704,1.0,0,2,5,True,2744.4,2744.4,2.0,0.0,0.0,0.0,0.0,0.0,0.0,0.0,0.0,0.0,0.0,50.0,50.0,0.0,45000.0,0.0,0.0,0.0,0.0,0.0,1.0,5901.0,2.0,3835.0,2050.0,58.6173339550477,360000.0,405000.0,4,10121.951219512195,True,False,False,0,1.0
MLC-4174088252,2.0,1,2,11,True,610.9,610.9,5.0,5.0,2.0,5.0,3.0,2.0,5.0,2.0,0.0,5.0,0.0,52.0,48.0,1.0,90000.0,0.0,0.0,0.0,1.0,1.0,10.0,6768.0,4.0,1656.0,1111.0,100.0,600000.0,690000.0,2,11304.33273156506,True,False,False,0,1.0833333333333333
MLC-4174088396,2.0,2,2,6,False,1740.6,1740.6,0.0,0.0,0.0,0.0,0.0,0.0,0.0,0.0,0.0,0.0,0.0,96.0,89.0,1.0,100000.0,1.0,1.0,0.0,1.0,0.0,4.0,4889.0,1.0,6948.0,3534.0,56.3609274194969,800000.0,900000.0,2,13237.99795709908,True,False,False,0,1.0786516853932584
MLC-4170361366,2.0,1,3,11,False,2426.9,5164.3,0.0,0.0,0.0,0.0,0.0,0.0,0.0,0.0,0.0,0.0,0.0,65.0,58.0,1.0,100000.0,1.0,1.0,0.0,1.0,1.0,8.0,6748.0,4.0,2908.0,1351.0,5.75523405114186,600000.0,700000.0,3,12285.714285714286,True,False,True,0,1.1206896551724137
MLC-2091160507,2.0,1,2,1,True,733.8,733.8,5.0,5.0,5.0,3.0,2.0,1.0,5.0,0.0,0.0,3.0,0.0,60.0,58.0,1.0,85000.0,0.0,0.0,0.0,1.0,1.0,12.0,6636.0,4.0,2317.0,1552.0,99.9999999999999,700000.0,785000.0,2,12625.0,True,False,False,0,1.0344827586206897
MLC-1976952663,2.0,0,3,40,True,1551.0,1551.0,5.0,2.0,2.0,2.0,1.0,2.0,1.0,0.0,0.0,2.0,0.0,78.0,78.0,1.0,0.0,0.0,0.0,0.0,1.0,1.0,6.0,6382.0,3.0,2472.0,1579.0,44.7477970543667,850000.0,850000.0,4,12632.978723404254,True,False,False,0,1.0
MLC-2007746815,1.0,0,1,0,True,1362.0,1362.0,5.0,2.0,2.0,1.0,1.0,2.0,1.0,0.0,2.0,2.0,0.0,33.0,37.6,0.0,75000.0,0.0,0.0,0.0,1.0,0.0,1.0,6382.0,3.0,2472.0,1579.0,44.7477970543667,400000.0,475000.0,4,11810.344827586207,True,False,False,0,0.8776595744680851
MLC-4042621262,1.0,0,1,8,False,3180.4,3180.4,5.0,0.0,0.0,0.0,1.0,0.0,0.0,0.0,0.0,0.0,0.0,33.0,37.6,0.0,50000.0,0.0,0.0,0.0,0.0,0.0,5.0,6441.0,4.0,887.0,463.0,99.6600561653695,330000.0,380000.0,0,10713.881820752049,True,False,False,0,0.8776595744680851
MLC-4126576638,2.0,1,3,32,False,1138.2,1138.2,5.0,4.0,2.0,1.0,1.0,1.0,3.0,0.0,3.0,3.0,0.0,90.0,90.0,1.0,200000.0,0.0,0.0,0.0,0.0,1.0,7.0,5492.0,1.0,2073.0,1418.0,100.0,700000.0,900000.0,4,10810.81081081081,True,False,False,0,1.0
MLC-2013009891,2.0,1,3,18,False,1033.1,1033.1,5.0,0.0,3.0,0.0,4.0,1.0,0.0,0.0,0.0,0.0,0.0,74.0,70.0,0.0,150000.0,0.0,1.0,0.0,1.0,0.0,1.0,5941.0,2.0,3137.0,1891.0,100.0,580000.0,730000.0,2,11306.122448979593,True,False,False,0,1.0571428571428572
MLC-4246172604,2.0,1,2,16,True,2068.1,2068.1,5.0,2.0,5.0,0.0,1.0,1.0,0.0,0.0,0.0,0.0,0.0,52.0,49.0,0.0,55000.0,1.0,1.0,0.0,1.0,1.0,12.0,6715.0,4.0,2440.0,1484.0,100.0,500000.0,555000.0,4,11326.530612244898,True,False,False,0,1.0612244897959184
MLC-2016683179,1.0,0,2,17,True,515.2,515.2,5.0,5.0,5.0,3.0,3.0,3.0,5.0,1.0,0.0,5.0,0.0,56.0,56.0,0.0,83000.0,0.0,0.0,0.0,1.0,1.0,5.0,6636.0,4.0,2317.0,1552.0,99.9999999999999,500000.0,583000.0,2,13037.5,True,False,False,1,1.0
MLC-2046361239,1.0,0,1,0,False,792.5,792.5,5.0,5.0,0.0,0.0,1.0,1.0,2.0,2.0,0.0,5.0,0.0,35.0,35.0,0.0,45000.0,0.0,0.0,0.0,1.0,1.0,6.0,6768.0,4.0,1656.0,1111.0,100.0,320000.0,365000.0,2,11891.891891891892,True,False,False,0,1.0
MLC-4128097618,2.0,1,3,9,True,973.0,973.0,5.0,1.0,2.0,0.0,0.0,0.0,2.0,0.0,0.0,0.0,0.0,94.0,90.0,1.0,0.0,1.0,0.0,0.0,1.0,1.0,8.0,6178.0,3.0,2620.0,1658.0,100.0,850000.0,850000.0,2,12450.0,True,False,False,0,1.0444444444444445
MLC-4086068136,2.0,1,3,20,True,4766.9,7974.5,4.0,0.0,0.0,0.0,0.0,0.0,0.0,0.0,0.0,0.0,0.0,60.0,60.0,0.0,55000.0,1.0,0.0,0.0,1.0,0.0,4.0,6592.0,4.0,5079.0,2589.0,29.8628034168695,460000.0,515000.0,4,10000.0,True,True,False,0,1.0
MLC-4128149912,2.0,1,2,10,True,955.1,5035.3,5.0,0.0,4.0,0.0,0.0,3.0,0.0,0.0,0.0,0.0,0.0,55.0,45.0,0.0,70000.0,1.0,0.0,0.0,1.0,1.0,2.0,4433.0,3.0,20174.0,9883.0,82.4572189855629,500000.0,570000.0,4,10437.356760886172,True,False,True,0,1.2222222222222223
MLC-4130596662,2.0,1,2,2,False,7238.7,10721.1,0.0,0.0,0.0,0.0,0.0,0.0,0.0,0.0,0.0,0.0,0.0,65.0,65.0,1.0,60000.0,1.0,1.0,0.0,1.0,1.0,5.0,4426.0,2.0,23629.0,10635.0,64.8623594811321,410000.0,470000.0,0,8677.966101694916,True,False,True,0,1.0
MLC-4168009226,1.0,0,1,0,True,2687.4,2687.4,2.0,0.0,1.0,0.0,1.0,0.0,0.0,0.0,0.0,0.0,0.0,35.0,35.0,0.0,40000.0,0.0,0.0,0.0,1.0,0.0,1.0,6304.0,3.0,4026.0,2134.0,100.0,350000.0,390000.0,4,10158.311345646438,True,False,False,0,1.0
MLC-4155625296,2.0,1,2,1,False,6253.6,6496.6,5.0,1.0,0.0,0.0,0.0,0.0,0.0,0.0,0.0,0.0,0.0,57.0,52.0,0.0,0.0,0.0,0.0,0.0,0.0,1.0,2.0,6682.0,4.0,4021.0,1996.0,65.5175717706704,650000.0,650000.0,1,12500.0,True,True,False,0,1.0961538461538463
MLC-4179339790,1.0,1,1,10,True,4026.9,4026.9,3.0,0.0,0.0,0.0,0.0,1.0,1.0,0.0,0.0,0.0,0.0,48.0,48.0,1.0,80000.0,1.0,1.0,0.0,1.0,1.0,1.0,6684.0,4.0,6833.0,3079.0,90.5171296845883,550000.0,630000.0,4,12295.081967213115,True,False,False,1,1.0
MLC-4176387178,2.0,1,2,10,True,731.3,731.3,5.0,0.0,4.0,1.0,2.0,1.0,2.0,0.0,0.0,3.0,1.0,60.0,57.0,1.0,150000.0,1.0,0.0,0.0,1.0,1.0,5.0,3967.0,1.0,2152.0,1148.0,50.505791961991,600000.0,750000.0,2,11277.173913043478,True,False,False,0,1.0526315789473684
MLC-4145380934,1.0,0,2,10,True,634.5,634.5,5.0,0.0,3.0,2.0,1.0,2.0,2.0,1.0,0.0,3.0,1.0,50.0,50.0,0.0,70000.0,1.0,0.0,0.0,1.0,1.0,6.0,6318.0,3.0,1035.0,677.0,100.0,600000.0,670000.0,2,11250.0,True,False,False,0,1.0
MLC-4176333640,2.0,1,2,8,False,2775.6,2775.6,0.0,0.0,1.0,0.0,1.0,0.0,0.0,0.0,0.0,0.0,0.0,47.0,47.0,0.0,75000.0,0.0,0.0,0.0,0.0,0.0,3.0,6304.0,3.0,4026.0,2134.0,100.0,520000.0,595000.0,4,10158.311345646438,True,False,False,0,1.0
MLC-4176383958,1.0,0,2,8,True,2744.4,2744.4,2.0,0.0,0.0,0.0,0.0,0.0,0.0,0.0,0.0,0.0,0.0,41.0,41.0,0.0,45000.0,1.0,0.0,0.0,1.0,0.0,5.0,5901.0,2.0,3835.0,2050.0,58.6173339550477,370000.0,415000.0,4,9911.111111111111,True,False,False,0,1.0
MLC-4176333578,2.0,0,2,1,False,3248.2,3248.2,5.0,0.0,2.0,0.0,4.0,2.0,1.0,0.0,0.0,0.0,0.0,52.0,52.0,0.0,80000.0,0.0,0.0,0.0,0.0,1.0,10.0,6571.0,4.0,1072.0,625.0,89.9626305483346,480000.0,560000.0,0,11068.702290076337,True,False,False,0,1.0
MLC-4176333540,1.0,1,2,47,True,555.1,555.1,5.0,1.0,2.0,0.0,0.0,5.0,3.0,0.0,0.0,0.0,0.0,70.0,70.0,0.0,30000.0,0.0,0.0,0.0,0.0,0.0,5.0,4644.0,1.0,2739.0,1645.0,100.0,550000.0,580000.0,2,12400.0,True,False,False,0,1.0
MLC-4176333522,1.0,1,1,6,True,1406.3,1406.3,5.0,2.0,4.0,2.0,1.0,4.0,1.0,0.0,0.0,2.0,0.0,33.0,37.6,0.0,50000.0,0.0,0.0,0.0,0.0,1.0,14.0,6382.0,3.0,2472.0,1579.0,44.7477970543667,400000.0,450000.0,4,12631.578947368422,True,False,False,0,0.8776595744680851
MLC-4176334290,1.0,0,2,0,True,1011.6,1011.6,5.0,1.0,1.0,1.0,0.0,1.0,0.0,0.0,0.0,1.0,1.0,41.0,41.0,0.0,0.0,0.0,0.0,0.0,1.0,0.0,2.0,4889.0,1.0,6948.0,3534.0,56.3609274194969,500000.0,500000.0,2,10450.657894736843,True,False,False,0,1.0
MLC-4176383922,3.0,2,3,4,True,4648.9,4648.9,5.0,1.0,1.0,0.0,2.0,0.0,0.0,0.0,0.0,0.0,0.0,103.0,103.0,1.0,90000.0,1.0,0.0,0.0,1.0,1.0,1.0,6684.0,4.0,6833.0,3079.0,90.5171296845883,1000000.0,1090000.0,4,10875.454575784872,True,False,False,0,1.0
MLC-4176333380,1.0,0,1,0,True,856.0,856.0,5.0,4.0,1.0,0.0,0.0,1.0,2.0,1.0,0.0,0.0,0.0,30.0,37.6,0.0,30000.0,0.0,0.0,0.0,1.0,1.0,12.0,5492.0,1.0,2073.0,1418.0,100.0,440000.0,470000.0,2,12664.90765171504,True,False,False,0,0.7978723404255319
MLC-4134299348,2.0,2,3,0,True,688.4,4578.7,5.0,0.0,3.0,0.0,3.0,0.0,4.0,0.0,0.0,0.0,0.0,100.0,95.0,2.0,168000.0,1.0,0.0,0.0,1.0,1.0,15.0,5879.0,4.0,12234.0,5977.0,80.4354882614475,950000.0,1118000.0,0,12677.491066182823,True,False,True,0,1.0526315789473684
MLC-4176333524,2.0,1,2,1,True,733.8,733.8,5.0,5.0,5.0,3.0,2.0,1.0,5.0,0.0,0.0,3.0,0.0,60.0,58.0,1.0,85000.0,0.0,0.0,0.0,1.0,1.0,12.0,6636.0,4.0,2317.0,1552.0,99.9999999999999,700000.0,785000.0,2,12625.0,True,False,False,0,1.0344827586206897
MLC-4134714582,1.0,0,1,0,True,1531.9,1531.9,1.0,2.0,3.0,0.0,0.0,0.0,0.0,0.0,0.0,0.0,0.0,34.0,34.0,0.0,55000.0,0.0,0.0,0.0,0.0,1.0,1.0,4687.0,1.0,2156.0,1177.0,57.9263203269884,400000.0,455000.0,2,13142.857142857143,True,False,False,0,1.0
MLC-4255239950,1.0,0,1,9,True,782.1,782.1,5.0,5.0,3.0,2.0,2.0,3.0,5.0,1.0,0.0,5.0,0.0,50.0,48.0,0.0,70000.0,0.0,0.0,0.0,1.0,1.0,4.0,5492.0,1.0,2073.0,1418.0,100.0,440000.0,510000.0,2,12250.0,True,False,False,0,1.0416666666666667
MLC-4253064334,2.0,0,2,2,True,878.5,878.5,5.0,5.0,1.0,1.0,1.0,2.0,2.0,1.0,0.0,4.0,0.0,50.0,50.0,0.0,0.0,0.0,0.0,0.0,1.0,0.0,1.0,6636.0,4.0,2317.0,1552.0,99.9999999999999,570000.0,570000.0,2,12254.032258064515,True,False,False,1,1.0
MLC-4176371418,1.0,1,1,2,True,1427.5,5410.4,1.0,0.0,1.0,0.0,0.0,1.0,0.0,0.0,0.0,0.0,0.0,44.0,44.0,0.0,80000.0,0.0,0.0,0.0,0.0,1.0,4.0,4433.0,3.0,20174.0,9883.0,82.4572189855629,480000.0,560000.0,4,10848.748473748474,True,False,True,0,1.0
MLC-4176332870,1.0,0,3,14,False,3642.2,7799.6,5.0,2.0,0.0,1.0,3.0,1.0,0.0,0.0,0.0,0.0,1.0,56.0,56.0,0.0,30000.0,0.0,0.0,0.0,1.0,0.0,1.0,1859.0,2.0,27535.0,12357.0,68.1398650783455,350000.0,380000.0,0,7782.924528301886,True,False,True,0,1.0
MLC-4176333060,2.0,1,3,18,False,1375.8,4901.7,0.0,1.0,0.0,0.0,0.0,0.0,0.0,0.0,0.0,0.0,0.0,84.0,78.0,1.0,150000.0,1.0,1.0,0.0,1.0,1.0,11.0,6748.0,4.0,2908.0,1351.0,5.75523405114186,700000.0,850000.0,3,11417.257070445252,True,False,True,0,1.0769230769230769
MLC-4176386660,1.0,1,1,12,False,628.4,628.4,0.0,0.0,0.0,0.0,0.0,0.0,0.0,0.0,0.0,0.0,0.0,36.0,36.0,1.0,90000.0,0.0,0.0,0.0,1.0,0.0,1.0,6318.0,3.0,1035.0,677.0,100.0,500000.0,590000.0,2,11277.173913043478,True,False,False,1,1.0
MLC-4253602306,2.0,0,2,5,True,395.9,395.9,5.0,5.0,3.0,3.0,1.0,0.0,5.0,1.0,0.0,4.0,0.0,87.4,79.0,0.0,120000.0,0.0,0.0,0.0,1.0,0.0,6.0,6636.0,4.0,2317.0,1552.0,99.9999999999999,720000.0,840000.0,2,14722.955145118734,True,False,False,0,1.1063291139240508
MLC-2041076953,2.0,1,2,0,True,1787.3,4908.7,0.0,0.0,0.0,0.0,0.0,0.0,0.0,0.0,0.0,0.0,0.0,65.0,60.0,0.0,120000.0,0.0,1.0,0.0,1.0,0.0,1.0,6748.0,4.0,2908.0,1351.0,5.75523405114186,650000.0,770000.0,3,10940.347970173985,True,False,True,0,1.0833333333333333
MLC-4186972970,1.0,1,1,5,True,521.2,521.2,5.0,5.0,5.0,4.0,3.0,0.0,5.0,0.0,0.0,5.0,0.0,32.0,32.0,1.0,70000.0,0.0,0.0,0.0,1.0,0.0,6.0,6636.0,4.0,2317.0,1552.0,99.9999999999999,420000.0,490000.0,2,12142.857142857143,True,False,False,0,1.0
MLC-2059396483,1.0,1,2,0,False,645.4,645.4,5.0,5.0,2.0,4.0,3.0,1.0,5.0,2.0,0.0,5.0,0.0,58.0,58.0,1.0,85000.0,0.0,0.0,0.0,0.0,1.0,13.0,6768.0,4.0,1656.0,1111.0,100.0,560000.0,645000.0,2,11304.33273156506,True,False,False,0,1.0
MLC-2095633711,1.0,1,3,5,False,2910.9,2910.9,5.0,0.0,1.0,0.0,2.0,3.0,1.0,0.0,0.0,0.0,0.0,100.0,100.0,0.0,0.0,0.0,0.0,0.0,0.0,0.0,1.0,5455.0,1.0,10400.0,5578.0,70.0075532601241,600000.0,600000.0,0,10652.482269503545,True,False,False,0,1.0
MLC-2057053339,2.0,1,2,9,True,1685.1,2990.2,4.0,0.0,0.0,0.0,0.0,0.0,0.0,0.0,0.0,0.0,0.0,56.0,56.0,0.0,60000.0,0.0,0.0,0.0,1.0,0.0,1.0,5879.0,4.0,12234.0,5977.0,80.4354882614475,450000.0,510000.0,0,10166.666666666666,True,False,True,0,1.0
MLC-4253608676,1.0,0,1,1,True,716.1,716.1,5.0,5.0,5.0,3.0,3.0,3.0,5.0,2.0,0.0,5.0,0.0,48.0,45.0,1.0,60000.0,1.0,0.0,0.0,0.0,1.0,18.0,6636.0,4.0,2317.0,1552.0,99.9999999999999,540000.0,600000.0,2,12458.686440677966,True,False,False,0,1.0666666666666667
MLC-2057053289,2.0,1,2,0,True,723.7,723.7,5.0,5.0,5.0,3.0,2.0,1.0,5.0,0.0,0.0,3.0,0.0,59.7,58.3,0.0,70000.0,0.0,0.0,0.0,1.0,1.0,18.0,6636.0,4.0,2317.0,1552.0,99.9999999999999,700000.0,770000.0,2,12680.424528301886,True,False,False,0,1.0240137221269299
MLC-4208896096,2.0,0,2,1,False,3248.2,3248.2,5.0,0.0,2.0,0.0,4.0,2.0,1.0,0.0,0.0,0.0,0.0,52.0,52.0,0.0,80000.0,0.0,0.0,0.0,0.0,1.0,10.0,6571.0,4.0,1072.0,625.0,89.9626305483346,480000.0,560000.0,0,11068.702290076337,True,False,False,0,1.0
MLC-4179332622,2.0,1,3,11,True,4359.0,3313.2,0.0,0.0,0.0,0.0,0.0,0.0,0.0,0.0,1.0,1.0,0.0,75.0,75.0,1.0,130000.0,1.0,1.0,0.0,1.0,1.0,7.0,5535.0,3.0,1600.0,768.0,9.03186513678773,650000.0,780000.0,4,10400.0,True,True,False,0,1.0
MLC-4179306378,1.0,1,2,0,True,2583.4,9021.9,5.0,2.0,2.0,0.0,1.0,0.0,0.0,0.0,0.0,0.0,0.0,50.0,50.0,0.0,0.0,0.0,0.0,0.0,1.0,1.0,1.0,5342.0,3.0,2386.0,1215.0,18.5074470416839,470000.0,470000.0,0,9074.074074074075,True,True,False,0,1.0
MLC-4179332384,2.0,1,2,18,True,3899.8,3899.8,3.0,0.0,0.0,0.0,1.0,0.0,0.0,0.0,0.0,0.0,0.0,50.0,50.0,0.0,100000.0,0.0,0.0,0.0,1.0,1.0,4.0,6684.0,4.0,6833.0,3079.0,90.5171296845883,780000.0,880000.0,4,12295.081967213115,True,False,False,1,1.0
MLC-4179306702,2.0,0,2,4,True,963.2,963.2,5.0,1.0,1.0,2.0,0.0,1.0,0.0,0.0,0.0,0.0,0.0,48.0,48.0,0.0,60000.0,0.0,0.0,0.0,0.0,0.0,15.0,4889.0,1.0,6948.0,3534.0,56.3609274194969,460000.0,520000.0,2,10833.333333333334,True,False,False,0,1.0
MLC-4179331506,2.0,1,2,10,True,6171.3,6627.8,2.0,0.0,0.0,0.0,0.0,0.0,0.0,0.0,0.0,0.0,0.0,62.0,60.0,0.0,95000.0,1.0,0.0,0.0,1.0,1.0,1.0,6682.0,4.0,4021.0,1996.0,65.5175717706704,600000.0,695000.0,1,12500.0,True,True,False,0,1.0333333333333334
MLC-4246174682,2.0,1,3,16,True,3996.5,3996.5,5.0,2.0,0.0,0.0,1.0,2.0,1.0,0.0,1.0,0.0,0.0,84.0,84.0,1.0,150000.0,0.0,0.0,0.0,1.0,1.0,1.0,6684.0,4.0,6833.0,3079.0,90.5171296845883,650000.0,800000.0,4,12295.081967213115,True,False,False,0,1.0
MLC-4179306704,2.0,0,2,7,True,1080.4,1080.4,5.0,1.0,2.0,2.0,0.0,2.0,0.0,1.0,0.0,3.0,0.0,55.0,55.0,0.0,60000.0,0.0,1.0,0.0,0.0,1.0,7.0,4889.0,1.0,6948.0,3534.0,56.3609274194969,400000.0,460000.0,2,10716.666666666668,True,False,False,0,1.0
MLC-4179309088,2.0,1,3,20,True,728.3,728.3,5.0,5.0,1.0,4.0,2.0,1.0,5.0,2.0,0.0,5.0,0.0,97.0,97.0,0.0,140000.0,0.0,0.0,0.0,1.0,1.0,1.0,6768.0,4.0,1656.0,1111.0,100.0,580000.0,720000.0,2,11918.16816816817,True,False,False,0,1.0
MLC-4179286940,1.0,1,3,4,True,2801.0,7084.3,4.0,0.0,0.0,0.0,0.0,0.0,0.0,0.0,0.0,0.0,0.0,60.0,57.0,0.0,0.0,0.0,0.0,0.0,1.0,0.0,1.0,4924.0,2.0,16315.0,7728.0,96.1398621005236,480000.0,480000.0,1,8557.692307692309,True,True,False,0,1.0526315789473684
MLC-4248440740,1.0,1,1,7,True,926.7,926.7,5.0,2.0,1.0,0.0,1.0,0.0,2.0,0.0,0.0,0.0,0.0,38.0,38.0,1.0,70000.0,1.0,0.0,0.0,1.0,1.0,21.0,6178.0,3.0,2620.0,1658.0,100.0,450000.0,520000.0,2,12234.04255319149,True,False,False,0,1.0
MLC-4244620020,1.0,1,1,2,False,1487.9,1487.9,5.0,1.0,0.0,1.0,1.0,4.0,0.0,0.0,0.0,1.0,0.0,46.0,46.0,0.0,50000.0,0.0,0.0,0.0,0.0,1.0,5.0,6691.0,4.0,2810.0,1764.0,100.0,550000.0,600000.0,4,12567.567567567568,True,False,False,0,1.0
MLC-4179283990,2.0,1,2,4,False,674.3,674.3,5.0,5.0,1.0,2.0,1.0,1.0,4.0,2.0,0.0,5.0,0.0,62.0,62.0,1.0,100000.0,0.0,1.0,0.0,1.0,1.0,7.0,6768.0,4.0,1656.0,1111.0,100.0,590000.0,690000.0,2,11826.388888888889,True,False,False,0,1.0
MLC-4179312396,1.0,1,2,10,True,1004.6,1004.6,5.0,3.0,2.0,0.0,1.0,0.0,1.0,0.0,0.0,0.0,0.0,55.0,52.4,0.0,0.0,1.0,0.0,0.0,0.0,1.0,6.0,6178.0,3.0,2620.0,1658.0,100.0,550000.0,550000.0,2,12361.111111111111,True,False,False,0,1.049618320610687
MLC-4191864914,1.0,1,1,8,True,6171.3,6627.8,2.0,0.0,0.0,0.0,0.0,0.0,0.0,0.0,0.0,0.0,0.0,34.0,30.0,0.0,42000.0,0.0,0.0,0.0,1.0,1.0,2.0,6682.0,4.0,4021.0,1996.0,65.5175717706704,400000.0,442000.0,1,12500.0,True,True,False,0,1.1333333333333333
MLC-4246174570,2.0,1,2,5,True,2665.9,2665.9,3.0,0.0,0.0,0.0,0.0,0.0,0.0,0.0,0.0,0.0,0.0,59.7,58.3,0.0,0.0,1.0,0.0,0.0,1.0,0.0,3.0,5901.0,2.0,3835.0,2050.0,58.6173339550477,470000.0,470000.0,4,10121.951219512195,True,False,False,0,1.0240137221269299
MLC-2039845347,2.0,1,3,5,False,6896.7,10428.1,5.0,1.0,2.0,0.0,2.0,0.0,0.0,0.0,0.0,0.0,0.0,55.0,55.0,0.0,0.0,1.0,1.0,0.0,1.0,1.0,2.0,4426.0,2.0,23629.0,10635.0,64.8623594811321,500000.0,500000.0,0,11400.0,False,False,True,0,1.0
MLC-4143486602,2.0,1,2,0,True,1585.4,10051.5,5.0,0.0,0.0,0.0,3.0,1.0,1.0,0.0,0.0,0.0,1.0,75.0,69.0,0.0,115000.0,0.0,0.0,0.0,1.0,1.0,5.0,6201.0,4.0,3828.0,1963.0,52.2534527838595,650000.0,765000.0,0,10300.904977375565,True,True,False,0,1.0869565217391304
MLC-4202057910,2.0,1,2,2,True,2751.7,6895.4,0.0,0.0,0.0,0.0,0.0,0.0,0.0,0.0,0.0,0.0,0.0,60.0,53.0,1.0,55000.0,1.0,0.0,0.0,1.0,1.0,9.0,5385.0,3.0,323.0,156.0,19.0571301445678,520000.0,575000.0,2,11857.142857142857,True,False,True,0,1.1320754716981132
MLC-4179309356,2.0,0,2,0,True,758.0,758.0,5.0,0.0,4.0,0.0,1.0,0.0,0.0,0.0,0.0,0.0,0.0,65.0,55.0,0.0,60000.0,0.0,0.0,0.0,1.0,1.0,10.0,4644.0,1.0,2739.0,1645.0,100.0,530000.0,590000.0,2,11247.208931419456,True,False,False,0,1.1818181818181819
MLC-4179286756,2.0,0,3,0,False,1132.9,1132.9,0.0,0.0,0.0,0.0,0.0,0.0,0.0,0.0,0.0,0.0,0.0,80.0,80.0,0.0,40000.0,0.0,0.0,0.0,0.0,0.0,3.0,6382.0,3.0,2472.0,1579.0,44.7477970543667,660000.0,700000.0,4,11000.0,True,False,False,0,1.0
MLC-2041079483,1.0,1,2,25,True,1475.8,1475.8,5.0,1.0,2.0,0.0,1.0,2.0,0.0,0.0,0.0,0.0,0.0,782.0,78.0,0.0,0.0,0.0,0.0,0.0,0.0,0.0,3.0,6691.0,4.0,2810.0,1764.0,100.0,600000.0,600000.0,4,12631.578947368422,True,False,False,0,10.025641025641026
MLC-4198324602,2.0,1,2,1,True,2216.3,13799.1,5.0,2.0,1.0,0.0,0.0,3.0,0.0,0.0,0.0,0.0,0.0,45.0,42.0,0.0,0.0,1.0,1.0,0.0,1.0,0.0,2.0,5136.0,2.0,13939.0,6879.0,81.3670347779654,580000.0,580000.0,0,8530.884808013356,True,True,False,0,1.0714285714285714
MLC-2059421289,1.0,0,1,0,True,1373.8,1373.8,5.0,1.0,2.0,0.0,1.0,2.0,0.0,0.0,0.0,0.0,0.0,34.0,34.0,0.0,45000.0,0.0,0.0,0.0,0.0,1.0,9.0,6691.0,4.0,2810.0,1764.0,100.0,420000.0,465000.0,4,12071.428571428572,True,False,False,0,1.0
MLC-4179313558,2.0,1,2,9,True,782.1,782.1,5.0,5.0,3.0,2.0,2.0,3.0,5.0,1.0,0.0,5.0,0.0,55.8,54.0,1.0,90000.0,0.0,0.0,0.0,0.0,1.0,21.0,5492.0,1.0,2073.0,1418.0,100.0,650000.0,740000.0,2,12200.0,True,False,False,0,1.0333333333333332
MLC-4179288218,2.0,1,2,47,True,555.1,555.1,5.0,1.0,2.0,0.0,0.0,5.0,3.0,0.0,0.0,0.0,0.0,56.7,55.0,0.0,120000.0,0.0,0.0,0.0,1.0,1.0,1.0,4644.0,1.0,2739.0,1645.0,100.0,630000.0,750000.0,2,12347.540983606557,True,False,False,1,1.030909090909091
MLC-4246175422,1.0,0,1,30,True,852.5,852.5,5.0,4.0,2.0,1.0,0.0,3.0,1.0,1.0,0.0,4.0,0.0,38.0,38.0,1.0,40000.0,0.0,0.0,0.0,1.0,0.0,5.0,5492.0,1.0,2073.0,1418.0,100.0,380000.0,420000.0,2,12089.55223880597,True,False,False,1,1.0
MLC-4208895510,1.0,1,1,5,False,2638.6,2638.6,0.0,0.0,0.0,0.0,0.0,0.0,0.0,0.0,0.0,0.0,0.0,32.0,32.0,0.0,40000.0,0.0,0.0,0.0,0.0,0.0,4.0,6019.0,3.0,4332.0,2303.0,55.0392235701766,340000.0,380000.0,4,9911.111111111111,True,False,False,0,1.0
MLC-4105688004,2.0,1,2,15,True,544.3,4641.5,0.0,0.0,0.0,0.0,0.0,0.0,0.0,0.0,0.0,0.0,0.0,62.0,62.0,1.0,95000.0,1.0,1.0,0.0,1.0,1.0,1.0,4433.0,3.0,20174.0,9883.0,82.4572189855629,500000.0,595000.0,4,9652.173913043478,True,False,True,0,1.0
MLC-2042153291,2.0,1,3,0,True,1003.8,4794.1,5.0,0.0,0.0,0.0,3.0,1.0,0.0,0.0,0.0,0.0,0.0,84.0,84.0,0.0,100000.0,0.0,1.0,0.0,1.0,1.0,3.0,4433.0,3.0,20174.0,9883.0,82.4572189855629,680000.0,780000.0,4,10047.449325490195,True,False,True,0,1.0
MLC-4179286848,2.0,1,2,5,True,2566.4,2566.4,1.0,0.0,1.0,1.0,0.0,0.0,0.0,0.0,0.0,0.0,0.0,48.0,45.0,0.0,0.0,0.0,0.0,0.0,1.0,1.0,1.0,6304.0,3.0,4026.0,2134.0,100.0,580000.0,580000.0,4,11345.646437994723,True,False,False,0,1.0666666666666667
MLC-4179339764,2.0,0,1,9,False,1072.9,1072.9,5.0,4.0,2.0,0.0,0.0,1.0,2.0,0.0,1.0,4.0,0.0,61.2,57.0,0.0,85000.0,0.0,0.0,0.0,1.0,1.0,5.0,5492.0,1.0,2073.0,1418.0,100.0,430000.0,515000.0,4,11414.141414141413,True,False,False,0,1.0736842105263158
MLC-4247385586,3.0,1,4,22,True,421.3,421.3,5.0,0.0,3.0,0.0,0.0,5.0,3.0,1.0,0.0,0.0,0.0,116.0,110.0,1.0,150000.0,0.0,0.0,0.0,1.0,1.0,5.0,4644.0,1.0,2739.0,1645.0,100.0,800000.0,950000.0,2,10115.384615384615,True,False,False,0,1.0545454545454545
MLC-4179288212,1.0,0,1,6,True,751.5,751.5,5.0,5.0,1.0,1.0,1.0,1.0,2.0,1.0,0.0,5.0,0.0,33.5,32.0,0.0,57000.0,0.0,0.0,0.0,1.0,1.0,1.0,6768.0,4.0,1656.0,1111.0,100.0,390000.0,447000.0,2,11777.777777777777,True,False,False,0,1.046875
MLC-4247971502,2.0,1,2,9,True,555.1,555.1,5.0,1.0,2.0,0.0,0.0,5.0,3.0,0.0,0.0,0.0,0.0,56.7,55.0,0.0,120000.0,0.0,0.0,0.0,1.0,1.0,1.0,4644.0,1.0,2739.0,1645.0,100.0,630000.0,750000.0,2,12347.540983606557,True,False,False,1,1.030909090909091
MLC-4179290504,2.0,1,2,9,True,782.1,782.1,5.0,5.0,3.0,2.0,2.0,3.0,5.0,1.0,0.0,5.0,0.0,65.0,65.0,1.0,95000.0,0.0,0.0,0.0,1.0,1.0,10.0,5492.0,1.0,2073.0,1418.0,100.0,580000.0,675000.0,2,12250.0,True,False,False,0,1.0
MLC-2059421279,1.0,0,2,0,True,610.9,610.9,5.0,5.0,2.0,5.0,3.0,2.0,5.0,2.0,0.0,5.0,0.0,58.0,58.0,0.0,70000.0,0.0,0.0,0.0,0.0,1.0,1.0,6768.0,4.0,1656.0,1111.0,100.0,500000.0,570000.0,2,11347.549909255898,True,False,False,0,1.0
MLC-2059420311,1.0,0,1,8,True,719.9,719.9,5.0,4.0,3.0,2.0,0.0,0.0,1.0,0.0,0.0,5.0,0.0,33.1,37.9,0.0,25000.0,0.0,0.0,0.0,0.0,1.0,4.0,6768.0,4.0,1656.0,1111.0,100.0,350000.0,375000.0,2,12567.567567567568,True,False,False,0,0.8733509234828497
MLC-4084968504,2.0,1,2,0,True,1829.6,9813.5,5.0,0.0,0.0,0.0,1.0,1.0,1.0,0.0,0.0,2.0,1.0,74.0,65.0,0.0,70000.0,0.0,0.0,0.0,1.0,1.0,2.0,6201.0,4.0,3828.0,1963.0,52.2534527838595,600000.0,670000.0,0,10294.117647058823,True,True,False,0,1.1384615384615384
MLC-4103973018,1.0,1,1,0,True,1028.6,4251.4,1.0,0.0,1.0,0.0,0.0,0.0,3.0,0.0,1.0,0.0,0.0,37.0,37.0,1.0,0.0,1.0,0.0,0.0,1.0,1.0,1.0,6748.0,4.0,2908.0,1351.0,5.75523405114186,500000.0,500000.0,3,12420.32967032967,True,False,True,1,1.0
MLC-4179341424,1.0,0,1,6,True,751.5,751.5,5.0,5.0,1.0,1.0,1.0,1.0,2.0,1.0,0.0,5.0,0.0,36.0,36.0,0.0,55000.0,1.0,0.0,0.0,1.0,1.0,5.0,6768.0,4.0,1656.0,1111.0,100.0,450000.0,505000.0,2,11777.777777777777,True,False,False,0,1.0
MLC-2044094459,1.0,0,1,8,False,1166.6,1166.6,5.0,1.0,3.0,0.0,3.0,2.0,1.0,0.0,0.0,0.0,0.0,38.0,38.0,0.0,0.0,0.0,0.0,0.0,0.0,0.0,1.0,6178.0,3.0,2620.0,1658.0,100.0,380000.0,380000.0,2,11836.95652173913,True,False,False,0,1.0
MLC-4182508432,1.0,0,2,16,True,2870.1,4801.5,5.0,0.0,0.0,0.0,0.0,0.0,0.0,0.0,0.0,0.0,0.0,55.0,55.0,0.0,65000.0,0.0,1.0,0.0,1.0,1.0,1.0,6340.0,4.0,3908.0,2009.0,94.5859775075105,480000.0,545000.0,4,9259.25925925926,True,True,False,0,1.0
MLC-4179336516,2.0,2,2,0,True,2299.5,4949.8,0.0,0.0,0.0,0.0,0.0,0.0,0.0,0.0,0.0,0.0,0.0,89.6,64.3,1.0,122000.0,1.0,1.0,0.0,1.0,1.0,6.0,6748.0,4.0,2908.0,1351.0,5.75523405114186,750000.0,872000.0,3,11641.791044776119,True,False,True,0,1.3934681181959565
MLC-2059438349,1.0,1,2,0,True,2583.4,9021.9,5.0,2.0,2.0,0.0,1.0,0.0,0.0,0.0,0.0,0.0,0.0,50.0,50.0,0.0,0.0,0.0,0.0,0.0,1.0,1.0,1.0,5342.0,3.0,2386.0,1215.0,18.5074470416839,470000.0,470000.0,0,9074.074074074075,True,True,False,0,1.0
MLC-4245409880,1.0,1,2,7,False,4747.4,4747.4,0.0,0.0,0.0,0.0,0.0,0.0,1.0,0.0,0.0,0.0,0.0,50.0,53.0,0.0,0.0,0.0,0.0,0.0,1.0,0.0,1.0,6409.0,4.0,6576.0,3080.0,94.3101149608368,500000.0,500000.0,0,8730.15873015873,True,False,False,1,0.9433962264150944
MLC-2045847047,1.0,0,1,1,True,1664.1,1664.1,5.0,1.0,5.0,1.0,1.0,4.0,0.0,0.0,0.0,1.0,0.0,36.0,36.0,0.0,50000.0,0.0,0.0,0.0,1.0,1.0,12.0,6691.0,4.0,2810.0,1764.0,100.0,440000.0,490000.0,4,12578.947368421053,True,False,False,0,1.0
MLC-2091972199,2.0,1,3,5,True,2349.2,22909.2,1.0,0.0,3.0,0.0,0.0,1.0,1.0,1.0,0.0,0.0,1.0,68.0,68.0,0.0,0.0,0.0,0.0,0.0,1.0,0.0,1.0,1967.0,1.0,5600.0,2624.0,94.9469614942901,460000.0,460000.0,0,11400.0,False,True,False,0,1.0
MLC-2059574155,2.0,0,2,2,False,1420.2,1420.2,0.0,0.0,0.0,0.0,0.0,0.0,0.0,0.0,0.0,0.0,0.0,59.8,58.2,0.0,70000.0,0.0,0.0,0.0,1.0,1.0,13.0,6691.0,4.0,2810.0,1764.0,100.0,500000.0,570000.0,4,12236.842105263158,True,False,False,0,1.0274914089347078
MLC-4182753958,1.0,1,1,5,True,4709.6,4709.6,5.0,0.0,0.0,0.0,0.0,0.0,0.0,0.0,0.0,0.0,0.0,48.0,48.0,0.0,57000.0,0.0,0.0,0.0,1.0,1.0,9.0,6282.0,3.0,12506.0,6078.0,99.9999999999999,400000.0,457000.0,4,11000.0,True,False,False,0,1.0
MLC-4248035924,1.0,0,1,0,True,2687.4,2687.4,2.0,0.0,1.0,0.0,1.0,0.0,0.0,0.0,0.0,0.0,0.0,33.1,37.9,0.0,35000.0,0.0,0.0,0.0,1.0,1.0,5.0,6304.0,3.0,4026.0,2134.0,100.0,310000.0,345000.0,4,10239.361702127659,True,False,False,0,0.8733509234828497
MLC-2059576233,1.0,0,1,8,True,1369.2,1369.2,4.0,1.0,1.0,0.0,5.0,2.0,0.0,0.0,0.0,0.0,0.0,33.0,33.0,1.0,385000.0,0.0,0.0,0.0,1.0,1.0,15.0,6279.0,3.0,2598.0,1648.0,100.0,385000.0,770000.0,2,11400.0,False,False,False,0,1.0
MLC-4182535254,2.0,1,3,9,True,2938.0,2938.0,5.0,0.0,1.0,0.0,2.0,3.0,1.0,0.0,0.0,0.0,0.0,69.0,69.0,0.0,100000.0,1.0,0.0,0.0,1.0,1.0,10.0,5455.0,1.0,10400.0,5578.0,70.0075532601241,500000.0,600000.0,0,10738.831615120274,True,False,False,0,1.0
MLC-4182754966,1.0,1,1,26,True,1272.0,1272.0,4.0,2.0,1.0,0.0,0.0,0.0,0.0,0.0,0.0,0.0,0.0,60.0,60.0,0.0,0.0,0.0,0.0,0.0,1.0,0.0,1.0,4687.0,1.0,2156.0,1177.0,57.9263203269884,550000.0,550000.0,2,13157.894736842105,True,False,False,0,1.0
MLC-2092199207,1.0,1,1,0,True,900.0,4527.0,5.0,0.0,3.0,0.0,2.0,0.0,1.0,0.0,0.0,0.0,0.0,32.0,32.0,0.0,40000.0,0.0,0.0,0.0,1.0,1.0,10.0,5879.0,4.0,12234.0,5977.0,80.4354882614475,495000.0,535000.0,0,13402.636916835701,True,False,True,0,1.0
MLC-4182532324,2.0,1,2,5,True,944.2,944.2,5.0,1.0,1.0,2.0,0.0,1.0,0.0,0.0,0.0,0.0,0.0,48.0,48.0,0.0,50000.0,0.0,0.0,0.0,0.0,0.0,1.0,4889.0,1.0,6948.0,3534.0,56.3609274194969,600000.0,650000.0,2,10716.666666666668,True,False,False,1,1.0
MLC-2059571597,1.0,1,2,1,True,3240.9,3240.9,5.0,0.0,2.0,0.0,4.0,2.0,1.0,0.0,0.0,0.0,0.0,58.0,56.0,1.0,70000.0,0.0,0.0,0.0,1.0,0.0,1.0,6571.0,4.0,1072.0,625.0,89.9626305483346,520000.0,590000.0,0,11042.825721309355,True,False,False,0,1.0357142857142858
MLC-2059585683,2.0,1,3,1,True,5614.1,5614.1,0.0,0.0,0.0,0.0,0.0,0.0,0.0,0.0,0.0,0.0,0.0,56.0,56.0,0.0,50000.0,0.0,0.0,0.0,1.0,1.0,1.0,6684.0,4.0,6833.0,3079.0,90.5171296845883,530000.0,580000.0,0,9233.333333333334,True,False,False,0,1.0
MLC-2059585559,2.0,1,2,10,True,3663.5,3663.5,1.0,0.0,0.0,0.0,0.0,0.0,0.0,0.0,0.0,0.0,0.0,95.0,75.0,1.0,200000.0,1.0,0.0,0.0,1.0,1.0,1.0,6684.0,4.0,6833.0,3079.0,90.5171296845883,800000.0,1000000.0,4,12295.081967213115,True,False,False,0,1.2666666666666666
MLC-2059571921,1.0,0,1,17,True,497.5,497.5,5.0,5.0,3.0,4.0,1.0,2.0,5.0,1.0,0.0,5.0,0.0,32.0,30.0,0.0,50000.0,0.0,0.0,0.0,0.0,0.0,1.0,6318.0,3.0,1035.0,677.0,100.0,450000.0,500000.0,2,11379.310344827587,True,False,False,1,1.0666666666666667
MLC-2059599077,2.0,1,2,3,True,2443.0,2443.0,5.0,0.0,1.0,0.0,0.0,1.0,1.0,0.0,0.0,0.0,0.0,53.0,50.0,1.0,115000.0,1.0,0.0,0.0,1.0,1.0,14.0,5306.0,1.0,5083.0,2579.0,28.2564635452909,620000.0,735000.0,2,13916.666666666666,True,False,False,0,1.06
MLC-2061517507,2.0,1,2,11,True,1600.1,3013.4,4.0,0.0,0.0,0.0,0.0,0.0,0.0,0.0,0.0,0.0,0.0,57.0,55.0,0.0,90000.0,0.0,0.0,0.0,1.0,1.0,2.0,5879.0,4.0,12234.0,5977.0,80.4354882614475,500000.0,590000.0,0,10166.666666666666,True,False,True,0,1.0363636363636364
MLC-4248446052,2.0,0,2,1,True,4026.9,4026.9,3.0,0.0,0.0,0.0,0.0,1.0,1.0,0.0,0.0,0.0,0.0,57.0,55.0,0.0,60000.0,0.0,1.0,0.0,1.0,1.0,1.0,6684.0,4.0,6833.0,3079.0,90.5171296845883,900000.0,960000.0,4,12295.081967213115,True,False,False,1,1.0363636363636364
MLC-2048416487,1.0,0,1,4,True,1559.2,1559.2,5.0,1.0,0.0,2.0,0.0,4.0,1.0,0.0,0.0,1.0,0.0,30.0,30.0,0.0,35000.0,1.0,0.0,0.0,1.0,1.0,1.0,6691.0,4.0,2810.0,1764.0,100.0,380000.0,415000.0,4,12758.620689655172,True,False,False,0,1.0
MLC-4248266796,1.0,0,1,0,False,827.4,827.4,5.0,4.0,2.0,0.0,0.0,0.0,1.0,0.0,0.0,0.0,0.0,33.1,37.9,0.0,80000.0,1.0,0.0,0.0,1.0,1.0,17.0,6178.0,3.0,2620.0,1658.0,100.0,350000.0,430000.0,2,12500.0,True,False,False,0,0.8733509234828497
MLC-2059570427,2.0,1,2,10,True,1681.8,2996.7,4.0,0.0,0.0,0.0,0.0,0.0,0.0,0.0,0.0,0.0,0.0,60.0,60.0,0.0,80000.0,1.0,0.0,0.0,1.0,1.0,7.0,5879.0,4.0,12234.0,5977.0,80.4354882614475,550000.0,630000.0,0,10166.666666666666,True,False,True,0,1.0
MLC-4139258026,2.0,1,3,0,True,2014.0,4856.8,0.0,0.0,0.0,0.0,0.0,0.0,0.0,0.0,0.0,0.0,0.0,75.0,72.0,1.0,100000.0,1.0,1.0,0.0,1.0,1.0,1.0,6748.0,4.0,2908.0,1351.0,5.75523405114186,550000.0,650000.0,3,11304.347826086956,True,False,True,0,1.0416666666666667
MLC-4182740484,1.0,1,1,5,True,944.2,944.2,5.0,1.0,1.0,2.0,0.0,1.0,0.0,0.0,0.0,0.0,0.0,45.0,38.0,0.0,40000.0,0.0,0.0,0.0,1.0,0.0,18.0,4889.0,1.0,6948.0,3534.0,56.3609274194969,410000.0,450000.0,2,10716.666666666668,True,False,False,0,1.1842105263157894
MLC-4182739546,1.0,1,3,19,True,1525.2,1525.2,5.0,1.0,0.0,0.0,2.0,0.0,0.0,0.0,0.0,0.0,0.0,60.0,55.0,0.0,40000.0,0.0,0.0,0.0,1.0,0.0,3.0,6304.0,3.0,4026.0,2134.0,100.0,500000.0,540000.0,1,9615.384615384615,True,False,False,0,1.0909090909090908
MLC-2059592399,1.0,0,2,11,True,6017.9,6716.5,3.0,1.0,0.0,0.0,0.0,0.0,0.0,0.0,0.0,0.0,0.0,48.0,46.0,0.0,59000.0,0.0,1.0,0.0,0.0,0.0,1.0,6682.0,4.0,4021.0,1996.0,65.5175717706704,490000.0,549000.0,1,12500.0,True,True,False,0,1.0434782608695652
MLC-2066614685,1.0,1,1,7,True,4709.6,4709.6,5.0,0.0,0.0,0.0,0.0,0.0,0.0,0.0,0.0,0.0,0.0,40.0,40.0,1.0,0.0,1.0,0.0,0.0,1.0,1.0,5.0,6282.0,3.0,12506.0,6078.0,99.9999999999999,450000.0,450000.0,4,10582.52427184466,True,False,False,0,1.0
MLC-4082800676,1.0,1,2,0,True,528.0,528.0,5.0,0.0,3.0,1.0,0.0,5.0,0.0,0.0,0.0,0.0,0.0,65.0,65.0,1.0,65000.0,0.0,0.0,0.0,1.0,1.0,1.0,5332.0,1.0,4499.0,2404.0,100.0,600000.0,665000.0,2,10810.81081081081,True,False,False,0,1.0
MLC-2059586339,2.0,2,3,15,True,1445.8,4860.8,0.0,1.0,0.0,0.0,0.0,0.0,0.0,0.0,0.0,0.0,0.0,92.0,92.0,1.0,200000.0,1.0,1.0,0.0,1.0,0.0,2.0,6748.0,4.0,2908.0,1351.0,5.75523405114186,950000.0,1150000.0,3,11326.671128466121,True,False,True,0,1.0
MLC-4182777534,3.0,1,3,20,True,1377.0,4825.9,4.0,1.0,2.0,0.0,1.0,1.0,1.0,0.0,0.0,0.0,0.0,100.0,100.0,1.0,250000.0,1.0,0.0,0.0,1.0,1.0,10.0,6748.0,4.0,2908.0,1351.0,5.75523405114186,800000.0,1050000.0,3,11530.214424951268,True,False,True,0,1.0
MLC-2071207575,2.0,1,3,29,False,1336.8,1336.8,5.0,2.0,2.0,1.0,0.0,2.0,1.0,0.0,2.0,4.0,0.0,74.0,74.0,1.0,150000.0,0.0,0.0,0.0,1.0,1.0,3.0,6382.0,3.0,2472.0,1579.0,44.7477970543667,650000.0,800000.0,4,11483.38649654439,True,False,False,0,1.0
MLC-2059587241,2.0,1,2,20,True,1442.4,4552.5,1.0,1.0,1.0,0.0,0.0,1.0,1.0,0.0,0.0,0.0,0.0,76.0,70.0,1.0,100000.0,1.0,1.0,0.0,1.0,1.0,9.0,6748.0,4.0,2908.0,1351.0,5.75523405114186,640000.0,740000.0,3,10493.827160493827,True,False,True,0,1.0857142857142856
MLC-4182754162,2.0,1,2,8,True,1033.7,5098.8,1.0,0.0,0.0,0.0,0.0,0.0,0.0,0.0,0.0,0.0,0.0,55.0,50.0,0.0,80000.0,1.0,0.0,0.0,1.0,1.0,2.0,4433.0,3.0,20174.0,9883.0,82.4572189855629,550000.0,630000.0,4,10454.545454545454,True,False,True,0,1.1
MLC-4182741088,1.0,1,1,6,True,944.2,944.2,5.0,1.0,1.0,2.0,0.0,1.0,0.0,0.0,0.0,0.0,0.0,45.0,39.0,0.0,40000.0,1.0,0.0,0.0,1.0,1.0,18.0,4889.0,1.0,6948.0,3534.0,56.3609274194969,420000.0,460000.0,2,10716.666666666668,True,False,False,0,1.1538461538461537
MLC-4206497790,1.0,1,2,4,True,2855.1,6947.0,5.0,1.0,0.0,0.0,0.0,0.0,0.0,0.0,0.0,1.0,0.0,47.0,44.0,0.0,0.0,0.0,0.0,0.0,1.0,0.0,4.0,4924.0,2.0,16315.0,7728.0,96.1398621005236,480000.0,480000.0,1,8441.295546558704,True,True,False,0,1.0681818181818181
MLC-4182779224,1.0,1,2,8,True,1774.6,1774.6,1.0,0.0,1.0,0.0,0.0,1.0,0.0,0.0,0.0,0.0,0.0,35.0,35.0,1.0,48000.0,1.0,0.0,0.0,1.0,1.0,12.0,5924.0,2.0,3532.0,1915.0,100.0,450000.0,498000.0,4,11345.646437994723,True,False,False,1,1.0
MLC-4182783032,2.0,1,2,4,True,3972.3,3972.3,5.0,2.0,0.0,0.0,1.0,2.0,1.0,0.0,0.0,0.0,0.0,65.0,61.0,1.0,140000.0,1.0,0.0,0.0,1.0,1.0,3.0,6684.0,4.0,6833.0,3079.0,90.5171296845883,650000.0,790000.0,4,12295.081967213115,True,False,False,0,1.0655737704918034
MLC-4182783064,1.0,0,1,1,False,2799.9,2799.9,3.0,0.0,2.0,1.0,1.0,1.0,0.0,0.0,0.0,0.0,0.0,33.0,37.6,0.0,35000.0,0.0,0.0,0.0,1.0,1.0,3.0,6304.0,3.0,4026.0,2134.0,100.0,350000.0,385000.0,4,10158.311345646438,True,False,False,0,0.8776595744680851
MLC-2091478115,1.0,1,1,6,False,4322.0,4322.0,5.0,0.0,0.0,0.0,0.0,0.0,0.0,0.0,0.0,0.0,0.0,42.0,42.0,0.0,0.0,0.0,1.0,0.0,0.0,1.0,2.0,6282.0,3.0,12506.0,6078.0,99.9999999999999,700000.0,700000.0,4,10625.0,True,False,False,0,1.0
MLC-2091478997,2.0,1,2,8,True,2068.1,2068.1,5.0,2.0,5.0,0.0,1.0,1.0,0.0,0.0,0.0,0.0,0.0,58.0,58.0,1.0,0.0,0.0,0.0,0.0,0.0,0.0,8.0,6715.0,4.0,2440.0,1484.0,100.0,550000.0,550000.0,4,11326.530612244898,True,False,False,0,1.0
MLC-2091479375,2.0,1,2,15,False,5214.5,5214.5,5.0,1.0,0.0,0.0,2.0,1.0,0.0,0.0,0.0,0.0,0.0,59.7,58.3,0.0,59000.0,1.0,0.0,0.0,1.0,1.0,7.0,6684.0,4.0,6833.0,3079.0,90.5171296845883,550000.0,609000.0,4,10000.0,True,False,False,0,1.0240137221269299
MLC-2061516139,2.0,1,2,8,False,1172.0,4563.5,3.0,1.0,3.0,0.0,1.0,0.0,1.0,0.0,1.0,0.0,0.0,60.0,58.0,1.0,85000.0,1.0,1.0,0.0,1.0,1.0,2.0,6748.0,4.0,2908.0,1351.0,5.75523405114186,670000.0,755000.0,3,13275.862068965518,True,False,True,0,1.0344827586206897
MLC-4135274432,2.0,2,3,15,True,1461.6,4986.5,0.0,1.0,0.0,0.0,0.0,0.0,0.0,0.0,0.0,0.0,0.0,86.0,82.0,1.0,92000.0,1.0,1.0,0.0,1.0,1.0,6.0,6748.0,4.0,2908.0,1351.0,5.75523405114186,730000.0,822000.0,3,11481.481481481482,True,False,True,0,1.048780487804878
MLC-4161008386,1.0,0,1,11,True,1060.8,1060.8,5.0,3.0,1.0,0.0,1.0,0.0,0.0,0.0,0.0,0.0,0.0,41.0,36.0,0.0,65000.0,0.0,0.0,0.0,1.0,1.0,6.0,6178.0,3.0,2620.0,1658.0,100.0,380000.0,445000.0,4,12044.776119402984,True,False,False,0,1.1388888888888888
MLC-2091983597,1.0,1,2,0,True,2216.3,13799.1,5.0,2.0,1.0,0.0,0.0,3.0,0.0,0.0,0.0,0.0,0.0,48.0,48.0,0.0,45000.0,0.0,1.0,0.0,0.0,0.0,2.0,5136.0,2.0,13939.0,6879.0,81.3670347779654,380000.0,425000.0,0,8530.884808013356,True,True,False,0,1.0
MLC-4187206392,1.0,1,2,0,False,1367.8,1367.8,5.0,0.0,1.0,0.0,5.0,0.0,0.0,0.0,0.0,0.0,0.0,45.0,45.0,0.0,42000.0,0.0,1.0,0.0,0.0,0.0,1.0,5752.0,2.0,3137.0,1789.0,100.0,390000.0,432000.0,1,9909.09090909091,True,False,False,0,1.0
MLC-4186961376,2.0,1,2,10,True,1972.1,5223.6,0.0,0.0,1.0,0.0,0.0,1.0,0.0,0.0,0.0,0.0,0.0,70.0,70.0,1.0,150000.0,1.0,1.0,0.0,1.0,1.0,6.0,6748.0,4.0,2908.0,1351.0,5.75523405114186,670000.0,820000.0,3,12083.333333333332,True,False,True,0,1.0
MLC-4182760064,1.0,1,2,17,True,2027.9,2027.9,5.0,0.0,1.0,0.0,0.0,0.0,0.0,0.0,0.0,0.0,0.0,49.0,49.0,0.0,28000.0,0.0,0.0,0.0,1.0,0.0,1.0,6019.0,3.0,4332.0,2303.0,55.0392235701766,390000.0,418000.0,4,11579.473985134362,True,False,False,0,1.0
MLC-4179279994,2.0,1,2,6,True,407.0,3845.6,5.0,0.0,1.0,0.0,2.0,1.0,2.0,0.0,0.0,0.0,1.0,53.0,53.0,1.0,85000.0,1.0,0.0,0.0,0.0,1.0,7.0,5879.0,4.0,12234.0,5977.0,80.4354882614475,480000.0,565000.0,0,11875.0,True,False,True,0,1.0
MLC-4179305464,2.0,1,3,33,True,1186.5,1186.5,5.0,5.0,3.0,2.0,0.0,2.0,2.0,0.0,1.0,4.0,0.0,75.0,75.0,1.0,145000.0,0.0,0.0,0.0,1.0,1.0,4.0,6382.0,3.0,2472.0,1579.0,44.7477970543667,645000.0,790000.0,4,11873.35092348285,True,False,False,0,1.0
MLC-4187132728,1.0,0,1,4,True,1044.8,1044.8,5.0,0.0,2.0,0.0,4.0,1.0,0.0,0.0,0.0,0.0,0.0,33.0,30.0,0.0,40000.0,0.0,0.0,0.0,1.0,1.0,9.0,6279.0,3.0,2598.0,1648.0,100.0,380000.0,420000.0,2,11041.666666666666,True,False,False,0,1.1
MLC-4247391068,2.0,1,2,9,False,4683.8,4683.8,0.0,0.0,0.0,0.0,0.0,0.0,0.0,0.0,0.0,0.0,0.0,67.0,61.0,0.0,75000.0,0.0,1.0,0.0,0.0,1.0,3.0,6684.0,4.0,6833.0,3079.0,90.5171296845883,680000.0,755000.0,4,14511.873350923483,True,False,False,0,1.098360655737705
MLC-4247981960,1.0,0,1,0,True,1557.3,1557.3,5.0,1.0,0.0,1.0,1.0,3.0,0.0,0.0,0.0,1.0,0.0,33.1,37.9,0.0,35000.0,0.0,0.0,0.0,1.0,1.0,1.0,6382.0,3.0,2472.0,1579.0,44.7477970543667,360000.0,395000.0,4,12736.453201970442,True,False,False,0,0.8733509234828497
MLC-4179308212,1.0,1,1,21,True,1445.8,4860.8,0.0,1.0,0.0,0.0,0.0,0.0,0.0,0.0,0.0,0.0,0.0,49.0,49.0,1.0,100000.0,0.0,1.0,0.0,1.0,0.0,2.0,6748.0,4.0,2908.0,1351.0,5.75523405114186,480000.0,580000.0,3,11326.671128466121,True,False,True,0,1.0
MLC-2061517403,1.0,0,1,0,True,698.9,698.9,5.0,1.0,4.0,0.0,0.0,2.0,2.0,1.0,0.0,0.0,0.0,32.0,37.6,0.0,50000.0,0.0,0.0,0.0,1.0,1.0,11.0,4644.0,1.0,2739.0,1645.0,100.0,370000.0,420000.0,2,12400.0,True,False,False,0,0.851063829787234
MLC-2092307155,1.0,0,1,0,False,827.4,827.4,5.0,4.0,2.0,0.0,0.0,0.0,1.0,0.0,0.0,0.0,0.0,33.0,37.9,0.0,80000.0,1.0,0.0,0.0,1.0,1.0,15.0,6178.0,3.0,2620.0,1658.0,100.0,430000.0,510000.0,2,12500.0,True,False,False,0,0.870712401055409
MLC-2070931323,2.0,1,2,1,True,539.9,4504.4,0.0,0.0,0.0,0.0,0.0,0.0,0.0,0.0,0.0,0.0,0.0,70.0,68.0,1.0,100000.0,0.0,1.0,0.0,1.0,1.0,5.0,5879.0,4.0,12234.0,5977.0,80.4354882614475,635000.0,735000.0,0,10916.17933723197,True,False,True,0,1.0294117647058822
MLC-2062074437,2.0,1,2,10,True,3792.9,3792.9,3.0,0.0,0.0,0.0,0.0,2.0,0.0,0.0,0.0,1.0,0.0,67.0,65.0,0.0,75000.0,0.0,0.0,0.0,1.0,1.0,1.0,6684.0,4.0,6833.0,3079.0,90.5171296845883,770000.0,845000.0,4,11428.57142857143,True,False,False,0,1.0307692307692307
MLC-4179290600,2.0,0,2,2,True,497.5,497.5,5.0,5.0,3.0,4.0,1.0,2.0,5.0,1.0,0.0,5.0,0.0,59.7,58.3,1.0,80000.0,0.0,0.0,0.0,1.0,1.0,18.0,6318.0,3.0,1035.0,677.0,100.0,550000.0,630000.0,2,11692.307692307691,True,False,False,0,1.0240137221269299
MLC-4247396770,1.0,0,1,6,True,1251.8,1251.8,5.0,1.0,2.0,0.0,1.0,0.0,0.0,0.0,0.0,0.0,0.0,36.0,36.0,0.0,45000.0,0.0,0.0,0.0,0.0,1.0,10.0,6691.0,4.0,2810.0,1764.0,100.0,400000.0,445000.0,4,12229.53216374269,True,False,False,0,1.0
MLC-4247392014,1.0,1,3,4,True,2801.0,7084.3,4.0,0.0,0.0,0.0,0.0,0.0,0.0,0.0,0.0,0.0,0.0,60.0,57.0,0.0,0.0,0.0,0.0,0.0,1.0,0.0,3.0,4924.0,2.0,16315.0,7728.0,96.1398621005236,480000.0,480000.0,1,8557.692307692309,True,True,False,0,1.0526315789473684
MLC-4187203418,1.0,1,1,0,True,2068.1,2068.1,5.0,2.0,5.0,0.0,1.0,1.0,0.0,0.0,0.0,0.0,0.0,40.0,40.0,1.0,0.0,1.0,0.0,0.0,1.0,0.0,3.0,6715.0,4.0,2440.0,1484.0,100.0,485000.0,485000.0,4,11326.530612244898,True,False,False,0,1.0
MLC-2061523479,2.0,0,4,60,True,630.0,630.0,5.0,5.0,2.0,2.0,1.0,4.0,5.0,2.0,0.0,2.0,0.0,90.0,85.0,0.0,65000.0,0.0,0.0,0.0,0.0,0.0,1.0,5492.0,1.0,2073.0,1418.0,100.0,500000.0,565000.0,2,12258.064516129032,True,False,False,0,1.0588235294117647
MLC-4187205248,1.0,0,2,15,True,3083.6,3083.6,5.0,0.0,2.0,0.0,3.0,2.0,1.0,0.0,0.0,0.0,0.0,43.0,43.0,0.0,70000.0,0.0,0.0,0.0,1.0,1.0,2.0,6571.0,4.0,1072.0,625.0,89.9626305483346,400000.0,470000.0,0,10918.367346938776,True,False,False,0,1.0
MLC-4198196478,1.0,1,1,0,True,1406.3,1406.3,5.0,2.0,4.0,2.0,1.0,4.0,1.0,0.0,0.0,2.0,0.0,35.0,35.0,0.0,65000.0,0.0,0.0,0.0,1.0,1.0,4.0,6382.0,3.0,2472.0,1579.0,44.7477970543667,460000.0,525000.0,4,12567.567567567568,True,False,False,0,1.0
MLC-4187133634,1.0,0,1,3,True,621.9,621.9,5.0,3.0,2.0,0.0,1.0,3.0,5.0,2.0,0.0,1.0,0.0,33.1,37.9,0.0,50000.0,0.0,0.0,0.0,1.0,1.0,9.0,5492.0,1.0,2073.0,1418.0,100.0,450000.0,500000.0,2,12295.081967213115,True,False,False,0,0.8733509234828497
MLC-4198204714,1.0,0,1,8,False,3179.1,3179.1,5.0,0.0,0.0,0.0,1.0,0.0,0.0,0.0,0.0,0.0,0.0,31.0,37.9,1.0,35000.0,0.0,0.0,0.0,1.0,0.0,1.0,6441.0,4.0,887.0,463.0,99.6600561653695,350000.0,385000.0,0,10713.881820752049,True,False,False,0,0.8179419525065963
MLC-4081687030,2.0,0,2,8,True,1335.2,1335.2,5.0,2.0,2.0,2.0,1.0,2.0,0.0,0.0,1.0,2.0,0.0,58.0,57.0,0.0,100000.0,1.0,0.0,0.0,1.0,1.0,14.0,6382.0,3.0,2472.0,1579.0,44.7477970543667,594041.5499999999,694041.5499999999,4,11984.042553191488,True,False,False,1,1.0175438596491229
MLC-2062113819,2.0,1,3,1,False,5621.8,5621.8,0.0,0.0,0.0,0.0,0.0,0.0,0.0,0.0,0.0,0.0,0.0,67.0,65.0,0.0,0.0,0.0,0.0,0.0,1.0,0.0,4.0,6684.0,4.0,6833.0,3079.0,90.5171296845883,620000.0,620000.0,4,9538.461538461539,True,False,False,0,1.0307692307692307
MLC-2062075207,1.0,0,2,5,True,822.4,822.4,5.0,4.0,1.0,1.0,1.0,2.0,1.0,1.0,0.0,0.0,0.0,48.3,52.4,0.0,55000.0,0.0,0.0,0.0,1.0,1.0,11.0,5492.0,1.0,2073.0,1418.0,100.0,520000.0,575000.0,2,12400.0,True,False,False,0,0.9217557251908397
MLC-4179286616,2.0,0,2,0,True,698.9,698.9,5.0,1.0,4.0,0.0,0.0,2.0,2.0,1.0,0.0,0.0,0.0,45.0,45.0,0.0,70000.0,0.0,0.0,0.0,1.0,1.0,2.0,4644.0,1.0,2739.0,1645.0,100.0,480000.0,550000.0,2,12400.0,True,False,False,0,1.0
MLC-4179286644,1.0,0,1,4,True,1597.0,1597.0,5.0,1.0,4.0,0.0,1.0,2.0,0.0,0.0,0.0,0.0,0.0,33.1,37.9,0.0,35000.0,0.0,0.0,0.0,1.0,1.0,10.0,6691.0,4.0,2810.0,1764.0,100.0,350000.0,385000.0,4,12714.285714285714,True,False,False,0,0.8733509234828497
MLC-4091125056,2.0,1,2,3,False,2606.6,2606.6,0.0,0.0,0.0,0.0,0.0,0.0,0.0,0.0,0.0,0.0,0.0,59.0,59.0,2.0,100000.0,0.0,1.0,0.0,1.0,1.0,1.0,5455.0,1.0,10400.0,5578.0,70.0075532601241,550000.0,650000.0,0,11526.993094789705,True,False,False,0,1.0
MLC-2092643103,1.0,0,1,2,False,792.5,792.5,5.0,5.0,0.0,0.0,1.0,1.0,2.0,2.0,0.0,5.0,0.0,33.0,37.6,0.0,60000.0,0.0,0.0,0.0,1.0,0.0,3.0,6768.0,4.0,1656.0,1111.0,100.0,310000.0,370000.0,2,11891.891891891892,True,False,False,0,0.8776595744680851
MLC-2062074433,2.0,1,2,7,True,1057.2,1057.2,5.0,5.0,2.0,1.0,1.0,2.0,3.0,0.0,1.0,4.0,0.0,61.0,57.0,0.0,100000.0,0.0,0.0,0.0,1.0,1.0,9.0,5492.0,1.0,2073.0,1418.0,100.0,700000.0,800000.0,4,11413.793103448275,True,False,False,0,1.0701754385964912
MLC-4188417584,2.0,1,2,5,True,4660.8,8785.2,0.0,0.0,0.0,0.0,0.0,0.0,0.0,0.0,0.0,0.0,0.0,55.0,55.0,0.0,0.0,0.0,0.0,0.0,1.0,0.0,5.0,1859.0,2.0,27535.0,12357.0,68.1398650783455,450000.0,450000.0,0,6394.2798774259445,True,False,True,0,1.0
MLC-2092769141,1.0,1,3,15,False,1245.5,1245.5,5.0,0.0,1.0,0.0,5.0,0.0,0.0,0.0,0.0,0.0,0.0,56.0,56.0,0.0,5000.0,0.0,0.0,0.0,0.0,0.0,1.0,5752.0,2.0,3137.0,1789.0,100.0,430000.0,435000.0,1,9900.0,True,False,False,0,1.0
MLC-4188277882,2.0,2,2,16,False,5287.8,9443.3,0.0,0.0,0.0,0.0,0.0,0.0,0.0,0.0,0.0,0.0,0.0,57.0,55.0,1.0,80000.0,0.0,1.0,0.0,0.0,1.0,1.0,1859.0,2.0,27535.0,12357.0,68.1398650783455,420000.0,500000.0,0,11365.079365079366,True,False,True,0,1.0363636363636364
MLC-4188277746,1.0,0,1,0,True,900.0,4527.0,5.0,0.0,3.0,0.0,2.0,0.0,1.0,0.0,0.0,0.0,0.0,38.4,42.2,0.0,40000.0,1.0,0.0,0.0,1.0,1.0,1.0,5879.0,4.0,12234.0,5977.0,80.4354882614475,430000.0,470000.0,0,13685.390174732413,True,False,True,0,0.909952606635071
MLC-4179287368,1.0,0,2,11,True,987.5,987.5,5.0,0.0,2.0,0.0,3.0,0.0,0.0,0.0,0.0,0.0,0.0,43.0,41.0,0.0,70000.0,0.0,1.0,0.0,1.0,1.0,6.0,5941.0,2.0,3137.0,1891.0,100.0,450000.0,520000.0,2,11175.793833410033,True,False,False,1,1.048780487804878
MLC-4198200088,1.0,1,2,7,False,6674.9,5978.3,0.0,0.0,0.0,0.0,0.0,0.0,0.0,0.0,0.0,0.0,0.0,50.0,50.0,0.0,0.0,0.0,0.0,0.0,1.0,1.0,1.0,6375.0,4.0,4591.0,2555.0,80.1239481965662,550000.0,550000.0,1,11000.0,True,True,False,0,1.0
MLC-2091160797,1.0,1,1,5,False,2638.6,2638.6,0.0,0.0,0.0,0.0,0.0,0.0,0.0,0.0,0.0,0.0,0.0,32.0,32.0,0.0,40000.0,0.0,0.0,0.0,0.0,0.0,4.0,6019.0,3.0,4332.0,2303.0,55.0392235701766,320000.0,360000.0,4,9911.111111111111,True,False,False,0,1.0
MLC-4246169092,2.0,1,3,4,True,5136.6,5136.6,5.0,1.0,0.0,0.0,1.0,1.0,0.0,0.0,0.0,0.0,0.0,70.0,70.0,0.0,70000.0,1.0,1.0,0.0,1.0,1.0,5.0,6684.0,4.0,6833.0,3079.0,90.5171296845883,670000.0,740000.0,4,10000.0,True,False,False,0,1.0
MLC-4188213342,1.0,1,2,0,True,1047.3,1047.3,5.0,1.0,3.0,0.0,5.0,1.0,0.0,0.0,0.0,0.0,0.0,60.0,60.0,0.0,80000.0,1.0,0.0,0.0,1.0,1.0,1.0,5941.0,2.0,3137.0,1891.0,100.0,450000.0,530000.0,2,11428.57142857143,True,False,False,0,1.0
MLC-4250668232,2.0,1,3,16,True,1261.3,4623.3,0.0,0.0,1.0,0.0,0.0,0.0,0.0,0.0,0.0,0.0,0.0,79.0,74.0,0.0,120000.0,1.0,0.0,0.0,1.0,1.0,4.0,6748.0,4.0,2908.0,1351.0,5.75523405114186,640000.0,760000.0,3,11593.22033898305,True,False,True,0,1.0675675675675675
MLC-2092619951,1.0,0,1,1,True,747.5,747.5,4.0,3.0,3.0,0.0,1.0,0.0,0.0,0.0,0.0,0.0,0.0,45.0,45.0,1.0,70000.0,0.0,0.0,0.0,1.0,1.0,13.0,6636.0,4.0,2317.0,1552.0,99.9999999999999,430000.0,500000.0,2,12755.102040816326,True,False,False,0,1.0
MLC-4188278512,3.0,1,3,25,True,814.8,814.8,5.0,4.0,2.0,0.0,0.0,1.0,2.0,1.0,0.0,0.0,0.0,125.6,117.6,1.0,145000.0,0.0,0.0,0.0,1.0,1.0,6.0,5492.0,1.0,2073.0,1418.0,100.0,630000.0,775000.0,2,12500.0,True,False,False,0,1.0680272108843538
MLC-4188420384,1.0,0,1,18,True,361.1,361.1,5.0,0.0,2.0,2.0,1.0,5.0,5.0,1.0,0.0,0.0,0.0,33.0,37.6,1.0,92000.0,0.0,0.0,0.0,1.0,1.0,8.0,3511.0,1.0,1254.0,785.0,100.0,350000.0,442000.0,2,11851.851851851852,True,False,False,0,0.8776595744680851
MLC-4188215456,2.0,1,3,17,True,434.0,434.0,5.0,3.0,3.0,4.0,1.0,2.0,5.0,2.0,0.0,5.0,0.0,95.0,95.0,0.0,50000.0,0.0,0.0,0.0,1.0,0.0,1.0,6318.0,3.0,1035.0,677.0,100.0,690000.0,740000.0,2,11718.75,True,False,False,0,1.0
MLC-4139156720,1.0,1,2,17,True,987.5,987.5,5.0,0.0,2.0,0.0,3.0,0.0,0.0,0.0,0.0,0.0,0.0,40.0,38.0,0.0,70000.0,0.0,1.0,0.0,1.0,1.0,6.0,5941.0,2.0,3137.0,1891.0,100.0,480000.0,550000.0,2,11175.793833410033,True,False,False,0,1.0526315789473684
MLC-4188215294,1.0,0,1,5,False,1329.5,1329.5,5.0,1.0,2.0,0.0,1.0,2.0,0.0,0.0,0.0,0.0,0.0,35.0,35.0,0.0,50000.0,0.0,0.0,0.0,1.0,1.0,7.0,6691.0,4.0,2810.0,1764.0,100.0,395000.0,445000.0,4,12243.42105263158,True,False,False,0,1.0
MLC-4188421964,2.0,1,2,8,True,3899.8,3899.8,3.0,0.0,0.0,0.0,1.0,0.0,0.0,0.0,0.0,0.0,0.0,66.0,61.0,1.0,100000.0,1.0,0.0,0.0,1.0,1.0,1.0,6684.0,4.0,6833.0,3079.0,90.5171296845883,650000.0,750000.0,4,12295.081967213115,True,False,False,0,1.0819672131147542
MLC-4188421840,1.0,0,1,1,True,3240.9,3240.9,5.0,0.0,2.0,0.0,4.0,2.0,1.0,0.0,0.0,0.0,0.0,33.0,37.6,1.0,60000.0,0.0,0.0,0.0,1.0,1.0,2.0,6571.0,4.0,1072.0,625.0,89.9626305483346,390000.0,450000.0,0,10980.172689478733,True,False,False,0,0.8776595744680851
MLC-4188422966,2.0,1,2,9,True,782.1,782.1,5.0,5.0,3.0,2.0,2.0,3.0,5.0,1.0,0.0,5.0,0.0,63.0,60.0,0.0,85000.0,0.0,0.0,0.0,1.0,1.0,13.0,5492.0,1.0,2073.0,1418.0,100.0,650000.0,735000.0,2,12200.0,True,False,False,0,1.05
MLC-4188424134,1.0,1,2,0,True,5167.9,5167.9,0.0,0.0,0.0,0.0,0.0,0.0,0.0,0.0,0.0,0.0,0.0,50.0,50.0,0.0,27000.0,1.0,0.0,0.0,1.0,0.0,5.0,6409.0,4.0,6576.0,3080.0,94.3101149608368,500000.0,527000.0,0,9423.076923076924,True,False,False,0,1.0
MLC-4188215344,2.0,2,2,1,True,2337.9,4967.7,0.0,0.0,0.0,0.0,0.0,0.0,0.0,0.0,0.0,0.0,0.0,81.0,81.0,1.0,100000.0,0.0,1.0,0.0,1.0,1.0,6.0,6748.0,4.0,2908.0,1351.0,5.75523405114186,750000.0,850000.0,3,12285.714285714286,True,False,True,0,1.0
MLC-2063352103,1.0,1,1,8,True,6171.3,6627.8,2.0,0.0,0.0,0.0,0.0,0.0,0.0,0.0,0.0,0.0,0.0,34.0,30.0,0.0,42000.0,0.0,0.0,0.0,1.0,1.0,2.0,6682.0,4.0,4021.0,1996.0,65.5175717706704,400000.0,442000.0,1,12500.0,True,True,False,0,1.1333333333333333
MLC-2063375099,1.0,1,3,0,False,672.8,12448.3,0.0,0.0,0.0,0.0,0.0,0.0,0.0,0.0,0.0,0.0,0.0,65.0,65.0,0.0,10000.0,0.0,0.0,0.0,0.0,0.0,1.0,6354.0,4.0,858.0,488.0,100.0,400000.0,410000.0,4,7434.971531315552,True,True,False,0,1.0
MLC-2063377355,2.0,2,2,0,True,900.0,4527.0,5.0,0.0,3.0,0.0,2.0,0.0,1.0,0.0,0.0,0.0,0.0,83.0,66.0,1.0,150000.0,0.0,0.0,0.0,1.0,1.0,12.0,5879.0,4.0,12234.0,5977.0,80.4354882614475,850000.0,1000000.0,0,13402.636916835701,True,False,True,0,1.2575757575757576
MLC-2091479281,2.0,1,3,16,True,3996.5,3996.5,5.0,2.0,0.0,0.0,1.0,2.0,1.0,0.0,1.0,0.0,0.0,84.0,84.0,1.0,150000.0,0.0,0.0,0.0,1.0,1.0,1.0,6684.0,4.0,6833.0,3079.0,90.5171296845883,850000.0,1000000.0,4,12295.081967213115,True,False,False,1,1.0
MLC-4191175758,2.0,1,3,0,True,5171.0,5171.0,5.0,1.0,0.0,0.0,2.0,1.0,0.0,0.0,0.0,0.0,0.0,72.0,68.0,0.0,90000.0,1.0,1.0,0.0,1.0,0.0,1.0,6684.0,4.0,6833.0,3079.0,90.5171296845883,560000.0,650000.0,4,10142.857142857143,True,False,False,0,1.0588235294117647
MLC-4191179574,1.0,1,1,0,True,1946.4,5741.3,5.0,1.0,2.0,0.0,4.0,1.0,0.0,0.0,0.0,0.0,0.0,49.0,41.0,1.0,0.0,0.0,0.0,0.0,1.0,1.0,10.0,4433.0,3.0,20174.0,9883.0,82.4572189855629,650000.0,650000.0,4,10793.650793650793,True,False,True,0,1.1951219512195121
MLC-4191180268,2.0,1,2,7,True,1085.0,5073.4,2.0,0.0,1.0,0.0,0.0,1.0,0.0,0.0,0.0,0.0,0.0,58.0,70.0,1.0,85000.0,0.0,0.0,0.0,1.0,1.0,5.0,4433.0,3.0,20174.0,9883.0,82.4572189855629,590000.0,675000.0,4,10454.545454545454,True,False,True,0,0.8285714285714286
MLC-2063382627,2.0,1,2,5,True,3221.5,4548.7,0.0,0.0,0.0,0.0,0.0,0.0,0.0,0.0,0.0,0.0,0.0,60.0,64.0,0.0,90000.0,0.0,1.0,0.0,1.0,0.0,1.0,5933.0,4.0,1180.0,720.0,100.0,600000.0,690000.0,4,10488.636363636364,True,True,False,0,0.9375
MLC-2092620383,2.0,1,2,10,True,1364.3,1364.3,5.0,0.0,2.0,0.0,1.0,0.0,1.0,0.0,0.0,0.0,0.0,60.0,60.0,0.0,65000.0,1.0,0.0,0.0,1.0,1.0,1.0,5666.0,2.0,2051.0,1108.0,100.0,680000.0,745000.0,4,10239.361702127659,True,False,False,1,1.0
MLC-4191760318,1.0,1,1,6,True,1601.3,1601.3,0.0,0.0,0.0,0.0,0.0,0.0,0.0,0.0,0.0,0.0,0.0,33.1,37.9,1.0,95000.0,1.0,0.0,0.0,1.0,1.0,12.0,6382.0,3.0,2472.0,1579.0,44.7477970543667,580000.0,675000.0,4,11829.532604598568,True,False,False,0,0.8733509234828497
MLC-2063358649,1.0,1,1,13,True,4785.8,4785.8,5.0,1.0,0.0,0.0,2.0,0.0,0.0,0.0,0.0,0.0,0.0,43.0,43.0,1.0,65000.0,0.0,1.0,0.0,1.0,1.0,6.0,6282.0,3.0,12506.0,6078.0,99.9999999999999,450000.0,515000.0,4,10582.52427184466,True,False,False,0,1.0
MLC-4191823008,1.0,1,1,10,True,3180.7,3180.7,5.0,0.0,0.0,0.0,1.0,0.0,0.0,0.0,0.0,0.0,0.0,32.0,31.0,0.0,50000.0,0.0,0.0,0.0,1.0,1.0,7.0,6441.0,4.0,887.0,463.0,99.6600561653695,340000.0,390000.0,0,10422.667123204898,True,False,False,0,1.032258064516129
MLC-4191182160,1.0,0,1,6,True,1256.0,1256.0,5.0,0.0,1.0,0.0,3.0,1.0,1.0,0.0,0.0,0.0,0.0,33.0,37.6,0.0,35000.0,0.0,0.0,0.0,0.0,1.0,13.0,6279.0,3.0,2598.0,1648.0,100.0,350000.0,385000.0,2,12333.333333333334,True,False,False,0,0.8776595744680851
MLC-2063357523,1.0,0,1,0,True,1294.9,1294.9,5.0,2.0,1.0,1.0,0.0,0.0,0.0,0.0,0.0,2.0,0.0,50.0,50.0,0.0,40000.0,0.0,0.0,0.0,1.0,1.0,5.0,6382.0,3.0,2472.0,1579.0,44.7477970543667,420000.0,460000.0,4,12361.111111111111,True,False,False,0,1.0
MLC-4191178392,1.0,0,2,6,True,4707.8,4707.8,4.0,0.0,0.0,0.0,0.0,0.0,1.0,0.0,0.0,0.0,0.0,58.0,60.0,0.0,40000.0,1.0,0.0,0.0,1.0,0.0,4.0,6409.0,4.0,6576.0,3080.0,94.3101149608368,580000.0,620000.0,0,9144.84126984127,True,False,False,1,0.9666666666666667
MLC-4191759082,2.0,1,2,0,False,1386.3,1386.3,1.0,2.0,3.0,0.0,0.0,0.0,0.0,0.0,0.0,0.0,0.0,52.0,52.0,1.0,95000.0,0.0,0.0,0.0,0.0,0.0,1.0,4687.0,1.0,2156.0,1177.0,57.9263203269884,650000.0,745000.0,2,13157.894736842105,True,False,False,0,1.0
MLC-2063338535,2.0,0,2,0,False,863.7,863.7,5.0,5.0,1.0,1.0,1.0,2.0,2.0,1.0,0.0,4.0,0.0,43.0,43.0,0.0,70000.0,0.0,0.0,0.0,1.0,1.0,2.0,6636.0,4.0,2317.0,1552.0,99.9999999999999,500000.0,570000.0,2,12228.132387706857,True,False,False,0,1.0
MLC-2063352617,1.0,0,1,5,True,1436.2,1436.2,5.0,2.0,3.0,1.0,1.0,2.0,1.0,0.0,1.0,2.0,0.0,40.0,37.0,1.0,65000.0,1.0,0.0,0.0,1.0,1.0,8.0,6382.0,3.0,2472.0,1579.0,44.7477970543667,400000.0,465000.0,4,12110.817941952508,True,False,False,0,1.0810810810810811
MLC-4247389054,2.0,1,2,10,True,1123.1,1123.1,5.0,3.0,1.0,0.0,0.0,0.0,2.0,0.0,0.0,4.0,0.0,60.0,57.0,1.0,80000.0,1.0,0.0,0.0,1.0,1.0,1.0,6382.0,3.0,2472.0,1579.0,44.7477970543667,585000.0,665000.0,4,11873.35092348285,True,False,False,0,1.0526315789473684
MLC-4191865016,1.0,1,1,8,True,6171.3,6627.8,2.0,0.0,0.0,0.0,0.0,0.0,0.0,0.0,0.0,0.0,0.0,34.0,30.0,0.0,42000.0,0.0,0.0,0.0,1.0,1.0,2.0,6682.0,4.0,4021.0,1996.0,65.5175717706704,400000.0,442000.0,1,12500.0,True,True,False,0,1.1333333333333333
MLC-4191864354,2.0,2,2,7,True,1847.8,1847.8,0.0,0.0,0.0,0.0,0.0,0.0,0.0,0.0,0.0,0.0,0.0,53.0,53.0,0.0,80000.0,1.0,0.0,0.0,1.0,1.0,1.0,4687.0,1.0,2156.0,1177.0,57.9263203269884,515000.0,595000.0,2,12959.25925925926,True,False,False,0,1.0
MLC-2063357285,2.0,1,2,47,True,555.1,555.1,5.0,1.0,2.0,0.0,0.0,5.0,3.0,0.0,0.0,0.0,0.0,56.7,55.0,0.0,120000.0,0.0,0.0,0.0,1.0,1.0,1.0,4644.0,1.0,2739.0,1645.0,100.0,630000.0,750000.0,2,12347.540983606557,True,False,False,1,1.030909090909091
MLC-2063382349,1.0,0,1,6,True,751.5,751.5,5.0,5.0,1.0,1.0,1.0,1.0,2.0,1.0,0.0,5.0,0.0,33.5,32.0,0.0,57000.0,0.0,0.0,0.0,0.0,1.0,1.0,6768.0,4.0,1656.0,1111.0,100.0,390000.0,447000.0,2,11777.777777777777,True,False,False,0,1.046875
MLC-4191173426,1.0,0,1,7,True,975.0,975.0,5.0,5.0,2.0,2.0,1.0,2.0,3.0,0.0,2.0,4.0,0.0,40.0,40.0,0.0,70000.0,0.0,0.0,0.0,1.0,1.0,15.0,5492.0,1.0,2073.0,1418.0,100.0,430000.0,500000.0,2,11612.90322580645,True,False,False,0,1.0
MLC-4134715490,1.0,1,1,3,True,2650.5,2650.5,5.0,0.0,1.0,0.0,3.0,2.0,0.0,0.0,0.0,1.0,0.0,31.0,37.9,0.0,60000.0,0.0,0.0,0.0,1.0,1.0,1.0,5455.0,1.0,10400.0,5578.0,70.0075532601241,550000.0,610000.0,0,11016.949152542373,True,False,False,0,0.8179419525065963
MLC-4142631500,2.0,2,3,2,True,559.1,4484.2,0.0,0.0,0.0,0.0,0.0,0.0,0.0,0.0,0.0,0.0,0.0,98.0,101.0,2.0,150000.0,1.0,0.0,0.0,1.0,1.0,1.0,5879.0,4.0,12234.0,5977.0,80.4354882614475,950000.0,1100000.0,0,10916.17933723197,True,False,True,0,0.9702970297029703
MLC-4191849150,2.0,1,2,8,True,1600.1,3013.4,4.0,0.0,0.0,0.0,0.0,0.0,0.0,0.0,0.0,0.0,0.0,51.0,49.0,0.0,90000.0,1.0,0.0,0.0,1.0,1.0,9.0,5879.0,4.0,12234.0,5977.0,80.4354882614475,600000.0,690000.0,0,10166.666666666666,True,False,True,1,1.0408163265306123
MLC-4191760382,3.0,1,3,34,True,6538.0,5053.9,5.0,0.0,0.0,0.0,0.0,0.0,0.0,0.0,0.0,0.0,0.0,115.0,113.0,1.0,200000.0,0.0,0.0,0.0,1.0,1.0,1.0,6624.0,4.0,1277.0,600.0,16.149253186174,750000.0,950000.0,1,8849.557522123894,True,True,False,0,1.0176991150442478
MLC-4191870354,1.0,1,2,0,True,6876.4,5718.0,5.0,0.0,0.0,2.0,0.0,0.0,0.0,1.0,0.0,0.0,0.0,50.0,50.0,0.0,0.0,1.0,0.0,0.0,1.0,0.0,1.0,6375.0,4.0,4591.0,2555.0,80.1239481965662,450000.0,450000.0,1,9329.62962962963,True,True,False,0,1.0
MLC-4191185048,1.0,1,1,8,True,2034.9,6114.4,5.0,0.0,0.0,0.0,0.0,0.0,0.0,0.0,0.0,1.0,1.0,53.0,45.0,1.0,60000.0,0.0,1.0,0.0,0.0,1.0,12.0,4433.0,3.0,20174.0,9883.0,82.4572189855629,370000.0,430000.0,4,11400.0,False,False,True,0,1.1777777777777778
MLC-4191871316,2.0,1,2,0,True,5415.1,9122.0,1.0,0.0,0.0,0.0,0.0,0.0,0.0,0.0,0.0,0.0,0.0,60.0,60.0,0.0,0.0,1.0,0.0,0.0,1.0,0.0,1.0,4426.0,2.0,23629.0,10635.0,64.8623594811321,500000.0,500000.0,0,8333.333333333334,True,False,True,1,1.0
MLC-4135248968,1.0,1,1,7,True,4709.6,4709.6,5.0,0.0,0.0,0.0,0.0,0.0,0.0,0.0,0.0,0.0,0.0,40.0,40.0,1.0,0.0,1.0,0.0,0.0,1.0,1.0,5.0,6282.0,3.0,12506.0,6078.0,99.9999999999999,450000.0,450000.0,4,10582.52427184466,True,False,False,0,1.0
MLC-4250605362,1.0,1,3,20,True,1558.1,1558.1,5.0,2.0,1.0,0.0,5.0,1.0,0.0,0.0,0.0,0.0,0.0,65.0,52.0,0.0,50000.0,1.0,0.0,0.0,1.0,0.0,14.0,6304.0,3.0,4026.0,2134.0,100.0,450000.0,500000.0,1,10344.827586206897,True,False,False,0,1.25
MLC-2064053539,2.0,1,2,0,False,630.1,630.1,5.0,5.0,3.0,5.0,1.0,1.0,2.0,1.0,0.0,5.0,0.0,56.0,56.0,1.0,135000.0,0.0,0.0,0.0,0.0,1.0,7.0,6768.0,4.0,1656.0,1111.0,100.0,490000.0,625000.0,2,11777.777777777777,True,False,False,0,1.0
MLC-4191872020,1.0,1,1,8,True,6171.3,6627.8,2.0,0.0,0.0,0.0,0.0,0.0,0.0,0.0,0.0,0.0,0.0,34.0,30.0,0.0,42000.0,0.0,0.0,0.0,1.0,1.0,2.0,6682.0,4.0,4021.0,1996.0,65.5175717706704,400000.0,442000.0,1,12500.0,True,True,False,0,1.1333333333333333
MLC-4191871654,1.0,1,3,36,False,3642.2,7799.6,5.0,2.0,0.0,1.0,3.0,1.0,0.0,0.0,0.0,0.0,1.0,45.0,45.0,0.0,30000.0,0.0,0.0,0.0,1.0,0.0,4.0,1859.0,2.0,27535.0,12357.0,68.1398650783455,350000.0,380000.0,0,7667.924528301886,True,False,True,0,1.0
MLC-4191770048,2.0,1,2,5,False,476.7,476.7,5.0,5.0,3.0,5.0,1.0,1.0,5.0,1.0,0.0,5.0,0.0,66.0,61.0,1.0,130000.0,1.0,0.0,0.0,1.0,0.0,16.0,6318.0,3.0,1035.0,677.0,100.0,650000.0,780000.0,2,11692.307692307691,True,False,False,0,1.0819672131147542
MLC-4191872056,1.0,0,3,12,True,4319.3,4319.3,0.0,0.0,0.0,0.0,0.0,0.0,0.0,0.0,0.0,0.0,0.0,54.0,54.0,0.0,0.0,0.0,0.0,0.0,1.0,0.0,4.0,5569.0,2.0,8881.0,4312.0,47.4765461690525,450000.0,450000.0,0,8611.111111111111,True,False,False,0,1.0
MLC-2064054553,1.0,1,1,16,False,3820.4,3820.4,5.0,2.0,0.0,0.0,1.0,1.0,1.0,0.0,0.0,0.0,0.0,58.0,58.0,0.0,80000.0,1.0,0.0,0.0,1.0,1.0,2.0,6684.0,4.0,6833.0,3079.0,90.5171296845883,750000.0,830000.0,4,11333.333333333334,True,False,False,1,1.0
MLC-4135249078,1.0,1,1,18,True,2161.8,5420.2,0.0,0.0,0.0,0.0,0.0,0.0,0.0,0.0,0.0,0.0,0.0,47.0,47.0,1.0,97000.0,1.0,1.0,0.0,1.0,1.0,2.0,6748.0,4.0,2908.0,1351.0,5.75523405114186,490000.0,587000.0,3,11911.764705882353,True,False,True,0,1.0
MLC-4191770132,2.0,1,3,3,True,705.0,705.0,5.0,5.0,2.0,2.0,0.0,2.0,2.0,0.0,0.0,3.0,0.0,85.0,85.0,0.0,100000.0,0.0,1.0,0.0,0.0,1.0,23.0,6636.0,4.0,2317.0,1552.0,99.9999999999999,950000.0,1050000.0,2,12754.19587334934,True,False,False,1,1.0
MLC-2064050749,1.0,0,2,5,True,822.4,822.4,5.0,4.0,1.0,1.0,1.0,2.0,1.0,1.0,0.0,0.0,0.0,48.3,52.4,0.0,70000.0,0.0,0.0,0.0,1.0,1.0,11.0,5492.0,1.0,2073.0,1418.0,100.0,520000.0,590000.0,2,12400.0,True,False,False,0,0.9217557251908397
MLC-2063374883,2.0,0,3,6,True,1069.8,1069.8,5.0,4.0,1.0,1.0,0.0,1.0,2.0,1.0,1.0,4.0,0.0,65.0,65.0,0.0,0.0,1.0,0.0,0.0,0.0,0.0,1.0,5492.0,1.0,2073.0,1418.0,100.0,490000.0,490000.0,4,11777.777777777777,True,False,False,0,1.0
MLC-4191862746,2.0,0,2,1,True,733.8,733.8,5.0,5.0,5.0,3.0,2.0,1.0,5.0,0.0,0.0,3.0,0.0,52.0,52.0,0.0,50000.0,0.0,0.0,0.0,0.0,0.0,1.0,6636.0,4.0,2317.0,1552.0,99.9999999999999,560000.0,610000.0,2,12735.849056603774,True,False,False,0,1.0
MLC-2091972883,1.0,0,2,15,True,767.1,767.1,5.0,0.0,2.0,1.0,2.0,1.0,1.0,0.0,0.0,1.0,1.0,48.0,46.0,0.0,0.0,1.0,0.0,0.0,1.0,1.0,8.0,3967.0,1.0,2152.0,1148.0,50.505791961991,500000.0,500000.0,2,11345.646437994723,True,False,False,0,1.0434782608695652
MLC-4195736470,2.0,1,2,2,True,742.9,742.9,5.0,5.0,5.0,3.0,3.0,2.0,5.0,0.0,0.0,3.0,0.0,59.0,59.0,0.0,125000.0,1.0,0.0,0.0,1.0,1.0,6.0,6636.0,4.0,2317.0,1552.0,99.9999999999999,650000.0,775000.0,2,12753.289705882353,True,False,False,0,1.0
MLC-4196457372,1.0,1,3,0,True,5167.9,5167.9,0.0,0.0,0.0,0.0,0.0,0.0,0.0,0.0,0.0,0.0,0.0,56.0,56.0,0.0,0.0,0.0,0.0,0.0,0.0,0.0,1.0,6409.0,4.0,6576.0,3080.0,94.3101149608368,610000.0,610000.0,0,9423.076923076924,True,False,False,0,1.0
MLC-2092406867,1.0,0,1,0,False,827.4,827.4,5.0,4.0,2.0,0.0,0.0,0.0,1.0,0.0,0.0,0.0,0.0,33.0,37.9,0.0,80000.0,1.0,0.0,0.0,1.0,1.0,17.0,6178.0,3.0,2620.0,1658.0,100.0,430000.0,510000.0,2,12500.0,True,False,False,0,0.870712401055409
MLC-2066645601,1.0,0,2,1,True,559.2,4484.2,0.0,0.0,0.0,0.0,0.0,0.0,0.0,0.0,0.0,0.0,0.0,49.0,47.0,0.0,60000.0,1.0,1.0,0.0,1.0,1.0,5.0,5879.0,4.0,12234.0,5977.0,80.4354882614475,500000.0,560000.0,0,10891.089108910892,True,False,True,0,1.0425531914893618
MLC-2066886315,1.0,0,1,9,False,2962.7,2962.7,5.0,0.0,1.0,0.0,2.0,3.0,1.0,0.0,0.0,0.0,0.0,45.0,45.0,1.0,57000.0,0.0,0.0,0.0,1.0,1.0,14.0,5455.0,1.0,10400.0,5578.0,70.0075532601241,350000.0,407000.0,0,10738.831615120274,True,False,False,0,1.0
MLC-4247982896,2.0,1,2,6,True,1014.9,1014.9,5.0,1.0,1.0,1.0,0.0,1.0,0.0,0.0,0.0,1.0,1.0,56.0,47.0,0.0,60000.0,0.0,1.0,0.0,1.0,1.0,1.0,4889.0,1.0,6948.0,3534.0,56.3609274194969,500000.0,560000.0,2,10450.657894736843,True,False,False,0,1.1914893617021276
MLC-4179311956,2.0,1,2,0,True,2216.3,13799.1,5.0,2.0,1.0,0.0,0.0,3.0,0.0,0.0,0.0,0.0,0.0,45.0,45.0,0.0,45000.0,0.0,1.0,0.0,0.0,0.0,2.0,5136.0,2.0,13939.0,6879.0,81.3670347779654,380000.0,425000.0,0,8530.884808013356,True,True,False,0,1.0
MLC-2066643947,1.0,1,3,0,True,3310.1,3310.1,5.0,0.0,2.0,0.0,2.0,1.0,1.0,0.0,0.0,0.0,0.0,70.0,70.0,0.0,70000.0,0.0,0.0,0.0,0.0,0.0,1.0,6571.0,4.0,1072.0,625.0,89.9626305483346,500000.0,570000.0,0,11836.734693877552,True,False,False,0,1.0
MLC-4248446064,1.0,0,1,0,False,1356.4,1356.4,5.0,1.0,2.0,0.0,1.0,2.0,1.0,0.0,0.0,0.0,0.0,40.0,37.0,0.0,50000.0,1.0,0.0,0.0,1.0,1.0,6.0,6691.0,4.0,2810.0,1764.0,100.0,450000.0,500000.0,4,12222.222222222223,True,False,False,0,1.0810810810810811
MLC-4198330002,2.0,0,3,10,True,1977.2,5188.8,0.0,0.0,0.0,0.0,0.0,0.0,0.0,0.0,0.0,0.0,0.0,70.0,70.0,0.0,90000.0,1.0,1.0,0.0,1.0,1.0,1.0,6748.0,4.0,2908.0,1351.0,5.75523405114186,630000.0,720000.0,3,11937.5,True,False,True,0,1.0
MLC-4198494684,2.0,2,3,8,True,1899.6,5495.6,0.0,0.0,0.0,0.0,0.0,0.0,0.0,0.0,0.0,0.0,0.0,120.0,120.0,1.0,240000.0,0.0,1.0,0.0,1.0,1.0,8.0,6748.0,4.0,2908.0,1351.0,5.75523405114186,1203206.7,1443206.7,3,12238.805970149253,True,False,True,0,1.0
MLC-4198329988,2.0,1,2,47,True,555.1,555.1,5.0,1.0,2.0,0.0,0.0,5.0,3.0,0.0,0.0,0.0,0.0,56.7,55.0,0.0,120000.0,0.0,0.0,0.0,1.0,1.0,1.0,4644.0,1.0,2739.0,1645.0,100.0,630000.0,750000.0,2,12347.540983606557,True,False,False,1,1.030909090909091
MLC-4198200650,1.0,0,1,6,True,751.5,751.5,5.0,5.0,1.0,1.0,1.0,1.0,2.0,1.0,0.0,5.0,0.0,33.5,32.0,0.0,57000.0,0.0,0.0,0.0,1.0,1.0,1.0,6768.0,4.0,1656.0,1111.0,100.0,390000.0,447000.0,2,11777.777777777777,True,False,False,0,1.046875
MLC-4182751498,2.0,0,2,64,False,449.3,449.3,5.0,4.0,3.0,4.0,1.0,2.0,5.0,2.0,0.0,5.0,0.0,96.0,96.0,0.0,73000.0,0.0,0.0,0.0,0.0,0.0,2.0,6318.0,3.0,1035.0,677.0,100.0,500000.0,573000.0,2,11718.75,True,False,False,0,1.0
MLC-2092412135,2.0,0,2,0,True,329.7,4198.5,2.0,0.0,0.0,0.0,2.0,0.0,2.0,0.0,0.0,0.0,0.0,65.0,65.0,0.0,80000.0,0.0,0.0,0.0,1.0,1.0,4.0,5879.0,4.0,12234.0,5977.0,80.4354882614475,550000.0,630000.0,0,11307.692307692309,True,False,True,0,1.0
MLC-4198328714,1.0,1,1,6,False,3414.3,3414.3,5.0,0.0,0.0,1.0,0.0,2.0,0.0,0.0,0.0,0.0,0.0,49.0,49.0,0.0,0.0,0.0,0.0,0.0,1.0,1.0,1.0,6684.0,4.0,6833.0,3079.0,90.5171296845883,500000.0,500000.0,4,10204.081632653062,True,False,False,0,1.0
MLC-4198330266,2.0,1,2,0,True,1373.8,1373.8,5.0,1.0,2.0,0.0,1.0,2.0,0.0,0.0,0.0,0.0,0.0,62.0,60.0,1.0,70000.0,0.0,0.0,0.0,0.0,0.0,1.0,6691.0,4.0,2810.0,1764.0,100.0,550000.0,620000.0,4,12182.539682539682,True,False,False,0,1.0333333333333334
MLC-4198327428,1.0,1,2,6,True,3885.8,3885.8,5.0,0.0,1.0,0.0,0.0,0.0,0.0,0.0,0.0,0.0,0.0,58.0,63.0,0.0,0.0,0.0,0.0,0.0,1.0,0.0,1.0,6324.0,3.0,3689.0,1875.0,97.5302584398257,515000.0,515000.0,0,8583.333333333334,True,False,False,0,0.9206349206349206
MLC-4201747552,1.0,1,1,10,True,732.5,732.5,5.0,0.0,4.0,1.0,2.0,1.0,2.0,0.0,0.0,3.0,1.0,30.0,30.0,1.0,97000.0,0.0,0.0,0.0,1.0,1.0,1.0,3967.0,1.0,2152.0,1148.0,50.505791961991,470000.0,567000.0,2,11277.173913043478,True,False,False,1,1.0
MLC-4182736752,1.0,0,2,0,True,1141.4,1141.4,5.0,0.0,1.0,0.0,5.0,0.0,0.0,0.0,0.0,0.0,0.0,50.0,50.0,0.0,45000.0,0.0,0.0,0.0,0.0,0.0,15.0,5752.0,2.0,3137.0,1789.0,100.0,450000.0,495000.0,2,9572.727272727272,True,False,False,0,1.0
MLC-2071209883,2.0,1,3,0,True,4825.0,4825.0,0.0,0.0,0.0,0.0,0.0,0.0,0.0,0.0,0.0,0.0,0.0,58.0,60.0,0.0,70000.0,0.0,0.0,0.0,1.0,0.0,3.0,6746.0,4.0,1359.0,578.0,0.79120010960881,550000.0,620000.0,0,10000.0,True,False,False,0,0.9666666666666667
MLC-4211502526,1.0,1,1,0,True,1946.4,5741.3,5.0,1.0,2.0,0.0,4.0,1.0,0.0,0.0,0.0,0.0,0.0,43.0,41.0,0.0,35000.0,0.0,0.0,0.0,1.0,1.0,14.0,4433.0,3.0,20174.0,9883.0,82.4572189855629,480000.0,515000.0,4,10793.650793650793,True,False,True,1,1.048780487804878
MLC-2068807455,2.0,1,2,4,True,1557.3,1557.3,5.0,1.0,0.0,1.0,1.0,3.0,0.0,0.0,0.0,1.0,0.0,56.0,51.0,1.0,70000.0,1.0,0.0,0.0,1.0,1.0,12.0,6382.0,3.0,2472.0,1579.0,44.7477970543667,620000.0,690000.0,4,12673.632218844985,True,False,False,0,1.0980392156862746
MLC-4248267446,2.0,0,2,0,False,827.4,827.4,5.0,4.0,2.0,0.0,0.0,0.0,1.0,0.0,0.0,0.0,0.0,51.0,48.0,0.0,80000.0,1.0,0.0,0.0,1.0,1.0,17.0,6178.0,3.0,2620.0,1658.0,100.0,520000.0,600000.0,2,12500.0,True,False,False,0,1.0625
MLC-2068832525,1.0,0,1,2,False,783.9,783.9,5.0,5.0,0.0,0.0,1.0,1.0,2.0,2.0,0.0,5.0,0.0,30.0,37.9,0.0,49000.0,0.0,0.0,0.0,1.0,1.0,1.0,6768.0,4.0,1656.0,1111.0,100.0,370000.0,419000.0,2,11891.891891891892,True,False,False,1,0.79155672823219
MLC-4191180326,2.0,1,2,7,True,1085.0,5073.4,2.0,0.0,1.0,0.0,0.0,1.0,0.0,0.0,0.0,0.0,0.0,70.0,63.0,0.0,85000.0,1.0,0.0,0.0,1.0,1.0,5.0,4433.0,3.0,20174.0,9883.0,82.4572189855629,590000.0,675000.0,4,10454.545454545454,True,False,True,0,1.1111111111111112
MLC-2068816023,2.0,1,3,3,True,1564.9,1564.9,5.0,1.0,3.0,0.0,1.0,2.0,0.0,0.0,0.0,0.0,0.0,102.0,97.0,2.0,135000.0,0.0,0.0,0.0,1.0,1.0,4.0,6691.0,4.0,2810.0,1764.0,100.0,645000.0,780000.0,4,12714.285714285714,True,False,False,0,1.0515463917525774
MLC-2068809619,2.0,1,2,11,True,610.9,610.9,5.0,5.0,2.0,5.0,3.0,2.0,5.0,2.0,0.0,5.0,0.0,69.0,65.0,0.0,70000.0,0.0,0.0,0.0,0.0,0.0,1.0,6768.0,4.0,1656.0,1111.0,100.0,690000.0,760000.0,2,11304.33273156506,True,False,False,0,1.0615384615384615
MLC-4247391230,1.0,1,1,5,True,7537.8,4060.3,0.0,0.0,0.0,0.0,0.0,0.0,0.0,0.0,0.0,0.0,0.0,50.0,50.0,1.0,60000.0,0.0,0.0,0.0,1.0,1.0,2.0,6624.0,4.0,1277.0,600.0,16.149253186174,521562.6,581562.6,1,8789.473684210527,True,True,False,0,1.0
MLC-2059598851,2.0,1,3,0,True,4725.4,7921.2,5.0,0.0,1.0,0.0,1.0,0.0,0.0,0.0,0.0,0.0,0.0,90.0,90.0,0.0,60000.0,1.0,0.0,0.0,1.0,0.0,2.0,6477.0,4.0,893.0,516.0,100.0,550000.0,610000.0,4,8583.333333333334,True,True,False,0,1.0
MLC-4135273548,3.0,2,4,0,True,1359.6,1359.6,2.0,1.0,1.0,0.0,0.0,0.0,0.0,0.0,0.0,0.0,0.0,139.0,139.0,1.0,400000.0,0.0,1.0,0.0,1.0,0.0,4.0,4687.0,1.0,2156.0,1177.0,57.9263203269884,950000.0,1350000.0,2,13157.894736842105,True,False,False,0,1.0
MLC-2068807895,2.0,2,2,6,True,2588.3,2588.3,5.0,0.0,1.0,0.0,0.0,1.0,0.0,0.0,0.0,0.0,0.0,80.0,80.0,1.0,120000.0,0.0,0.0,0.0,0.0,0.0,1.0,6741.0,4.0,1295.0,716.0,36.9900234018146,820000.0,940000.0,2,14291.460532325378,True,False,False,0,1.0
MLC-4182780110,2.0,1,2,2,True,1092.4,1092.4,5.0,1.0,1.0,0.0,5.0,0.0,0.0,0.0,0.0,0.0,0.0,59.0,54.0,0.0,95000.0,0.0,0.0,0.0,1.0,1.0,5.0,5941.0,2.0,3137.0,1891.0,100.0,500000.0,595000.0,2,11576.923076923076,True,False,False,0,1.0925925925925926
MLC-4201703962,2.0,1,2,0,True,4021.1,4021.1,3.0,0.0,0.0,0.0,0.0,1.0,1.0,0.0,0.0,0.0,0.0,55.0,55.0,0.0,0.0,1.0,0.0,0.0,1.0,0.0,9.0,6684.0,4.0,6833.0,3079.0,90.5171296845883,800000.0,800000.0,4,12295.081967213115,True,False,False,0,1.0
MLC-4201745154,1.0,0,1,6,True,1437.0,1437.0,5.0,1.0,1.0,2.0,0.0,1.0,0.0,0.0,0.0,1.0,0.0,33.0,37.6,0.0,35000.0,0.0,0.0,0.0,1.0,1.0,9.0,6691.0,4.0,2810.0,1764.0,100.0,360000.0,395000.0,4,12400.0,True,False,False,0,0.8776595744680851
MLC-2068844087,1.0,0,1,2,False,742.3,742.3,5.0,5.0,5.0,3.0,2.0,1.0,5.0,0.0,0.0,3.0,0.0,36.0,36.0,0.0,60000.0,0.0,0.0,0.0,1.0,1.0,9.0,6636.0,4.0,2317.0,1552.0,99.9999999999999,420000.0,480000.0,2,12735.849056603774,True,False,False,0,1.0
MLC-4201729298,1.0,1,1,16,False,677.1,677.1,5.0,0.0,4.0,1.0,0.0,5.0,0.0,0.0,0.0,0.0,0.0,48.0,48.0,0.0,0.0,0.0,0.0,0.0,0.0,0.0,2.0,4644.0,1.0,2739.0,1645.0,100.0,480000.0,480000.0,2,10950.859950859951,True,False,False,1,1.0
MLC-4135262282,1.0,1,2,10,True,2177.3,2177.3,5.0,2.0,4.0,0.0,1.0,3.0,2.0,0.0,1.0,1.0,0.0,60.0,60.0,0.0,70000.0,0.0,0.0,0.0,0.0,1.0,15.0,6715.0,4.0,2440.0,1484.0,100.0,400000.0,470000.0,4,8965.51724137931,True,False,False,0,1.0
MLC-4198201850,2.0,1,3,0,True,6727.6,5907.0,5.0,0.0,0.0,0.0,0.0,0.0,0.0,0.0,0.0,0.0,1.0,58.0,56.0,0.0,90000.0,0.0,0.0,0.0,1.0,0.0,4.0,6064.0,3.0,3245.0,1834.0,100.0,500000.0,590000.0,1,10595.443349753696,True,True,False,0,1.0357142857142858
MLC-4201744566,1.0,1,1,0,True,698.9,698.9,5.0,1.0,4.0,0.0,0.0,2.0,2.0,1.0,0.0,0.0,0.0,39.0,35.0,1.0,50000.0,1.0,0.0,0.0,1.0,0.0,5.0,4644.0,1.0,2739.0,1645.0,100.0,390000.0,440000.0,2,12234.04255319149,True,False,False,0,1.1142857142857143
MLC-4201749006,1.0,1,1,5,True,790.8,790.8,5.0,4.0,4.0,1.0,0.0,3.0,3.0,2.0,0.0,4.0,0.0,40.0,40.0,0.0,65000.0,1.0,0.0,0.0,1.0,1.0,1.0,5492.0,1.0,2073.0,1418.0,100.0,480000.0,545000.0,2,12469.512195121952,True,False,False,0,1.0
MLC-4198500040,2.0,1,3,0,True,4697.7,8767.7,0.0,0.0,0.0,0.0,0.0,0.0,0.0,0.0,0.0,0.0,0.0,57.0,57.0,0.0,60000.0,0.0,0.0,0.0,1.0,0.0,5.0,1859.0,2.0,27535.0,12357.0,68.1398650783455,600000.0,660000.0,0,6923.076923076923,True,False,True,1,1.0
MLC-4142631122,1.0,0,1,23,True,775.2,775.2,5.0,4.0,1.0,0.0,3.0,1.0,3.0,2.0,0.0,4.0,0.0,31.0,37.9,0.0,48000.0,1.0,0.0,0.0,1.0,1.0,9.0,3967.0,1.0,2152.0,1148.0,50.505791961991,450000.0,498000.0,2,11181.818181818182,True,False,False,0,0.8179419525065963
MLC-4201744108,1.0,0,2,0,True,2593.0,5131.7,3.0,0.0,0.0,0.0,0.0,0.0,0.0,0.0,0.0,0.0,0.0,50.0,50.0,0.0,50000.0,0.0,0.0,0.0,1.0,0.0,3.0,5535.0,3.0,1600.0,768.0,9.03186513678773,390000.0,440000.0,1,9259.25925925926,True,True,False,0,1.0
MLC-4201747436,2.0,1,2,5,True,3464.1,6135.4,5.0,0.0,1.0,0.0,0.0,1.0,1.0,0.0,0.0,0.0,0.0,54.0,54.0,0.0,30000.0,0.0,0.0,0.0,0.0,1.0,1.0,4924.0,2.0,16315.0,7728.0,96.1398621005236,500000.0,530000.0,4,9715.099715099715,True,True,False,1,1.0
MLC-4201741902,1.0,0,1,20,False,580.0,12687.3,5.0,0.0,1.0,0.0,1.0,0.0,0.0,0.0,0.0,0.0,0.0,47.0,47.0,0.0,21000.0,0.0,0.0,0.0,0.0,0.0,1.0,6354.0,4.0,858.0,488.0,100.0,380000.0,401000.0,4,6322.860238353196,True,True,False,1,1.0
MLC-4201709936,2.0,1,2,0,True,7550.3,10931.5,1.0,0.0,1.0,0.0,0.0,0.0,0.0,0.0,0.0,0.0,0.0,54.0,54.0,0.0,45000.0,0.0,1.0,0.0,1.0,0.0,1.0,4426.0,2.0,23629.0,10635.0,64.8623594811321,520000.0,565000.0,0,10000.0,True,False,True,0,1.0
MLC-2069550233,2.0,1,2,18,False,376.6,376.6,5.0,0.0,2.0,2.0,0.0,5.0,5.0,1.0,0.0,0.0,0.0,63.0,61.0,1.0,150000.0,0.0,0.0,0.0,1.0,0.0,1.0,3511.0,1.0,1254.0,785.0,100.0,600000.0,750000.0,2,11803.585500394012,True,False,False,0,1.0327868852459017
MLC-4202057900,1.0,0,1,0,True,688.4,3808.6,5.0,0.0,1.0,0.0,2.0,1.0,3.0,0.0,0.0,0.0,0.0,35.0,35.0,1.0,0.0,0.0,0.0,0.0,1.0,1.0,2.0,5879.0,4.0,12234.0,5977.0,80.4354882614475,400000.0,400000.0,0,11368.13186813187,True,False,True,0,1.0
MLC-4201741994,1.0,1,2,15,True,3835.5,7974.9,5.0,2.0,1.0,0.0,0.0,0.0,0.0,0.0,0.0,1.0,0.0,58.0,50.0,1.0,80000.0,0.0,0.0,0.0,1.0,1.0,6.0,1859.0,2.0,27535.0,12357.0,68.1398650783455,450000.0,530000.0,0,5019.2307692307695,True,False,True,0,1.16
MLC-4202057990,1.0,1,1,0,True,1762.2,1762.2,1.0,0.0,1.0,0.0,0.0,1.0,0.0,0.0,0.0,0.0,0.0,33.1,37.9,0.0,50000.0,0.0,0.0,0.0,1.0,1.0,11.0,5924.0,2.0,3532.0,1915.0,100.0,450000.0,500000.0,4,11477.572559366756,True,False,False,0,0.8733509234828497
MLC-4144854036,2.0,0,3,30,True,1138.5,1138.5,5.0,3.0,0.0,2.0,1.0,0.0,3.0,0.0,1.0,2.0,0.0,80.0,80.0,0.0,40000.0,0.0,0.0,0.0,1.0,0.0,5.0,4687.0,1.0,2156.0,1177.0,57.9263203269884,720000.0,760000.0,2,12000.0,True,False,False,0,1.0
MLC-4145324858,2.0,1,2,6,True,1123.1,1123.1,5.0,3.0,1.0,0.0,0.0,0.0,2.0,0.0,0.0,4.0,0.0,60.0,58.0,1.0,85000.0,1.0,0.0,0.0,1.0,1.0,17.0,6382.0,3.0,2472.0,1579.0,44.7477970543667,600000.0,685000.0,4,11873.35092348285,True,False,False,0,1.0344827586206897
MLC-4145326594,2.0,1,3,10,True,2022.4,4844.6,0.0,0.0,0.0,0.0,0.0,1.0,1.0,0.0,0.0,0.0,0.0,75.0,75.0,1.0,90000.0,1.0,1.0,0.0,1.0,1.0,6.0,6748.0,4.0,2908.0,1351.0,5.75523405114186,650000.0,740000.0,3,11473.069435431538,True,False,True,0,1.0
MLC-4145401604,1.0,0,1,15,True,497.5,497.5,5.0,5.0,3.0,4.0,1.0,2.0,5.0,1.0,0.0,5.0,0.0,33.0,33.0,0.0,50000.0,0.0,0.0,0.0,1.0,1.0,12.0,6318.0,3.0,1035.0,677.0,100.0,380000.0,430000.0,2,11379.310344827587,True,False,False,0,1.0
MLC-2069470641,1.0,0,1,2,False,742.3,742.3,5.0,5.0,5.0,3.0,2.0,1.0,5.0,0.0,0.0,3.0,0.0,36.0,36.0,0.0,80000.0,0.0,0.0,0.0,1.0,1.0,9.0,6636.0,4.0,2317.0,1552.0,99.9999999999999,420000.0,500000.0,2,12735.849056603774,True,False,False,0,1.0
MLC-2049080257,1.0,1,3,7,True,2636.7,8956.9,5.0,2.0,3.0,0.0,1.0,0.0,0.0,0.0,0.0,0.0,0.0,56.0,56.0,0.0,40000.0,1.0,0.0,0.0,1.0,0.0,3.0,5342.0,3.0,2386.0,1215.0,18.5074470416839,490000.0,530000.0,0,9074.074074074075,True,True,False,0,1.0
MLC-2069550663,1.0,0,1,1,True,758.0,758.0,5.0,0.0,4.0,0.0,1.0,0.0,0.0,0.0,0.0,0.0,0.0,37.0,37.0,0.0,50000.0,0.0,0.0,0.0,0.0,1.0,9.0,4644.0,1.0,2739.0,1645.0,100.0,330000.0,380000.0,2,11247.208931419456,True,False,False,0,1.0
MLC-2070935069,1.0,1,2,6,False,4714.2,8779.5,0.0,0.0,0.0,0.0,0.0,0.0,0.0,0.0,0.0,0.0,0.0,70.0,65.0,0.0,0.0,1.0,0.0,0.0,1.0,0.0,4.0,1859.0,2.0,27535.0,12357.0,68.1398650783455,400000.0,400000.0,0,7413.793103448276,True,False,True,0,1.0769230769230769
MLC-4203939878,2.0,1,3,17,True,3996.5,3996.5,5.0,2.0,0.0,0.0,1.0,2.0,1.0,0.0,1.0,0.0,0.0,75.0,73.0,1.0,150000.0,1.0,1.0,0.0,1.0,1.0,2.0,6684.0,4.0,6833.0,3079.0,90.5171296845883,1200000.0,1350000.0,4,12295.081967213115,True,False,False,1,1.0273972602739727
MLC-2069473945,1.0,1,1,0,True,2139.0,2139.0,5.0,0.0,0.0,0.0,0.0,0.0,0.0,0.0,0.0,0.0,1.0,40.0,40.0,0.0,0.0,1.0,0.0,0.0,1.0,0.0,1.0,6388.0,4.0,5415.0,2892.0,100.0,550000.0,550000.0,4,11666.666666666668,True,False,False,0,1.0
MLC-2069550225,2.0,0,2,26,True,361.1,361.1,5.0,0.0,2.0,2.0,1.0,5.0,5.0,1.0,0.0,0.0,0.0,63.0,63.0,0.0,115000.0,0.0,0.0,0.0,0.0,0.0,1.0,3511.0,1.0,1254.0,785.0,100.0,500000.0,615000.0,2,11851.851851851852,True,False,False,0,1.0
MLC-2069473473,2.0,1,2,6,True,2216.9,4937.9,0.0,0.0,0.0,0.0,0.0,0.0,0.0,0.0,0.0,0.0,0.0,67.0,67.0,1.0,110000.0,1.0,1.0,0.0,1.0,0.0,1.0,6748.0,4.0,2908.0,1351.0,5.75523405114186,600000.0,710000.0,3,11855.378281008749,True,False,True,0,1.0
MLC-2050902465,2.0,1,2,0,True,6141.6,6642.2,2.0,0.0,0.0,0.0,0.0,0.0,0.0,0.0,0.0,0.0,0.0,55.0,55.0,0.0,0.0,0.0,0.0,0.0,1.0,0.0,1.0,6682.0,4.0,4021.0,1996.0,65.5175717706704,560000.0,560000.0,1,12500.0,True,True,False,0,1.0
MLC-4203942306,1.0,1,1,0,True,973.8,973.8,5.0,5.0,1.0,2.0,1.0,2.0,2.0,0.0,1.0,2.0,0.0,43.0,43.0,1.0,80000.0,0.0,1.0,0.0,1.0,1.0,1.0,6636.0,4.0,2317.0,1552.0,99.9999999999999,520000.0,600000.0,2,12115.113211020434,True,False,False,0,1.0
MLC-4205337554,1.0,0,1,6,True,1601.8,1601.8,5.0,1.0,0.0,2.0,0.0,5.0,1.0,0.0,0.0,1.0,0.0,36.0,34.0,0.0,60000.0,0.0,0.0,0.0,1.0,1.0,2.0,6691.0,4.0,2810.0,1764.0,100.0,490000.0,550000.0,4,13026.315789473685,True,False,False,1,1.0588235294117647
MLC-2051544535,2.0,2,2,6,True,935.3,5045.5,0.0,0.0,0.0,0.0,0.0,0.0,0.0,0.0,0.0,0.0,0.0,56.0,56.0,0.0,65000.0,0.0,0.0,0.0,1.0,0.0,1.0,4433.0,3.0,20174.0,9883.0,82.4572189855629,500000.0,565000.0,4,10454.545454545454,True,False,True,0,1.0
MLC-4203942296,1.0,1,1,0,True,973.8,973.8,5.0,5.0,1.0,2.0,1.0,2.0,2.0,0.0,1.0,2.0,0.0,43.0,43.0,1.0,60000.0,0.0,1.0,0.0,1.0,1.0,1.0,6636.0,4.0,2317.0,1552.0,99.9999999999999,460000.0,520000.0,2,12185.622859709201,True,False,False,0,1.0
MLC-2070820407,1.0,1,1,8,True,6171.3,6627.8,2.0,0.0,0.0,0.0,0.0,0.0,0.0,0.0,0.0,0.0,0.0,34.0,30.0,0.0,42000.0,0.0,0.0,0.0,1.0,1.0,2.0,6682.0,4.0,4021.0,1996.0,65.5175717706704,400000.0,442000.0,1,12500.0,True,True,False,0,1.1333333333333333
MLC-2070930439,2.0,1,3,10,True,8352.8,3270.6,5.0,0.0,2.0,0.0,1.0,0.0,0.0,0.0,0.0,0.0,0.0,101.0,101.0,1.0,140000.0,1.0,1.0,0.0,1.0,1.0,18.0,6624.0,4.0,1277.0,600.0,16.149253186174,980000.0,1120000.0,1,11315.78947368421,True,True,False,0,1.0
MLC-2071199519,2.0,1,3,23,True,1341.1,10364.7,5.0,1.0,3.0,0.0,3.0,0.0,1.0,0.0,0.0,0.0,1.0,70.0,65.0,0.0,57000.0,1.0,0.0,0.0,1.0,1.0,4.0,6201.0,4.0,3828.0,1963.0,52.2534527838595,530000.0,587000.0,0,10500.0,True,True,False,0,1.0769230769230769
MLC-2053127131,2.0,0,2,2,False,1433.0,5416.0,1.0,0.0,1.0,0.0,0.0,1.0,0.0,0.0,0.0,0.0,0.0,65.0,60.0,1.0,82000.0,0.0,0.0,0.0,0.0,1.0,4.0,4433.0,3.0,20174.0,9883.0,82.4572189855629,550000.0,632000.0,4,11411.675398904503,True,False,True,0,1.0833333333333333
MLC-4205342618,1.0,0,1,4,True,1760.8,1760.8,1.0,1.0,1.0,0.0,0.0,0.0,0.0,0.0,0.0,0.0,0.0,30.0,30.0,0.0,80000.0,0.0,0.0,0.0,1.0,1.0,8.0,4687.0,1.0,2156.0,1177.0,57.9263203269884,480000.0,560000.0,2,13382.35294117647,True,False,False,1,1.0
MLC-2070820377,1.0,0,1,1,True,1144.8,1144.8,5.0,5.0,2.0,2.0,1.0,2.0,2.0,0.0,1.0,4.0,0.0,44.0,40.0,0.0,0.0,0.0,0.0,0.0,0.0,0.0,2.0,6382.0,3.0,2472.0,1579.0,44.7477970543667,440000.0,440000.0,4,11818.181818181818,True,False,False,0,1.1
MLC-2071199249,1.0,1,1,0,True,1258.0,1258.0,5.0,2.0,1.0,0.0,1.0,0.0,0.0,0.0,0.0,2.0,0.0,37.0,35.0,1.0,95000.0,0.0,0.0,0.0,1.0,1.0,1.0,6382.0,3.0,2472.0,1579.0,44.7477970543667,380000.0,475000.0,4,12159.512343358396,True,False,False,0,1.0571428571428572
MLC-4206487712,1.0,0,1,1,True,1155.7,1155.7,5.0,3.0,1.0,1.0,0.0,0.0,1.0,0.0,1.0,2.0,0.0,35.0,32.0,0.0,0.0,1.0,0.0,0.0,1.0,0.0,1.0,6382.0,3.0,2472.0,1579.0,44.7477970543667,470000.0,470000.0,4,11873.35092348285,True,False,False,0,1.09375
MLC-2071199529,1.0,0,1,1,True,1155.7,1155.7,5.0,3.0,1.0,1.0,0.0,0.0,1.0,0.0,1.0,2.0,0.0,35.0,32.0,0.0,0.0,1.0,0.0,0.0,1.0,0.0,2.0,6382.0,3.0,2472.0,1579.0,44.7477970543667,460000.0,460000.0,4,11873.35092348285,True,False,False,0,1.09375
MLC-2055413573,1.0,1,2,0,True,6884.9,5710.6,0.0,0.0,0.0,0.0,0.0,0.0,0.0,0.0,0.0,0.0,0.0,47.0,45.0,0.0,42000.0,0.0,1.0,0.0,1.0,0.0,2.0,6375.0,4.0,4591.0,2555.0,80.1239481965662,480000.0,522000.0,1,9204.097714736014,True,True,False,1,1.0444444444444445
MLC-2069474459,2.0,1,2,2,True,4584.9,4584.9,0.0,0.0,1.0,0.0,0.0,0.0,0.0,0.0,0.0,0.0,0.0,68.0,65.0,0.0,75000.0,0.0,0.0,0.0,0.0,0.0,2.0,6684.0,4.0,6833.0,3079.0,90.5171296845883,700000.0,775000.0,4,11168.384879725085,True,False,False,0,1.0461538461538462
MLC-2071199209,1.0,0,1,0,True,973.8,973.8,5.0,5.0,1.0,2.0,1.0,2.0,2.0,0.0,1.0,2.0,0.0,45.0,45.0,0.0,64000.0,1.0,0.0,0.0,1.0,1.0,1.0,6636.0,4.0,2317.0,1552.0,99.9999999999999,420000.0,484000.0,2,12185.622859709201,True,False,False,0,1.0
MLC-4206499438,2.0,0,3,2,True,1091.2,1091.2,5.0,1.0,3.0,0.0,5.0,1.0,0.0,0.0,0.0,0.0,0.0,46.5,74.7,0.0,30000.0,1.0,0.0,0.0,1.0,1.0,17.0,5941.0,2.0,3137.0,1891.0,100.0,1200000.0,1230000.0,2,10806.174957118354,True,False,False,0,0.6224899598393574
MLC-4206499334,2.0,0,2,2,True,1092.4,1092.4,5.0,1.0,1.0,0.0,5.0,0.0,0.0,0.0,0.0,0.0,0.0,59.7,58.3,0.0,30000.0,1.0,0.0,0.0,1.0,1.0,17.0,5941.0,2.0,3137.0,1891.0,100.0,900000.0,930000.0,2,11410.25641025641,True,False,False,0,1.0240137221269299
MLC-2070931405,1.0,1,3,3,True,2121.1,13706.1,5.0,0.0,1.0,0.0,0.0,2.0,0.0,0.0,0.0,0.0,0.0,60.6,59.9,0.0,0.0,0.0,1.0,0.0,1.0,0.0,5.0,5136.0,2.0,13939.0,6879.0,81.3670347779654,511000.0,511000.0,0,8530.884808013356,True,True,False,0,1.011686143572621
MLC-2070933109,1.0,1,3,3,True,2121.1,13706.1,5.0,0.0,1.0,0.0,0.0,2.0,0.0,0.0,0.0,0.0,0.0,60.6,59.9,0.0,0.0,0.0,1.0,0.0,1.0,0.0,5.0,5136.0,2.0,13939.0,6879.0,81.3670347779654,511000.0,511000.0,0,8530.884808013356,True,True,False,0,1.011686143572621
MLC-4206489914,1.0,0,1,4,True,1057.2,1057.2,5.0,5.0,2.0,1.0,1.0,2.0,3.0,0.0,1.0,4.0,0.0,33.1,37.9,0.0,45000.0,0.0,0.0,0.0,1.0,1.0,3.0,5492.0,1.0,2073.0,1418.0,100.0,470000.0,515000.0,4,11413.793103448275,True,False,False,0,0.8733509234828497
MLC-2053541731,1.0,0,1,1,True,6251.7,6538.7,5.0,1.0,0.0,0.0,0.0,0.0,0.0,0.0,0.0,0.0,0.0,41.0,39.0,0.0,65000.0,1.0,0.0,0.0,0.0,1.0,15.0,6682.0,4.0,4021.0,1996.0,65.5175717706704,530000.0,595000.0,1,12500.0,True,True,False,0,1.0512820512820513
MLC-4146248350,2.0,1,2,2,True,482.1,482.1,5.0,2.0,3.0,1.0,1.0,3.0,5.0,2.0,0.0,2.0,0.0,75.0,65.0,1.0,95000.0,0.0,0.0,0.0,1.0,1.0,11.0,3511.0,1.0,1254.0,785.0,100.0,630000.0,725000.0,2,11755.31914893617,True,False,False,0,1.1538461538461537
MLC-2070932435,2.0,1,2,6,False,1433.7,1433.7,5.0,1.0,1.0,1.0,0.0,2.0,0.0,0.0,0.0,1.0,0.0,58.0,58.0,0.0,80000.0,0.0,0.0,0.0,1.0,0.0,1.0,6382.0,3.0,2472.0,1579.0,44.7477970543667,600000.0,680000.0,4,12424.489795918367,True,False,False,0,1.0
MLC-2070931761,2.0,1,2,1,True,698.9,698.9,5.0,1.0,4.0,0.0,0.0,2.0,2.0,1.0,0.0,0.0,0.0,47.0,43.0,0.0,70000.0,0.0,0.0,0.0,1.0,1.0,13.0,4644.0,1.0,2739.0,1645.0,100.0,550000.0,620000.0,2,12234.04255319149,True,False,False,0,1.0930232558139534
MLC-4206489014,2.0,1,2,1,True,698.9,698.9,5.0,1.0,4.0,0.0,0.0,2.0,2.0,1.0,0.0,0.0,0.0,47.0,43.0,0.0,70000.0,0.0,0.0,0.0,1.0,1.0,9.0,4644.0,1.0,2739.0,1645.0,100.0,550000.0,620000.0,2,12234.04255319149,True,False,False,0,1.0930232558139534
MLC-4206489892,1.0,1,1,2,False,1487.9,1487.9,5.0,1.0,0.0,1.0,1.0,4.0,0.0,0.0,0.0,1.0,0.0,46.0,46.0,0.0,50000.0,0.0,0.0,0.0,0.0,1.0,5.0,6691.0,4.0,2810.0,1764.0,100.0,550000.0,600000.0,4,12567.567567567568,True,False,False,0,1.0
MLC-2070934071,2.0,1,3,4,True,5136.6,5136.6,5.0,1.0,0.0,0.0,1.0,1.0,0.0,0.0,0.0,0.0,0.0,70.0,70.0,0.0,70000.0,1.0,1.0,0.0,1.0,1.0,5.0,6684.0,4.0,6833.0,3079.0,90.5171296845883,670000.0,740000.0,4,10000.0,True,False,False,0,1.0
MLC-2070936405,1.0,1,3,3,True,2121.1,13706.1,5.0,0.0,1.0,0.0,0.0,2.0,0.0,0.0,0.0,0.0,0.0,60.6,59.9,0.0,0.0,0.0,1.0,0.0,1.0,0.0,5.0,5136.0,2.0,13939.0,6879.0,81.3670347779654,511000.0,511000.0,0,8530.884808013356,True,True,False,0,1.011686143572621
MLC-4068279192,2.0,1,2,0,True,733.8,733.8,5.0,5.0,5.0,3.0,2.0,1.0,5.0,0.0,0.0,3.0,0.0,60.0,58.0,0.0,60000.0,0.0,0.0,0.0,0.0,0.0,19.0,6636.0,4.0,2317.0,1552.0,99.9999999999999,700000.0,760000.0,2,12625.0,True,False,False,0,1.0344827586206897
MLC-2071207843,2.0,1,3,17,True,497.5,497.5,5.0,5.0,3.0,4.0,1.0,2.0,5.0,1.0,0.0,5.0,0.0,68.0,64.0,0.0,0.0,0.0,0.0,0.0,1.0,1.0,7.0,6318.0,3.0,1035.0,677.0,100.0,750000.0,750000.0,2,11379.310344827587,True,False,False,0,1.0625
MLC-4208892004,1.0,0,2,8,True,2744.4,2744.4,2.0,0.0,0.0,0.0,0.0,0.0,0.0,0.0,0.0,0.0,0.0,41.0,41.0,0.0,45000.0,1.0,0.0,0.0,1.0,0.0,5.0,5901.0,2.0,3835.0,2050.0,58.6173339550477,370000.0,415000.0,4,9911.111111111111,True,False,False,0,1.0
MLC-4071284198,1.0,0,1,10,True,781.1,781.1,5.0,0.0,3.0,1.0,1.0,1.0,1.0,0.0,0.0,0.0,1.0,38.0,38.0,1.0,48000.0,0.0,0.0,0.0,0.0,0.0,1.0,3967.0,1.0,2152.0,1148.0,50.505791961991,365000.0,413000.0,2,11277.173913043478,True,False,False,0,1.0
MLC-4071288374,2.0,1,3,9,False,5003.1,5003.1,5.0,1.0,0.0,0.0,1.0,1.0,0.0,0.0,0.0,0.0,0.0,70.0,70.0,1.0,120000.0,0.0,0.0,0.0,1.0,1.0,1.0,6282.0,3.0,12506.0,6078.0,99.9999999999999,650000.0,770000.0,4,10500.0,True,False,False,0,1.0
MLC-2071205937,2.0,2,2,11,True,4743.7,4743.7,5.0,2.0,0.0,0.0,3.0,0.0,0.0,0.0,0.0,0.0,0.0,65.0,60.0,1.0,110000.0,0.0,1.0,0.0,1.0,1.0,7.0,6282.0,3.0,12506.0,6078.0,99.9999999999999,520000.0,630000.0,4,11000.0,True,False,False,0,1.0833333333333333
MLC-4211821536,2.0,0,3,10,True,1977.2,5188.8,0.0,0.0,0.0,0.0,0.0,0.0,0.0,0.0,0.0,0.0,0.0,70.0,70.0,0.0,90000.0,1.0,1.0,0.0,1.0,1.0,1.0,6748.0,4.0,2908.0,1351.0,5.75523405114186,630000.0,720000.0,3,11937.5,True,False,True,0,1.0
MLC-4208892132,2.0,1,3,6,False,4665.1,4665.1,0.0,0.0,0.0,0.0,0.0,0.0,1.0,0.0,0.0,0.0,0.0,63.0,63.0,0.0,0.0,0.0,0.0,0.0,1.0,1.0,1.0,6409.0,4.0,6576.0,3080.0,94.3101149608368,550000.0,550000.0,0,9433.962264150943,True,False,False,0,1.0
MLC-4206495062,2.0,1,2,26,False,3664.7,3664.7,5.0,0.0,1.0,0.0,1.0,2.0,0.0,0.0,0.0,0.0,0.0,140.0,105.0,0.0,0.0,1.0,0.0,0.0,1.0,1.0,3.0,6684.0,4.0,6833.0,3079.0,90.5171296845883,1200000.0,1200000.0,4,12616.822429906542,True,False,False,1,1.3333333333333333
MLC-4208892858,1.0,1,2,47,True,555.1,555.1,5.0,1.0,2.0,0.0,0.0,5.0,3.0,0.0,0.0,0.0,0.0,70.0,70.0,0.0,30000.0,0.0,0.0,0.0,0.0,0.0,5.0,4644.0,1.0,2739.0,1645.0,100.0,550000.0,580000.0,2,12400.0,True,False,False,0,1.0
MLC-4206495266,2.0,1,2,1,True,733.8,733.8,5.0,5.0,5.0,3.0,2.0,1.0,5.0,0.0,0.0,3.0,0.0,60.0,58.0,1.0,85000.0,0.0,0.0,0.0,1.0,1.0,12.0,6636.0,4.0,2317.0,1552.0,99.9999999999999,700000.0,785000.0,2,12625.0,True,False,False,0,1.0344827586206897
MLC-2071206829,2.0,1,2,8,True,2068.1,2068.1,5.0,2.0,5.0,0.0,1.0,1.0,0.0,0.0,0.0,0.0,0.0,45.0,45.0,0.0,0.0,0.0,0.0,0.0,1.0,1.0,8.0,6715.0,4.0,2440.0,1484.0,100.0,620000.0,620000.0,4,11326.530612244898,True,False,False,1,1.0
MLC-4208895552,1.0,0,1,9,True,1028.9,1028.9,5.0,3.0,1.0,0.0,1.0,0.0,0.0,0.0,0.0,0.0,0.0,34.0,32.0,0.0,60000.0,0.0,0.0,0.0,1.0,1.0,3.0,6178.0,3.0,2620.0,1658.0,100.0,380000.0,440000.0,4,12000.0,True,False,False,0,1.0625
MLC-4212348824,1.0,1,2,10,True,4026.9,4026.9,3.0,0.0,0.0,0.0,0.0,1.0,1.0,0.0,0.0,0.0,0.0,45.0,45.0,0.0,0.0,1.0,1.0,0.0,1.0,1.0,1.0,6684.0,4.0,6833.0,3079.0,90.5171296845883,620000.0,620000.0,4,12295.081967213115,True,False,False,1,1.0
MLC-2073961181,2.0,1,2,0,False,662.4,3813.6,5.0,0.0,1.0,0.0,2.0,1.0,3.0,0.0,0.0,0.0,0.0,63.0,63.0,1.0,90000.0,0.0,0.0,0.0,0.0,0.0,1.0,5879.0,4.0,12234.0,5977.0,80.4354882614475,650000.0,740000.0,0,11587.301587301587,True,False,True,0,1.0
MLC-4206498586,2.0,1,2,8,True,2068.1,2068.1,5.0,2.0,5.0,0.0,1.0,1.0,0.0,0.0,0.0,0.0,0.0,58.0,58.0,1.0,0.0,0.0,0.0,0.0,0.0,0.0,8.0,6715.0,4.0,2440.0,1484.0,100.0,550000.0,550000.0,4,11326.530612244898,True,False,False,0,1.0
MLC-2070936551,2.0,1,2,7,True,1437.0,1437.0,5.0,1.0,1.0,2.0,0.0,1.0,0.0,0.0,0.0,1.0,0.0,65.0,65.0,0.0,100000.0,0.0,0.0,0.0,0.0,1.0,10.0,6691.0,4.0,2810.0,1764.0,100.0,890000.0,990000.0,4,12400.0,True,False,False,1,1.0
MLC-2071210705,2.0,1,2,0,True,872.9,872.9,5.0,1.0,1.0,0.0,0.0,0.0,2.0,0.0,0.0,0.0,0.0,55.0,55.0,0.0,0.0,0.0,0.0,0.0,1.0,0.0,8.0,6178.0,3.0,2620.0,1658.0,100.0,600000.0,600000.0,2,12450.0,True,False,False,0,1.0
MLC-4208896030,1.0,1,2,3,False,2659.3,2659.3,5.0,0.0,1.0,0.0,3.0,2.0,0.0,0.0,0.0,1.0,0.0,55.0,55.0,0.0,80000.0,0.0,0.0,0.0,1.0,0.0,4.0,5455.0,1.0,10400.0,5578.0,70.0075532601241,490000.0,570000.0,0,11526.993094789705,True,False,False,0,1.0
MLC-4078123744,1.0,0,1,0,True,4093.8,4093.8,5.0,1.0,2.0,1.0,2.0,0.0,0.0,0.0,0.0,0.0,0.0,33.1,37.9,0.0,45000.0,0.0,0.0,0.0,1.0,1.0,14.0,6324.0,3.0,3689.0,1875.0,97.5302584398257,470000.0,515000.0,0,8472.222222222223,True,False,False,1,0.8733509234828497
MLC-2072642539,2.0,0,2,3,True,705.0,705.0,5.0,5.0,2.0,2.0,0.0,2.0,2.0,0.0,0.0,3.0,0.0,55.0,50.0,1.0,0.0,0.0,0.0,0.0,0.0,0.0,1.0,6636.0,4.0,2317.0,1552.0,99.9999999999999,580000.0,580000.0,2,12754.19587334934,True,False,False,0,1.1
MLC-4209022226,2.0,1,2,0,True,329.7,4198.5,2.0,0.0,0.0,0.0,2.0,0.0,2.0,0.0,0.0,0.0,0.0,65.0,62.0,1.0,130000.0,0.0,0.0,0.0,1.0,1.0,11.0,5879.0,4.0,12234.0,5977.0,80.4354882614475,550000.0,680000.0,0,11307.692307692309,True,False,True,0,1.0483870967741935
MLC-4208896108,1.0,1,1,2,True,1427.5,5410.4,1.0,0.0,1.0,0.0,0.0,1.0,0.0,0.0,0.0,0.0,0.0,44.0,44.0,0.0,80000.0,0.0,0.0,0.0,0.0,1.0,4.0,4433.0,3.0,20174.0,9883.0,82.4572189855629,480000.0,560000.0,4,10848.748473748474,True,False,True,0,1.0
MLC-2071205941,2.0,1,2,7,False,399.9,3861.3,5.0,0.0,1.0,0.0,2.0,1.0,2.0,0.0,0.0,0.0,2.0,50.0,48.0,0.0,80000.0,0.0,0.0,0.0,1.0,1.0,4.0,5879.0,4.0,12234.0,5977.0,80.4354882614475,500000.0,580000.0,0,11746.031746031746,True,False,True,0,1.0416666666666667
MLC-4209026040,1.0,1,2,11,True,6017.9,6716.5,3.0,1.0,0.0,0.0,0.0,0.0,0.0,0.0,0.0,0.0,0.0,50.0,48.0,1.0,55000.0,0.0,1.0,0.0,1.0,0.0,2.0,6682.0,4.0,4021.0,1996.0,65.5175717706704,530000.0,585000.0,1,12500.0,True,True,False,0,1.0416666666666667
MLC-4208897284,2.0,1,2,0,True,1294.9,1294.9,5.0,2.0,1.0,1.0,0.0,0.0,0.0,0.0,0.0,2.0,0.0,68.0,68.0,0.0,0.0,0.0,0.0,0.0,1.0,0.0,1.0,6382.0,3.0,2472.0,1579.0,44.7477970543667,680000.0,680000.0,4,12361.111111111111,True,False,False,0,1.0
MLC-4209022252,2.0,2,2,6,False,1740.6,1740.6,0.0,0.0,0.0,0.0,0.0,0.0,0.0,0.0,0.0,0.0,0.0,96.0,89.0,1.0,100000.0,1.0,1.0,0.0,1.0,0.0,4.0,4889.0,1.0,6948.0,3534.0,56.3609274194969,800000.0,900000.0,2,13237.99795709908,True,False,False,0,1.0786516853932584
MLC-4211820694,2.0,1,2,10,True,1461.6,4986.5,0.0,1.0,0.0,0.0,0.0,0.0,0.0,0.0,0.0,0.0,0.0,57.5,57.0,0.0,110000.0,1.0,1.0,0.0,0.0,1.0,2.0,6748.0,4.0,2908.0,1351.0,5.75523405114186,550000.0,660000.0,3,11353.03265940902,True,False,True,0,1.0087719298245614
MLC-4208896530,2.0,1,2,8,False,2775.6,2775.6,0.0,0.0,1.0,0.0,1.0,0.0,0.0,0.0,0.0,0.0,0.0,47.0,47.0,0.0,75000.0,0.0,0.0,0.0,0.0,0.0,3.0,6304.0,3.0,4026.0,2134.0,100.0,520000.0,595000.0,4,10158.311345646438,True,False,False,0,1.0
MLC-4082800686,2.0,1,2,6,True,1946.4,5741.3,5.0,1.0,2.0,0.0,4.0,1.0,0.0,0.0,0.0,0.0,0.0,89.6,64.3,1.0,50000.0,1.0,0.0,0.0,0.0,0.0,1.0,4433.0,3.0,20174.0,9883.0,82.4572189855629,550000.0,600000.0,4,10793.650793650793,True,False,True,0,1.3934681181959565
MLC-4084872902,2.0,1,2,12,True,1877.4,5414.2,0.0,0.0,0.0,0.0,0.0,0.0,0.0,0.0,0.0,0.0,0.0,73.0,68.0,0.0,170000.0,0.0,1.0,0.0,1.0,1.0,6.0,6748.0,4.0,2908.0,1351.0,5.75523405114186,650000.0,820000.0,3,12238.805970149253,True,False,True,0,1.0735294117647058
MLC-4210798226,1.0,1,2,1,True,1939.5,1939.5,5.0,0.0,0.0,0.0,1.0,0.0,0.0,0.0,0.0,0.0,0.0,48.3,52.4,1.0,80000.0,0.0,0.0,0.0,1.0,1.0,7.0,6019.0,3.0,4332.0,2303.0,55.0392235701766,500000.0,580000.0,4,13161.290322580646,True,False,False,0,0.9217557251908397
MLC-4084964098,2.0,1,2,0,True,723.7,723.7,5.0,5.0,5.0,3.0,2.0,1.0,5.0,0.0,0.0,3.0,0.0,60.0,60.0,0.0,60000.0,0.0,0.0,0.0,1.0,1.0,14.0,6636.0,4.0,2317.0,1552.0,99.9999999999999,680000.0,740000.0,2,12744.569381243064,True,False,False,0,1.0
MLC-4209026220,1.0,1,1,0,False,2792.9,6931.4,4.0,0.0,0.0,0.0,0.0,0.0,0.0,0.0,0.0,0.0,0.0,45.0,43.0,0.0,35000.0,0.0,0.0,0.0,1.0,0.0,1.0,5385.0,3.0,323.0,156.0,19.0571301445678,480000.0,515000.0,2,10849.056603773584,True,False,True,0,1.0465116279069768
MLC-4209725270,2.0,2,3,0,False,1029.8,5009.0,5.0,0.0,3.0,0.0,1.0,3.0,0.0,0.0,0.0,0.0,0.0,119.0,119.0,1.0,140000.0,0.0,0.0,0.0,1.0,1.0,1.0,4433.0,3.0,20174.0,9883.0,82.4572189855629,1100000.0,1240000.0,4,10454.545454545454,True,False,True,0,1.0
MLC-4208897298,1.0,0,1,0,True,698.9,698.9,5.0,1.0,4.0,0.0,0.0,2.0,2.0,1.0,0.0,0.0,0.0,36.0,35.0,0.0,40000.0,0.0,0.0,0.0,1.0,1.0,5.0,4644.0,1.0,2739.0,1645.0,100.0,400000.0,440000.0,2,12234.04255319149,True,False,False,0,1.0285714285714285
MLC-4211817002,1.0,0,1,12,True,1151.4,1151.4,5.0,3.0,1.0,0.0,1.0,0.0,0.0,0.0,0.0,1.0,0.0,41.0,35.0,0.0,70000.0,1.0,0.0,0.0,1.0,1.0,5.0,6382.0,3.0,2472.0,1579.0,44.7477970543667,400000.0,470000.0,4,11920.718014932914,True,False,False,0,1.1714285714285715
MLC-4211493072,1.0,1,1,3,True,1002.3,1002.3,5.0,3.0,1.0,0.0,1.0,0.0,0.0,0.0,0.0,0.0,0.0,37.0,37.0,0.0,65000.0,0.0,0.0,0.0,1.0,1.0,12.0,5492.0,1.0,2073.0,1418.0,100.0,420000.0,485000.0,4,12089.55223880597,True,False,False,0,1.0
MLC-4085080626,2.0,1,3,15,True,1003.8,4794.1,5.0,0.0,0.0,0.0,3.0,1.0,0.0,0.0,0.0,0.0,0.0,100.0,85.0,1.0,120000.0,0.0,1.0,0.0,1.0,1.0,3.0,4433.0,3.0,20174.0,9883.0,82.4572189855629,734080.86,854080.86,4,10023.444266666665,True,False,True,0,1.1764705882352942
MLC-4209022096,2.0,0,2,2,True,1087.3,1087.3,5.0,1.0,3.0,0.0,4.0,0.0,0.0,0.0,0.0,0.0,0.0,59.7,58.3,0.0,30000.0,1.0,0.0,0.0,1.0,1.0,1.0,5941.0,2.0,3137.0,1891.0,100.0,600000.0,630000.0,2,11018.518518518518,True,False,False,0,1.0240137221269299
MLC-2072647465,1.0,0,1,15,True,361.1,361.1,5.0,0.0,2.0,2.0,1.0,5.0,5.0,1.0,0.0,0.0,0.0,33.1,37.9,1.0,95000.0,0.0,0.0,0.0,1.0,1.0,8.0,3511.0,1.0,1254.0,785.0,100.0,320000.0,415000.0,2,11851.851851851852,True,False,False,0,0.8733509234828497
MLC-4211820080,2.0,1,2,8,True,2306.7,2306.7,5.0,0.0,3.0,0.0,2.0,0.0,0.0,0.0,0.0,1.0,1.0,59.7,58.3,0.0,65000.0,0.0,0.0,0.0,1.0,1.0,1.0,6019.0,3.0,4332.0,2303.0,55.0392235701766,485000.0,550000.0,4,10259.25925925926,True,False,False,0,1.0240137221269299
MLC-4211820382,2.0,1,2,9,True,782.1,782.1,5.0,5.0,3.0,2.0,2.0,3.0,5.0,1.0,0.0,5.0,0.0,55.8,54.0,1.0,90000.0,0.0,0.0,0.0,1.0,1.0,21.0,5492.0,1.0,2073.0,1418.0,100.0,650000.0,740000.0,2,12200.0,True,False,False,0,1.0333333333333332
MLC-4211828226,2.0,1,2,8,True,4785.8,4785.8,5.0,1.0,0.0,0.0,2.0,0.0,0.0,0.0,0.0,0.0,0.0,66.4,65.0,0.0,80000.0,0.0,1.0,0.0,0.0,1.0,4.0,6282.0,3.0,12506.0,6078.0,99.9999999999999,440000.0,520000.0,4,11000.0,True,False,False,0,1.0215384615384617
MLC-4068271038,2.0,2,2,2,True,4642.7,4642.7,5.0,1.0,1.0,0.0,2.0,0.0,0.0,0.0,0.0,0.0,0.0,66.0,60.0,1.0,80000.0,1.0,0.0,0.0,1.0,1.0,1.0,6684.0,4.0,6833.0,3079.0,90.5171296845883,1000000.0,1080000.0,4,10582.52427184466,True,False,False,0,1.1
MLC-4211818274,1.0,0,1,1,True,3240.9,3240.9,5.0,0.0,2.0,0.0,4.0,2.0,1.0,0.0,0.0,0.0,0.0,33.1,37.9,0.0,35000.0,0.0,0.0,0.0,0.0,1.0,1.0,6571.0,4.0,1072.0,625.0,89.9626305483346,320000.0,355000.0,0,11042.825721309355,True,False,False,0,0.8733509234828497
MLC-4210802854,2.0,1,2,47,True,555.1,555.1,5.0,1.0,2.0,0.0,0.0,5.0,3.0,0.0,0.0,0.0,0.0,56.7,55.0,0.0,120000.0,0.0,0.0,0.0,1.0,1.0,1.0,4644.0,1.0,2739.0,1645.0,100.0,630000.0,750000.0,2,12347.540983606557,True,False,False,1,1.030909090909091
MLC-4211501450,1.0,1,1,10,True,3180.7,3180.7,5.0,0.0,0.0,0.0,1.0,0.0,0.0,0.0,0.0,0.0,0.0,32.0,31.0,0.0,50000.0,0.0,0.0,0.0,1.0,1.0,7.0,6441.0,4.0,887.0,463.0,99.6600561653695,340000.0,390000.0,0,10422.667123204898,True,False,False,0,1.032258064516129
MLC-2073930973,1.0,1,1,0,True,856.0,856.0,5.0,4.0,1.0,0.0,0.0,1.0,2.0,1.0,0.0,0.0,0.0,40.0,40.0,1.0,55000.0,1.0,0.0,0.0,1.0,1.0,1.0,5492.0,1.0,2073.0,1418.0,100.0,500000.0,555000.0,2,12500.0,True,False,False,0,1.0
MLC-4210803000,1.0,0,1,6,True,751.5,751.5,5.0,5.0,1.0,1.0,1.0,1.0,2.0,1.0,0.0,5.0,0.0,33.5,32.0,0.0,57000.0,0.0,0.0,0.0,0.0,1.0,1.0,6768.0,4.0,1656.0,1111.0,100.0,390000.0,447000.0,2,11777.777777777777,True,False,False,0,1.046875
MLC-2073934891,1.0,1,2,11,True,4019.7,8162.3,5.0,2.0,0.0,0.0,0.0,1.0,0.0,0.0,0.0,0.0,0.0,50.0,50.0,0.0,50000.0,0.0,0.0,0.0,1.0,0.0,1.0,1859.0,2.0,27535.0,12357.0,68.1398650783455,430000.0,480000.0,0,7893.786597267404,True,False,True,0,1.0
MLC-4085091224,1.0,0,1,26,True,1412.1,1412.1,1.0,3.0,3.0,0.0,0.0,0.0,0.0,0.0,0.0,0.0,0.0,33.0,33.0,0.0,80000.0,0.0,1.0,0.0,1.0,1.0,5.0,4687.0,1.0,2156.0,1177.0,57.9263203269884,489387.24,569387.24,2,13157.894736842105,True,False,False,1,1.0
MLC-4087334118,1.0,0,3,0,False,3693.0,7834.7,5.0,2.0,0.0,1.0,3.0,1.0,0.0,0.0,0.0,0.0,1.0,50.0,50.0,0.0,31500.0,0.0,0.0,0.0,1.0,0.0,5.0,1859.0,2.0,27535.0,12357.0,68.1398650783455,360000.0,391500.0,0,6785.714285714285,True,False,True,0,1.0
MLC-4211501642,1.0,0,1,6,True,1256.0,1256.0,5.0,0.0,1.0,0.0,3.0,1.0,1.0,0.0,0.0,0.0,0.0,33.1,37.9,0.0,35000.0,0.0,0.0,0.0,1.0,1.0,13.0,6279.0,3.0,2598.0,1648.0,100.0,350000.0,385000.0,2,12333.333333333334,True,False,False,0,0.8733509234828497
MLC-4212548706,1.0,1,2,2,False,2721.7,4988.8,5.0,0.0,0.0,0.0,0.0,0.0,0.0,0.0,0.0,0.0,0.0,50.0,50.0,0.0,55000.0,0.0,1.0,0.0,0.0,1.0,2.0,5933.0,4.0,1180.0,720.0,100.0,400000.0,455000.0,1,9666.666666666666,True,True,False,0,1.0
MLC-2073962453,1.0,0,1,8,True,1558.4,1558.4,5.0,0.0,0.0,2.0,1.0,3.0,0.0,0.0,0.0,1.0,0.0,33.1,37.9,1.0,35000.0,0.0,0.0,0.0,1.0,0.0,8.0,6382.0,3.0,2472.0,1579.0,44.7477970543667,330000.0,365000.0,4,13043.478260869566,True,False,False,0,0.8733509234828497
MLC-4089194680,2.0,1,2,5,True,2588.3,2588.3,5.0,0.0,1.0,0.0,0.0,1.0,0.0,0.0,0.0,0.0,0.0,65.0,65.0,1.0,120000.0,1.0,1.0,0.0,1.0,1.0,7.0,6741.0,4.0,1295.0,716.0,36.9900234018146,680000.0,800000.0,2,14291.460532325378,True,False,False,0,1.0
MLC-4091636430,1.0,0,1,6,False,421.8,421.8,5.0,5.0,3.0,3.0,1.0,5.0,5.0,3.0,0.0,4.0,0.0,35.0,35.0,0.0,28000.0,0.0,0.0,0.0,0.0,0.0,1.0,3511.0,1.0,1254.0,785.0,100.0,650000.0,678000.0,2,11158.318425760286,True,False,False,0,1.0
MLC-2074075123,2.0,1,2,4,True,4648.9,4648.9,5.0,1.0,1.0,0.0,2.0,0.0,0.0,0.0,0.0,0.0,0.0,77.0,58.2,1.0,70000.0,1.0,0.0,0.0,1.0,1.0,1.0,6684.0,4.0,6833.0,3079.0,90.5171296845883,670000.0,740000.0,4,10582.52427184466,True,False,False,0,1.3230240549828178
MLC-4212549250,1.0,1,1,10,True,775.2,775.2,5.0,4.0,1.0,0.0,3.0,1.0,3.0,2.0,0.0,4.0,0.0,35.0,35.0,1.0,60000.0,0.0,0.0,0.0,1.0,0.0,6.0,3967.0,1.0,2152.0,1148.0,50.505791961991,420000.0,480000.0,2,11181.818181818182,True,False,False,0,1.0
MLC-2074073525,1.0,1,2,0,False,2137.5,2137.5,5.0,1.0,5.0,0.0,1.0,3.0,2.0,0.0,1.0,0.0,0.0,58.0,58.0,0.0,70000.0,0.0,0.0,0.0,0.0,0.0,1.0,6715.0,4.0,2440.0,1484.0,100.0,450000.0,520000.0,4,11326.530612244898,True,False,False,0,1.0
MLC-4093504014,1.0,0,1,4,True,1601.8,1601.8,5.0,1.0,0.0,2.0,0.0,5.0,1.0,0.0,0.0,1.0,0.0,36.0,36.0,0.0,75000.0,0.0,0.0,0.0,1.0,1.0,10.0,6691.0,4.0,2810.0,1764.0,100.0,400000.0,475000.0,4,13026.315789473685,True,False,False,0,1.0
MLC-4093509392,1.0,1,2,11,True,4552.5,4552.5,0.0,0.0,0.0,0.0,0.0,0.0,0.0,0.0,0.0,0.0,0.0,40.0,40.0,0.0,60000.0,0.0,1.0,0.0,1.0,1.0,6.0,6282.0,3.0,12506.0,6078.0,99.9999999999999,550000.0,610000.0,4,13823.529411764706,True,False,False,0,1.0
MLC-4212317432,1.0,1,1,1,True,375.2,375.2,5.0,1.0,5.0,5.0,1.0,5.0,5.0,1.0,0.0,4.0,0.0,33.0,33.0,1.0,0.0,0.0,0.0,0.0,1.0,0.0,9.0,5332.0,1.0,4499.0,2404.0,100.0,485000.0,485000.0,2,12178.387650085764,True,False,False,0,1.0
MLC-4093524122,1.0,0,1,3,True,654.3,654.3,5.0,3.0,1.0,1.0,1.0,3.0,5.0,2.0,0.0,1.0,0.0,40.0,37.0,0.0,60000.0,0.0,0.0,0.0,1.0,1.0,18.0,5492.0,1.0,2073.0,1418.0,100.0,430000.0,490000.0,2,12250.0,True,False,False,0,1.0810810810810811
MLC-4212630762,2.0,1,2,9,False,500.4,500.4,5.0,3.0,2.0,3.0,1.0,4.0,5.0,2.0,0.0,3.0,0.0,55.0,59.0,0.0,90000.0,0.0,0.0,0.0,0.0,0.0,1.0,3511.0,1.0,1254.0,785.0,100.0,650000.0,740000.0,2,11309.912854030501,True,False,False,0,0.9322033898305084
MLC-2074075145,4.0,2,5,10,True,1681.9,5012.6,0.0,0.0,1.0,0.0,0.0,0.0,0.0,0.0,0.0,0.0,0.0,240.0,240.0,1.0,0.0,1.0,1.0,0.0,1.0,1.0,2.0,6748.0,4.0,2908.0,1351.0,5.75523405114186,2510028.36,2510028.36,3,11673.469387755102,True,False,True,0,1.0
MLC-4093525680,2.0,1,3,13,False,886.4,4979.9,1.0,0.0,0.0,0.0,0.0,0.0,0.0,0.0,0.0,0.0,0.0,94.0,85.0,1.0,160000.0,1.0,0.0,0.0,1.0,1.0,2.0,4433.0,3.0,20174.0,9883.0,82.4572189855629,810000.0,970000.0,4,10437.356760886172,True,False,True,0,1.1058823529411765
MLC-4213384248,2.0,1,2,12,True,4448.6,8603.4,5.0,1.0,3.0,0.0,0.0,0.0,0.0,0.0,0.0,1.0,0.0,57.0,57.0,0.0,95000.0,1.0,0.0,0.0,1.0,1.0,5.0,1859.0,2.0,27535.0,12357.0,68.1398650783455,500000.0,595000.0,0,10818.181818181818,True,False,True,0,1.0
MLC-4096132094,2.0,1,2,1,True,559.1,4484.2,0.0,0.0,0.0,0.0,0.0,0.0,0.0,0.0,0.0,0.0,0.0,75.0,68.0,0.0,90000.0,0.0,1.0,0.0,1.0,0.0,10.0,5879.0,4.0,12234.0,5977.0,80.4354882614475,650000.0,740000.0,0,10916.17933723197,True,False,True,0,1.1029411764705883
MLC-4096150872,2.0,1,3,15,True,863.6,4822.9,2.0,0.0,1.0,0.0,1.0,1.0,0.0,0.0,0.0,0.0,0.0,115.0,105.0,1.0,100000.0,1.0,1.0,0.0,1.0,1.0,5.0,4433.0,3.0,20174.0,9883.0,82.4572189855629,950000.0,1050000.0,4,10420.16806722689,True,False,True,0,1.0952380952380953
MLC-4213161938,2.0,1,2,18,True,3899.8,3899.8,3.0,0.0,0.0,0.0,1.0,0.0,0.0,0.0,0.0,0.0,0.0,50.0,50.0,0.0,100000.0,0.0,0.0,0.0,1.0,1.0,4.0,6684.0,4.0,6833.0,3079.0,90.5171296845883,780000.0,880000.0,4,12295.081967213115,True,False,False,1,1.0
MLC-4213168370,1.0,1,3,0,False,2751.4,4995.3,5.0,0.0,1.0,0.0,0.0,0.0,0.0,0.0,0.0,0.0,0.0,75.0,75.0,0.0,10000.0,0.0,0.0,0.0,0.0,0.0,1.0,6117.0,4.0,6313.0,3653.0,99.9999999999999,490000.0,500000.0,1,11343.103448275862,True,True,False,0,1.0
MLC-4216692034,1.0,0,3,5,True,2324.4,9283.1,0.0,0.0,0.0,0.0,0.0,0.0,0.0,0.0,0.0,0.0,0.0,70.0,70.0,0.0,40000.0,0.0,0.0,0.0,1.0,0.0,2.0,5342.0,3.0,2386.0,1215.0,18.5074470416839,480000.0,520000.0,0,8790.909090909092,True,True,False,0,1.0
MLC-4213164094,1.0,1,3,4,True,2801.0,7084.3,4.0,0.0,0.0,0.0,0.0,0.0,0.0,0.0,0.0,0.0,0.0,60.0,60.0,0.0,0.0,0.0,0.0,0.0,1.0,0.0,1.0,4924.0,2.0,16315.0,7728.0,96.1398621005236,480000.0,480000.0,1,8557.692307692309,True,True,False,0,1.0
MLC-2076414107,2.0,1,2,2,True,2299.0,3357.9,0.0,0.0,0.0,0.0,0.0,0.0,0.0,0.0,0.0,0.0,0.0,75.0,70.0,0.0,120000.0,1.0,1.0,0.0,1.0,1.0,2.0,6748.0,4.0,2908.0,1351.0,5.75523405114186,680000.0,800000.0,3,11589.805825242718,True,False,True,0,1.0714285714285714
MLC-2076419625,2.0,1,2,0,True,1605.3,13187.7,2.0,0.0,1.0,0.0,0.0,1.0,0.0,0.0,0.0,0.0,0.0,58.0,58.0,0.0,60000.0,1.0,1.0,0.0,1.0,1.0,1.0,5136.0,2.0,13939.0,6879.0,81.3670347779654,550000.0,610000.0,1,8125.0,True,True,False,0,1.0
MLC-4215600508,1.0,0,1,3,False,1104.8,1104.8,5.0,1.0,3.0,0.0,5.0,0.0,0.0,0.0,0.0,0.0,0.0,41.3,40.0,0.0,45000.0,0.0,0.0,0.0,1.0,1.0,1.0,5941.0,2.0,3137.0,1891.0,100.0,410000.0,455000.0,2,10912.346737818436,True,False,False,0,1.0325
MLC-4096252266,2.0,1,2,2,True,2052.6,5483.7,0.0,0.0,1.0,0.0,0.0,0.0,0.0,0.0,0.0,0.0,0.0,80.0,64.3,0.0,150000.0,1.0,1.0,0.0,1.0,1.0,8.0,6748.0,4.0,2908.0,1351.0,5.75523405114186,670000.0,820000.0,3,12181.818181818182,True,False,True,0,1.244167962674961
MLC-4216693052,2.0,1,3,20,True,1293.6,1293.6,0.0,0.0,0.0,0.0,0.0,0.0,0.0,0.0,0.0,0.0,0.0,74.0,74.0,0.0,0.0,0.0,0.0,0.0,1.0,0.0,5.0,6691.0,4.0,2810.0,1764.0,100.0,710000.0,710000.0,4,12229.53216374269,True,False,False,0,1.0
MLC-4213388508,2.0,1,2,5,True,2566.4,2566.4,1.0,0.0,1.0,1.0,0.0,0.0,0.0,0.0,0.0,0.0,0.0,50.0,47.0,0.0,0.0,0.0,0.0,0.0,1.0,1.0,1.0,6304.0,3.0,4026.0,2134.0,100.0,580000.0,580000.0,4,11345.646437994723,True,False,False,0,1.0638297872340425
MLC-4096254026,1.0,1,3,10,True,7228.1,10960.0,0.0,0.0,1.0,0.0,1.0,0.0,0.0,0.0,0.0,0.0,0.0,48.0,48.0,0.0,40000.0,0.0,0.0,0.0,1.0,0.0,5.0,4426.0,2.0,23629.0,10635.0,64.8623594811321,350000.0,390000.0,0,11400.0,False,False,True,0,1.0
MLC-4087958080,2.0,1,3,6,True,3388.5,7542.7,5.0,1.0,0.0,1.0,3.0,0.0,0.0,0.0,0.0,0.0,1.0,81.3,81.9,0.0,0.0,1.0,1.0,0.0,1.0,1.0,1.0,5385.0,3.0,323.0,156.0,19.0571301445678,680000.0,680000.0,0,7192.857142857143,True,False,True,1,0.9926739926739926
MLC-4213162640,1.0,1,1,0,True,777.5,777.5,5.0,1.0,2.0,0.0,0.0,0.0,0.0,0.0,0.0,0.0,0.0,36.0,36.0,1.0,80000.0,0.0,0.0,0.0,1.0,1.0,9.0,6178.0,3.0,2620.0,1658.0,100.0,500000.0,580000.0,2,12450.0,True,False,False,1,1.0
MLC-2076405507,1.0,0,1,1,True,1927.1,1927.1,5.0,0.0,0.0,0.0,2.0,0.0,0.0,0.0,0.0,0.0,0.0,33.0,33.0,0.0,0.0,0.0,0.0,0.0,1.0,1.0,8.0,6019.0,3.0,4332.0,2303.0,55.0392235701766,440000.0,440000.0,4,12916.666666666666,True,False,False,0,1.0
MLC-4213388986,3.0,1,3,25,True,814.8,814.8,5.0,4.0,2.0,0.0,0.0,1.0,2.0,1.0,0.0,0.0,0.0,116.4,111.0,1.0,145000.0,0.0,0.0,0.0,1.0,1.0,6.0,5492.0,1.0,2073.0,1418.0,100.0,630000.0,775000.0,2,12500.0,True,False,False,0,1.0486486486486486
MLC-4213156046,1.0,0,1,0,True,1675.4,1675.4,5.0,2.0,5.0,1.0,2.0,4.0,0.0,0.0,0.0,1.0,0.0,40.0,37.0,0.0,45000.0,0.0,0.0,0.0,1.0,1.0,17.0,6691.0,4.0,2810.0,1764.0,100.0,425000.0,470000.0,4,12605.263157894737,True,False,False,0,1.0810810810810811
MLC-2076419193,2.0,1,2,15,True,1694.4,1694.4,5.0,1.0,4.0,0.0,0.0,5.0,0.0,0.0,0.0,0.0,0.0,50.0,52.0,0.0,75000.0,1.0,0.0,0.0,1.0,1.0,9.0,6691.0,4.0,2810.0,1764.0,100.0,490000.0,565000.0,4,13142.857142857143,True,False,False,0,0.9615384615384616
MLC-2076408563,2.0,1,3,15,True,1186.5,1186.5,5.0,5.0,3.0,2.0,0.0,2.0,2.0,0.0,1.0,4.0,0.0,75.0,75.0,1.0,145000.0,0.0,0.0,0.0,1.0,1.0,4.0,6382.0,3.0,2472.0,1579.0,44.7477970543667,645000.0,790000.0,4,11873.35092348285,True,False,False,0,1.0
MLC-4217915900,2.0,1,3,0,True,5701.2,5701.2,0.0,0.0,0.0,0.0,0.0,0.0,0.0,0.0,0.0,0.0,0.0,70.0,70.0,0.0,90000.0,1.0,0.0,0.0,1.0,1.0,3.0,6684.0,4.0,6833.0,3079.0,90.5171296845883,590000.0,680000.0,4,9402.985074626866,True,False,False,0,1.0
MLC-2076504269,1.0,0,1,0,True,598.4,598.4,5.0,5.0,1.0,5.0,0.0,1.0,5.0,2.0,0.0,5.0,0.0,45.0,38.0,0.0,90000.0,0.0,0.0,0.0,1.0,1.0,18.0,6768.0,4.0,1656.0,1111.0,100.0,500000.0,590000.0,2,11777.777777777777,True,False,False,1,1.1842105263157894
MLC-2076415011,2.0,1,2,9,True,782.1,782.1,5.0,5.0,3.0,2.0,2.0,3.0,5.0,1.0,0.0,5.0,0.0,55.8,54.0,1.0,90000.0,0.0,0.0,0.0,1.0,1.0,21.0,5492.0,1.0,2073.0,1418.0,100.0,650000.0,740000.0,2,12200.0,True,False,False,0,1.0333333333333332
MLC-4217817544,2.0,1,2,9,True,782.1,782.1,5.0,5.0,3.0,2.0,2.0,3.0,5.0,1.0,0.0,5.0,0.0,68.0,68.0,0.0,130000.0,0.0,0.0,0.0,1.0,1.0,1.0,5492.0,1.0,2073.0,1418.0,100.0,640000.0,770000.0,2,12250.0,True,False,False,0,1.0
MLC-4217817980,1.0,1,1,3,True,705.0,705.0,5.0,5.0,2.0,2.0,0.0,2.0,2.0,0.0,0.0,3.0,0.0,38.0,38.0,1.0,65000.0,0.0,1.0,0.0,1.0,1.0,14.0,6636.0,4.0,2317.0,1552.0,99.9999999999999,480000.0,545000.0,2,12744.569381243064,True,False,False,0,1.0
MLC-4217835738,2.0,1,3,9,True,2938.0,2938.0,5.0,0.0,1.0,0.0,2.0,3.0,1.0,0.0,0.0,0.0,0.0,69.8,69.0,1.0,0.0,0.0,0.0,0.0,1.0,1.0,1.0,5455.0,1.0,10400.0,5578.0,70.0075532601241,670000.0,670000.0,0,10738.831615120274,True,False,False,0,1.0115942028985507
MLC-2076422565,2.0,1,2,1,True,1634.3,10058.1,2.0,0.0,0.0,0.0,1.0,0.0,0.0,0.0,0.0,0.0,0.0,77.0,69.0,0.0,0.0,0.0,0.0,0.0,0.0,0.0,2.0,6201.0,4.0,3828.0,1963.0,52.2534527838595,600000.0,600000.0,0,10452.35361653272,True,True,False,0,1.1159420289855073
MLC-2063347035,3.0,0,4,20,False,732.5,732.5,5.0,3.0,1.0,0.0,3.0,1.0,3.0,2.0,0.0,5.0,0.0,99.0,94.0,0.0,0.0,1.0,0.0,0.0,0.0,1.0,2.0,6318.0,3.0,1035.0,677.0,100.0,680000.0,680000.0,2,11233.766233766233,True,False,False,0,1.053191489361702
MLC-2076801351,1.0,0,2,1,True,747.5,747.5,4.0,3.0,3.0,0.0,1.0,0.0,0.0,0.0,0.0,0.0,0.0,46.9,45.0,0.0,80000.0,0.0,0.0,0.0,1.0,1.0,1.0,6636.0,4.0,2317.0,1552.0,99.9999999999999,550000.0,630000.0,2,12753.289705882353,True,False,False,0,1.0422222222222222
MLC-4217921122,2.0,1,2,5,True,1334.9,1334.9,5.0,1.0,2.0,0.0,1.0,2.0,0.0,0.0,0.0,0.0,0.0,58.0,52.0,0.0,80000.0,1.0,0.0,0.0,1.0,1.0,6.0,6691.0,4.0,2810.0,1764.0,100.0,600000.0,680000.0,4,12229.53216374269,True,False,False,0,1.1153846153846154
MLC-4198332006,1.0,1,1,2,False,355.7,355.7,5.0,1.0,5.0,5.0,1.0,5.0,5.0,1.0,0.0,4.0,0.0,33.1,37.9,1.0,32000.0,0.0,0.0,0.0,1.0,1.0,5.0,5332.0,1.0,4499.0,2404.0,100.0,490000.0,522000.0,2,12092.6243567753,True,False,False,0,0.8733509234828497
MLC-4161012846,1.0,0,1,1,False,355.7,355.7,5.0,1.0,5.0,5.0,1.0,5.0,5.0,1.0,0.0,4.0,0.0,33.1,37.9,0.0,20000.0,1.0,0.0,0.0,1.0,1.0,2.0,5332.0,1.0,4499.0,2404.0,100.0,350000.0,370000.0,2,12291.48390137876,True,False,False,0,0.8733509234828497
MLC-2076882209,2.0,1,3,0,True,6368.2,6399.2,2.0,0.0,0.0,0.0,0.0,0.0,0.0,0.0,0.0,0.0,0.0,117.0,90.0,0.0,0.0,1.0,0.0,0.0,1.0,1.0,3.0,6682.0,4.0,4021.0,1996.0,65.5175717706704,1400000.0,1400000.0,1,12500.0,True,True,False,0,1.3
MLC-4218748368,2.0,2,2,8,True,2622.1,5443.3,0.0,0.0,0.0,0.0,0.0,0.0,0.0,0.0,0.0,0.0,0.0,124.0,64.3,1.0,100000.0,1.0,0.0,0.0,1.0,1.0,3.0,6748.0,4.0,2908.0,1351.0,5.75523405114186,1100000.0,1200000.0,3,12068.965517241379,True,False,True,0,1.9284603421461899
MLC-2079325893,2.0,1,2,9,True,457.7,4560.1,5.0,0.0,1.0,0.0,1.0,0.0,0.0,0.0,0.0,0.0,0.0,86.0,86.0,0.0,100000.0,1.0,0.0,0.0,1.0,1.0,1.0,4433.0,3.0,20174.0,9883.0,82.4572189855629,750000.0,850000.0,4,9596.774193548386,True,False,True,0,1.0
MLC-4101122054,2.0,0,2,0,True,898.7,898.7,5.0,5.0,1.0,1.0,1.0,2.0,3.0,0.0,0.0,4.0,0.0,62.0,62.0,0.0,90000.0,0.0,0.0,0.0,1.0,0.0,7.0,6636.0,4.0,2317.0,1552.0,99.9999999999999,570000.0,660000.0,2,12185.622859709201,True,False,False,0,1.0
MLC-4101122118,1.0,1,1,4,True,841.3,841.3,5.0,4.0,2.0,1.0,0.0,2.0,1.0,1.0,0.0,0.0,0.0,45.0,45.0,0.0,98000.0,0.0,0.0,0.0,1.0,0.0,1.0,5492.0,1.0,2073.0,1418.0,100.0,500000.0,598000.0,2,12217.021276595744,True,False,False,0,1.0
MLC-4101738234,2.0,1,2,9,False,1162.2,1162.2,0.0,0.0,0.0,0.0,0.0,0.0,0.0,0.0,0.0,0.0,0.0,52.0,50.0,1.0,80000.0,0.0,0.0,0.0,0.0,1.0,4.0,6382.0,3.0,2472.0,1579.0,44.7477970543667,570000.0,650000.0,4,11873.35092348285,True,False,False,0,1.04
MLC-4218753106,2.0,0,2,0,True,6172.8,6458.4,4.0,1.0,0.0,0.0,0.0,0.0,0.0,0.0,0.0,0.0,0.0,55.0,55.0,0.0,0.0,0.0,1.0,0.0,1.0,0.0,2.0,6682.0,4.0,4021.0,1996.0,65.5175717706704,750000.0,750000.0,1,13636.363636363636,True,True,False,1,1.0
MLC-4219656252,1.0,1,2,11,True,6017.9,6716.5,3.0,1.0,0.0,0.0,0.0,0.0,0.0,0.0,0.0,0.0,0.0,50.0,48.0,1.0,55000.0,0.0,1.0,0.0,1.0,0.0,2.0,6682.0,4.0,4021.0,1996.0,65.5175717706704,530000.0,585000.0,1,12500.0,True,True,False,0,1.0416666666666667
MLC-4105461150,1.0,0,3,5,False,1928.0,1928.0,0.0,0.0,0.0,0.0,0.0,0.0,0.0,0.0,0.0,0.0,0.0,53.0,53.0,0.0,25000.0,0.0,0.0,0.0,0.0,0.0,4.0,6388.0,4.0,5415.0,2892.0,100.0,400000.0,425000.0,1,10344.827586206897,True,False,False,0,1.0
MLC-4218351292,1.0,1,1,8,True,6171.3,6627.8,2.0,0.0,0.0,0.0,0.0,0.0,0.0,0.0,0.0,0.0,0.0,34.0,30.0,0.0,42000.0,0.0,0.0,0.0,1.0,1.0,2.0,6682.0,4.0,4021.0,1996.0,65.5175717706704,400000.0,442000.0,1,12500.0,True,True,False,0,1.1333333333333333
MLC-4222353106,2.0,1,2,8,True,1033.7,5098.8,1.0,0.0,0.0,0.0,0.0,0.0,0.0,0.0,0.0,0.0,0.0,55.0,55.0,0.0,75000.0,1.0,1.0,0.0,1.0,1.0,5.0,4433.0,3.0,20174.0,9883.0,82.4572189855629,500000.0,575000.0,4,10477.272727272728,True,False,True,0,1.0
MLC-4093484932,2.0,0,2,8,True,1899.6,5495.6,0.0,0.0,0.0,0.0,0.0,0.0,0.0,0.0,0.0,0.0,0.0,55.0,53.0,1.0,110000.0,1.0,1.0,0.0,1.0,1.0,2.0,6748.0,4.0,2908.0,1351.0,5.75523405114186,600000.0,710000.0,3,12238.805970149253,True,False,True,0,1.0377358490566038
MLC-2076835463,2.0,1,2,5,True,944.2,944.2,5.0,1.0,1.0,2.0,0.0,1.0,0.0,0.0,0.0,0.0,0.0,50.0,50.0,0.0,72000.0,1.0,0.0,0.0,1.0,1.0,1.0,4889.0,1.0,6948.0,3534.0,56.3609274194969,500000.0,572000.0,2,10716.666666666668,True,False,False,0,1.0
MLC-4218758424,1.0,1,2,0,True,715.2,715.2,5.0,5.0,5.0,2.0,2.0,0.0,2.0,0.0,0.0,2.0,0.0,55.0,53.0,0.0,75000.0,0.0,0.0,0.0,1.0,1.0,2.0,6636.0,4.0,2317.0,1552.0,99.9999999999999,600000.0,675000.0,2,12756.861365235749,True,False,False,0,1.0377358490566038
MLC-4109494134,2.0,1,2,6,True,1698.1,5603.2,5.0,0.0,1.0,0.0,0.0,1.0,0.0,0.0,0.0,0.0,0.0,60.0,60.0,0.0,100000.0,1.0,1.0,0.0,1.0,1.0,3.0,4433.0,3.0,20174.0,9883.0,82.4572189855629,480000.0,580000.0,4,11947.310642354674,True,False,True,0,1.0
MLC-2076809381,2.0,1,2,30,True,466.7,466.7,5.0,4.0,3.0,3.0,1.0,4.0,5.0,2.0,0.0,3.0,0.0,78.0,78.0,1.0,172000.0,0.0,0.0,0.0,1.0,0.0,4.0,6382.0,3.0,2472.0,1579.0,44.7477970543667,650000.0,822000.0,2,11662.269129287599,True,False,False,0,1.0
MLC-4219665172,1.0,0,1,8,False,1397.0,1397.0,5.0,1.0,1.0,2.0,0.0,1.0,0.0,0.0,0.0,1.0,0.0,35.0,33.0,0.0,0.0,0.0,0.0,0.0,1.0,0.0,1.0,6691.0,4.0,2810.0,1764.0,100.0,390000.0,390000.0,4,12448.979591836734,True,False,False,0,1.0606060606060606
MLC-4217926048,1.0,0,2,1,True,747.5,747.5,4.0,3.0,3.0,0.0,1.0,0.0,0.0,0.0,0.0,0.0,0.0,60.0,58.0,0.0,50000.0,0.0,0.0,0.0,1.0,1.0,10.0,6636.0,4.0,2317.0,1552.0,99.9999999999999,650000.0,700000.0,2,12755.102040816326,True,False,False,1,1.0344827586206897
MLC-4221736258,2.0,1,3,1,False,5621.8,5621.8,0.0,0.0,0.0,0.0,0.0,0.0,0.0,0.0,0.0,0.0,0.0,67.0,65.0,0.0,0.0,0.0,0.0,0.0,1.0,0.0,4.0,6684.0,4.0,6833.0,3079.0,90.5171296845883,620000.0,620000.0,4,9538.461538461539,True,False,False,0,1.0307692307692307
MLC-2045625439,2.0,1,2,3,False,1593.1,1593.1,5.0,1.0,4.0,0.0,1.0,2.0,0.0,0.0,0.0,0.0,0.0,52.0,52.0,1.0,105000.0,1.0,0.0,0.0,0.0,1.0,2.0,6691.0,4.0,2810.0,1764.0,100.0,595000.0,700000.0,4,12714.285714285714,True,False,False,0,1.0
MLC-2079326021,3.0,2,3,0,False,5000.4,5000.4,5.0,0.0,1.0,0.0,0.0,0.0,0.0,0.0,0.0,0.0,0.0,143.8,140.0,1.0,130000.0,1.0,0.0,0.0,1.0,1.0,1.0,6684.0,4.0,6833.0,3079.0,90.5171296845883,650000.0,780000.0,4,9779.411764705881,True,False,False,0,1.0271428571428571
MLC-4218753170,2.0,1,2,4,True,3972.3,3972.3,5.0,2.0,0.0,0.0,1.0,2.0,1.0,0.0,0.0,0.0,0.0,65.0,61.0,1.0,140000.0,1.0,0.0,0.0,1.0,1.0,3.0,6684.0,4.0,6833.0,3079.0,90.5171296845883,650000.0,790000.0,4,12295.081967213115,True,False,False,0,1.0655737704918034
MLC-4219658314,1.0,1,1,16,False,677.1,677.1,5.0,0.0,4.0,1.0,0.0,5.0,0.0,0.0,0.0,0.0,0.0,48.0,48.0,0.0,0.0,0.0,0.0,0.0,0.0,0.0,2.0,4644.0,1.0,2739.0,1645.0,100.0,480000.0,480000.0,2,10950.859950859951,True,False,False,1,1.0
MLC-4218352528,1.0,0,1,1,False,2799.9,2799.9,3.0,0.0,2.0,1.0,1.0,1.0,0.0,0.0,0.0,0.0,0.0,33.1,37.9,0.0,35000.0,0.0,0.0,0.0,1.0,1.0,3.0,6304.0,3.0,4026.0,2134.0,100.0,350000.0,385000.0,4,10239.361702127659,True,False,False,0,0.8733509234828497
MLC-4105680682,1.0,0,1,0,True,898.7,898.7,5.0,5.0,1.0,1.0,1.0,2.0,3.0,0.0,0.0,4.0,0.0,37.0,35.0,0.0,100000.0,0.0,0.0,0.0,1.0,1.0,3.0,6636.0,4.0,2317.0,1552.0,99.9999999999999,550000.0,650000.0,2,12115.113211020434,True,False,False,1,1.0571428571428572
MLC-4222347130,2.0,1,3,9,True,2938.0,2938.0,5.0,0.0,1.0,0.0,2.0,3.0,1.0,0.0,0.0,0.0,0.0,69.0,69.0,0.0,100000.0,1.0,0.0,0.0,1.0,1.0,10.0,5455.0,1.0,10400.0,5578.0,70.0075532601241,500000.0,600000.0,0,10738.831615120274,True,False,False,0,1.0
MLC-2076889313,1.0,0,1,2,True,1372.3,1372.3,0.0,0.0,0.0,0.0,0.0,0.0,0.0,0.0,0.0,0.0,0.0,33.1,37.9,0.0,45000.0,0.0,0.0,0.0,1.0,1.0,7.0,6691.0,4.0,2810.0,1764.0,100.0,350000.0,395000.0,4,12222.222222222223,True,False,False,0,0.8733509234828497
MLC-4218348846,2.0,0,2,0,True,3310.1,3310.1,5.0,0.0,2.0,0.0,2.0,1.0,1.0,0.0,0.0,0.0,0.0,55.0,48.0,0.0,70000.0,0.0,0.0,0.0,1.0,1.0,2.0,6571.0,4.0,1072.0,625.0,89.9626305483346,520000.0,590000.0,0,11452.718491976944,True,False,False,1,1.1458333333333333
MLC-4105688146,1.0,1,3,40,False,2534.6,10061.0,4.0,0.0,1.0,0.0,2.0,0.0,0.0,0.0,0.0,0.0,0.0,59.0,59.0,0.0,2000.0,1.0,0.0,0.0,0.0,0.0,1.0,5939.0,3.0,1938.0,1086.0,100.0,370000.0,372000.0,4,11400.0,False,True,False,0,1.0
MLC-4105697498,1.0,1,1,2,True,1535.1,1535.1,5.0,1.0,0.0,1.0,0.0,4.0,0.0,0.0,0.0,1.0,0.0,36.0,34.0,0.0,55000.0,0.0,0.0,0.0,1.0,1.0,2.0,6382.0,3.0,2472.0,1579.0,44.7477970543667,470000.0,525000.0,4,12714.285714285714,True,False,False,0,1.0588235294117647
MLC-4223492030,2.0,1,2,4,True,4648.9,4648.9,5.0,1.0,1.0,0.0,2.0,0.0,0.0,0.0,0.0,0.0,0.0,77.0,77.0,1.0,70000.0,1.0,0.0,0.0,1.0,1.0,1.0,6684.0,4.0,6833.0,3079.0,90.5171296845883,670000.0,740000.0,4,10875.454575784872,True,False,False,0,1.0
MLC-4125837498,1.0,1,1,18,False,2235.0,5586.7,0.0,0.0,1.0,0.0,0.0,0.0,0.0,0.0,0.0,0.0,0.0,44.0,40.0,0.0,90000.0,1.0,1.0,0.0,1.0,1.0,2.0,6748.0,4.0,2908.0,1351.0,5.75523405114186,480000.0,570000.0,3,12181.818181818182,True,False,True,0,1.1
MLC-4223491938,1.0,0,1,19,True,880.0,880.0,5.0,5.0,1.0,2.0,1.0,2.0,2.0,0.0,0.0,5.0,0.0,35.0,35.0,0.0,0.0,0.0,1.0,0.0,1.0,1.0,21.0,6636.0,4.0,2317.0,1552.0,99.9999999999999,650000.0,650000.0,2,12352.941176470587,True,False,False,1,1.0
MLC-2076886181,2.0,1,2,8,True,3899.8,3899.8,3.0,0.0,0.0,0.0,1.0,0.0,0.0,0.0,0.0,0.0,0.0,60.0,60.0,0.0,0.0,1.0,0.0,0.0,1.0,1.0,1.0,6684.0,4.0,6833.0,3079.0,90.5171296845883,850000.0,850000.0,4,12295.081967213115,True,False,False,1,1.0
MLC-2079117941,2.0,11,2,10,True,3913.2,3913.2,3.0,0.0,0.0,0.0,1.0,0.0,0.0,0.0,0.0,0.0,0.0,66.0,62.0,1.0,110000.0,1.0,0.0,0.0,1.0,1.0,4.0,6684.0,4.0,6833.0,3079.0,90.5171296845883,650000.0,760000.0,4,12363.757199822772,True,False,False,0,1.064516129032258
MLC-4223495878,1.0,1,1,4,False,909.7,909.7,5.0,4.0,1.0,0.0,0.0,0.0,0.0,0.0,0.0,0.0,0.0,35.0,37.9,0.0,0.0,0.0,0.0,0.0,0.0,0.0,1.0,5492.0,1.0,2073.0,1418.0,100.0,500000.0,500000.0,2,12400.0,True,False,False,0,0.9234828496042217
MLC-2079448289,1.0,0,1,4,False,909.7,909.7,5.0,4.0,1.0,0.0,0.0,0.0,0.0,0.0,0.0,0.0,0.0,40.0,37.9,0.0,0.0,0.0,0.0,0.0,0.0,0.0,1.0,5492.0,1.0,2073.0,1418.0,100.0,450000.0,450000.0,2,12401.055408970977,True,False,False,0,1.0554089709762533
MLC-2079334491,1.0,0,1,2,False,792.5,792.5,5.0,5.0,0.0,0.0,1.0,1.0,2.0,2.0,0.0,5.0,0.0,35.0,37.9,0.0,0.0,0.0,0.0,0.0,1.0,0.0,1.0,6768.0,4.0,1656.0,1111.0,100.0,400000.0,400000.0,2,11891.891891891892,True,False,False,0,0.9234828496042217
MLC-4223492938,1.0,1,4,60,True,1025.3,1025.3,5.0,0.0,2.0,0.0,0.0,0.0,1.0,0.0,0.0,0.0,0.0,80.0,80.0,1.0,0.0,1.0,0.0,0.0,0.0,0.0,3.0,6178.0,3.0,2620.0,1658.0,100.0,320000.0,320000.0,2,11404.761904761905,True,False,False,1,1.0
MLC-4223495880,1.0,0,2,10,True,619.2,619.2,5.0,5.0,2.0,5.0,1.0,1.0,5.0,2.0,0.0,5.0,0.0,45.0,52.4,0.0,70000.0,0.0,0.0,0.0,1.0,0.0,1.0,6768.0,4.0,1656.0,1111.0,100.0,500000.0,570000.0,2,11347.549909255898,True,False,False,0,0.8587786259541985
MLC-2079332243,1.0,0,1,0,False,792.5,792.5,5.0,5.0,0.0,0.0,1.0,1.0,2.0,2.0,0.0,5.0,0.0,35.0,35.0,0.0,45000.0,0.0,0.0,0.0,1.0,0.0,6.0,6768.0,4.0,1656.0,1111.0,100.0,320000.0,365000.0,2,11891.891891891892,True,False,False,0,1.0
MLC-2079448287,2.0,1,3,9,True,2938.0,2938.0,5.0,0.0,1.0,0.0,2.0,3.0,1.0,0.0,0.0,0.0,0.0,75.0,72.0,1.0,0.0,0.0,0.0,0.0,1.0,1.0,16.0,5455.0,1.0,10400.0,5578.0,70.0075532601241,650000.0,650000.0,0,10738.831615120274,True,False,False,0,1.0416666666666667
MLC-4223499370,2.0,1,2,0,True,723.7,723.7,5.0,5.0,5.0,3.0,2.0,1.0,5.0,0.0,0.0,3.0,0.0,65.0,58.0,1.0,78000.0,0.0,0.0,0.0,1.0,1.0,9.0,6636.0,4.0,2317.0,1552.0,99.9999999999999,730000.0,808000.0,2,12680.424528301886,True,False,False,0,1.1206896551724137
MLC-4223492160,1.0,0,1,0,True,746.9,746.9,5.0,4.0,5.0,1.0,1.0,0.0,1.0,0.0,0.0,2.0,0.0,39.0,37.0,0.0,70000.0,0.0,0.0,0.0,1.0,1.0,1.0,6636.0,4.0,2317.0,1552.0,99.9999999999999,390000.0,460000.0,2,13230.240549828179,True,False,False,0,1.054054054054054
MLC-2079444921,3.0,0,4,50,True,1080.8,1080.8,5.0,3.0,1.0,1.0,1.0,2.0,3.0,0.0,2.0,2.0,0.0,80.0,80.0,0.0,0.0,0.0,0.0,0.0,0.0,0.0,1.0,5492.0,1.0,2073.0,1418.0,100.0,370000.0,370000.0,4,11951.754385964912,True,False,False,0,1.0
MLC-4223491828,2.0,0,2,0,True,746.9,746.9,5.0,4.0,5.0,1.0,1.0,0.0,1.0,0.0,0.0,2.0,0.0,60.0,58.0,0.0,120000.0,0.0,0.0,0.0,1.0,1.0,1.0,6636.0,4.0,2317.0,1552.0,99.9999999999999,500000.0,620000.0,2,13230.240549828179,True,False,False,0,1.0344827586206897
MLC-2079334579,2.0,1,3,4,True,4212.3,8484.8,5.0,0.0,2.0,0.0,0.0,0.0,0.0,0.0,0.0,0.0,0.0,50.0,68.1,0.0,0.0,0.0,0.0,0.0,1.0,0.0,1.0,6592.0,4.0,5079.0,2589.0,29.8628034168695,460000.0,460000.0,4,10000.0,True,True,False,0,0.7342143906020558
MLC-2079332233,2.0,1,2,0,False,662.4,3813.6,5.0,0.0,1.0,0.0,2.0,1.0,3.0,0.0,0.0,0.0,0.0,63.0,63.0,1.0,90000.0,0.0,0.0,0.0,1.0,0.0,1.0,5879.0,4.0,12234.0,5977.0,80.4354882614475,650000.0,740000.0,0,11587.301587301587,True,False,True,0,1.0
MLC-2079330927,2.0,0,3,2,True,6878.0,10635.3,0.0,0.0,0.0,0.0,1.0,0.0,0.0,0.0,0.0,0.0,0.0,48.0,48.0,0.0,47000.0,0.0,0.0,0.0,1.0,0.0,3.0,4426.0,2.0,23629.0,10635.0,64.8623594811321,400000.0,447000.0,0,9961.479730848863,True,False,True,0,1.0
MLC-2079325775,1.0,1,1,0,True,900.0,4527.0,5.0,0.0,3.0,0.0,2.0,0.0,1.0,0.0,0.0,0.0,0.0,32.0,32.0,0.0,40000.0,0.0,0.0,0.0,1.0,1.0,10.0,5879.0,4.0,12234.0,5977.0,80.4354882614475,495000.0,535000.0,0,13402.636916835701,True,False,True,0,1.0
MLC-4108980266,1.0,0,1,1,True,747.5,747.5,4.0,3.0,3.0,0.0,1.0,0.0,0.0,0.0,0.0,0.0,0.0,33.1,37.9,0.0,70000.0,0.0,0.0,0.0,1.0,1.0,6.0,6636.0,4.0,2317.0,1552.0,99.9999999999999,440000.0,510000.0,2,12753.289705882353,True,False,False,0,0.8733509234828497
MLC-4108985826,3.0,2,3,10,True,7422.2,4170.7,5.0,0.0,0.0,0.0,2.0,0.0,0.0,0.0,0.0,0.0,0.0,117.0,117.0,1.0,200000.0,1.0,0.0,0.0,1.0,1.0,5.0,6624.0,4.0,1277.0,600.0,16.149253186174,1200000.0,1400000.0,1,11400.0,False,True,False,0,1.0
MLC-2079445861,1.0,1,2,0,True,2583.4,9021.9,5.0,2.0,2.0,0.0,1.0,0.0,0.0,0.0,0.0,0.0,0.0,50.0,50.0,0.0,0.0,0.0,0.0,0.0,1.0,0.0,1.0,5342.0,3.0,2386.0,1215.0,18.5074470416839,470000.0,470000.0,0,9074.074074074075,True,True,False,0,1.0
MLC-4134715540,2.0,1,2,15,True,3653.3,3653.3,5.0,0.0,1.0,0.0,1.0,2.0,0.0,0.0,0.0,0.0,0.0,95.0,75.0,1.0,200000.0,1.0,0.0,0.0,1.0,1.0,5.0,6684.0,4.0,6833.0,3079.0,90.5171296845883,800000.0,1000000.0,4,12455.95219855983,True,False,False,0,1.2666666666666666
MLC-4223495910,2.0,1,2,3,True,685.0,4792.3,1.0,0.0,0.0,0.0,0.0,0.0,0.0,0.0,0.0,0.0,0.0,70.0,70.0,0.0,0.0,0.0,0.0,0.0,1.0,0.0,1.0,4433.0,3.0,20174.0,9883.0,82.4572189855629,580000.0,580000.0,4,10044.642857142857,True,False,True,0,1.0
MLC-2079333135,1.0,1,1,17,True,794.2,4247.5,5.0,0.0,0.0,0.0,0.0,1.0,3.0,0.0,1.0,0.0,0.0,36.0,36.0,1.0,40000.0,0.0,0.0,0.0,1.0,1.0,2.0,6748.0,4.0,2908.0,1351.0,5.75523405114186,500000.0,540000.0,3,13625.0,True,False,True,1,1.0
MLC-4223753578,2.0,1,3,20,True,4927.5,7713.3,2.0,0.0,0.0,0.0,0.0,0.0,0.0,0.0,0.0,0.0,0.0,60.0,60.0,0.0,55000.0,1.0,1.0,0.0,1.0,0.0,4.0,6592.0,4.0,5079.0,2589.0,29.8628034168695,460000.0,515000.0,4,6777.777777777777,True,True,False,0,1.0
MLC-4223752224,1.0,0,1,0,False,907.4,4533.3,5.0,0.0,3.0,0.0,2.0,0.0,1.0,0.0,0.0,0.0,0.0,34.0,42.0,0.0,54000.0,0.0,0.0,0.0,1.0,1.0,4.0,5879.0,4.0,12234.0,5977.0,80.4354882614475,420000.0,474000.0,0,13685.390174732413,True,False,True,0,0.8095238095238095
MLC-2051014601,2.0,1,2,5,True,1044.8,1044.8,5.0,0.0,2.0,0.0,4.0,1.0,0.0,0.0,0.0,0.0,0.0,55.0,52.0,0.0,100000.0,1.0,0.0,0.0,1.0,1.0,10.0,6279.0,3.0,2598.0,1648.0,100.0,560000.0,660000.0,2,11041.666666666666,True,False,False,0,1.0576923076923077
MLC-2079666049,2.0,1,3,10,True,2018.0,4841.2,0.0,0.0,0.0,0.0,0.0,1.0,1.0,0.0,0.0,0.0,0.0,76.0,73.0,1.0,100000.0,1.0,1.0,0.0,1.0,1.0,8.0,6748.0,4.0,2908.0,1351.0,5.75523405114186,650000.0,750000.0,3,11473.069435431538,True,False,True,0,1.0410958904109588
MLC-4245410096,2.0,0,2,21,True,978.3,978.3,5.0,5.0,2.0,1.0,1.0,2.0,3.0,1.0,1.0,4.0,0.0,90.0,90.0,0.0,100000.0,1.0,0.0,0.0,1.0,1.0,7.0,5492.0,1.0,2073.0,1418.0,100.0,645000.0,745000.0,2,11639.78494623656,True,False,False,0,1.0
MLC-4223757540,1.0,0,1,5,True,1597.0,1597.0,5.0,1.0,4.0,0.0,1.0,2.0,0.0,0.0,0.0,0.0,0.0,38.0,42.0,0.0,60000.0,1.0,0.0,0.0,1.0,1.0,12.0,6691.0,4.0,2810.0,1764.0,100.0,385000.0,445000.0,4,12714.285714285714,True,False,False,0,0.9047619047619048
MLC-2061564459,2.0,1,3,0,True,973.8,973.8,5.0,5.0,1.0,2.0,1.0,2.0,2.0,0.0,1.0,2.0,0.0,100.0,100.0,1.0,150000.0,0.0,1.0,0.0,1.0,1.0,20.0,6636.0,4.0,2317.0,1552.0,99.9999999999999,1000000.0,1150000.0,2,12185.622859709201,True,False,False,0,1.0
MLC-2061587965,2.0,1,2,2,True,793.8,793.8,5.0,4.0,4.0,1.0,0.0,3.0,3.0,2.0,0.0,4.0,0.0,60.0,60.0,0.0,100000.0,1.0,0.0,0.0,1.0,1.0,13.0,5492.0,1.0,2073.0,1418.0,100.0,600000.0,700000.0,2,12500.0,True,False,False,0,1.0
MLC-4243844888,1.0,1,2,0,True,1047.3,1047.3,5.0,1.0,3.0,0.0,5.0,1.0,0.0,0.0,0.0,0.0,0.0,50.0,50.0,0.0,70000.0,0.0,0.0,0.0,1.0,1.0,13.0,5941.0,2.0,3137.0,1891.0,100.0,420000.0,490000.0,2,11428.57142857143,True,False,False,0,1.0
MLC-2091479343,2.0,0,2,1,False,3248.2,3248.2,5.0,0.0,2.0,0.0,4.0,2.0,1.0,0.0,0.0,0.0,0.0,52.0,52.0,0.0,80000.0,0.0,0.0,0.0,0.0,1.0,10.0,6571.0,4.0,1072.0,625.0,89.9626305483346,480000.0,560000.0,0,11068.702290076337,True,False,False,0,1.0
MLC-2079758043,1.0,1,2,0,True,2367.0,5379.7,5.0,0.0,2.0,1.0,1.0,1.0,0.0,0.0,0.0,0.0,0.0,50.0,50.0,0.0,45000.0,0.0,0.0,0.0,0.0,0.0,15.0,6117.0,4.0,6313.0,3653.0,99.9999999999999,450000.0,495000.0,1,9058.71743486974,True,True,False,0,1.0
MLC-4223503004,1.0,1,2,30,True,864.2,864.2,5.0,4.0,1.0,0.0,0.0,1.0,0.0,1.0,0.0,0.0,0.0,65.0,55.0,0.0,60000.0,0.0,0.0,0.0,1.0,0.0,3.0,5492.0,1.0,2073.0,1418.0,100.0,560000.0,620000.0,2,12400.527704485488,True,False,False,0,1.1818181818181819
MLC-2079806267,1.0,4,2,8,True,1797.5,1797.5,5.0,1.0,4.0,0.0,1.0,5.0,2.0,0.0,0.0,0.0,0.0,68.0,68.0,0.0,65000.0,0.0,0.0,0.0,1.0,1.0,17.0,6715.0,4.0,2440.0,1484.0,100.0,700000.0,765000.0,4,13397.435897435898,True,False,False,0,1.0
MLC-2091160521,1.0,1,2,47,True,555.1,555.1,5.0,1.0,2.0,0.0,0.0,5.0,3.0,0.0,0.0,0.0,0.0,70.0,70.0,0.0,30000.0,0.0,0.0,0.0,0.0,0.0,5.0,4644.0,1.0,2739.0,1645.0,100.0,550000.0,580000.0,2,12400.0,True,False,False,0,1.0
MLC-2079804813,1.0,1,1,2,True,1373.8,1373.8,5.0,1.0,2.0,0.0,1.0,2.0,0.0,0.0,0.0,0.0,0.0,33.1,37.9,0.0,0.0,0.0,0.0,0.0,1.0,1.0,6.0,6691.0,4.0,2810.0,1764.0,100.0,500000.0,500000.0,4,12071.428571428572,True,False,False,0,0.8733509234828497
MLC-4223759262,2.0,1,2,10,True,4023.9,4023.9,3.0,0.0,0.0,0.0,0.0,1.0,1.0,0.0,0.0,0.0,0.0,70.0,70.0,0.0,100000.0,1.0,1.0,0.0,1.0,1.0,14.0,6684.0,4.0,6833.0,3079.0,90.5171296845883,750000.0,850000.0,4,12363.757199822772,True,False,False,0,1.0
MLC-2079755395,2.0,1,2,6,False,5029.9,5029.9,4.0,1.0,0.0,0.0,1.0,1.0,0.0,0.0,0.0,0.0,0.0,70.0,70.0,1.0,125000.0,0.0,1.0,0.0,0.0,1.0,3.0,6282.0,3.0,12506.0,6078.0,99.9999999999999,750000.0,875000.0,4,10463.917525773195,True,False,False,0,1.0
MLC-2091159805,1.0,1,1,11,False,933.3,933.3,5.0,0.0,2.0,0.0,2.0,1.0,0.0,0.0,0.0,0.0,0.0,48.0,41.0,0.0,60000.0,1.0,1.0,0.0,1.0,1.0,7.0,5941.0,2.0,3137.0,1891.0,100.0,400000.0,460000.0,2,11416.666666666666,True,False,False,0,1.170731707317073
MLC-4225844332,2.0,1,2,4,True,4648.9,4648.9,5.0,1.0,1.0,0.0,2.0,0.0,0.0,0.0,0.0,0.0,0.0,77.0,77.0,1.0,70000.0,1.0,0.0,0.0,1.0,1.0,1.0,6684.0,4.0,6833.0,3079.0,90.5171296845883,670000.0,740000.0,4,10875.454575784872,True,False,False,0,1.0
MLC-4225147298,2.0,1,2,9,True,2566.4,2566.4,1.0,0.0,1.0,1.0,0.0,0.0,0.0,0.0,0.0,0.0,0.0,58.0,58.0,0.0,60000.0,0.0,0.0,0.0,1.0,1.0,4.0,6304.0,3.0,4026.0,2134.0,100.0,510000.0,570000.0,4,12340.425531914894,True,False,False,0,1.0
MLC-2091478583,2.0,1,3,29,False,1336.8,1336.8,5.0,2.0,2.0,1.0,0.0,2.0,1.0,0.0,2.0,4.0,0.0,74.0,74.0,1.0,150000.0,0.0,0.0,0.0,1.0,1.0,3.0,6382.0,3.0,2472.0,1579.0,44.7477970543667,650000.0,800000.0,4,11483.38649654439,True,False,False,0,1.0
MLC-4225150480,1.0,0,1,5,False,1329.5,1329.5,5.0,1.0,2.0,0.0,1.0,2.0,0.0,0.0,0.0,0.0,0.0,35.0,35.0,0.0,50000.0,0.0,0.0,0.0,1.0,1.0,7.0,6691.0,4.0,2810.0,1764.0,100.0,395000.0,445000.0,4,12243.42105263158,True,False,False,0,1.0
MLC-4246173626,1.0,0,2,5,True,2744.4,2744.4,2.0,0.0,0.0,0.0,0.0,0.0,0.0,0.0,0.0,0.0,0.0,50.0,50.0,0.0,45000.0,0.0,0.0,0.0,0.0,0.0,1.0,5901.0,2.0,3835.0,2050.0,58.6173339550477,360000.0,405000.0,4,10121.951219512195,True,False,False,0,1.0
MLC-4225146770,2.0,1,2,0,True,1643.0,1643.0,5.0,2.0,2.0,0.0,4.0,1.0,0.0,0.0,0.0,0.0,0.0,60.0,58.0,0.0,70000.0,0.0,0.0,0.0,1.0,1.0,10.0,6304.0,3.0,4026.0,2134.0,100.0,530000.0,600000.0,1,9980.106100795756,True,False,False,0,1.0344827586206897
MLC-4225146768,2.0,1,3,14,False,5291.2,9445.2,0.0,0.0,0.0,0.0,0.0,0.0,0.0,0.0,0.0,0.0,0.0,65.0,65.0,0.0,90000.0,1.0,1.0,0.0,1.0,1.0,1.0,1859.0,2.0,27535.0,12357.0,68.1398650783455,600000.0,690000.0,0,10995.039682539682,True,False,True,0,1.0
MLC-4225056472,1.0,0,1,3,True,2140.6,2140.6,5.0,0.0,1.0,0.0,2.0,0.0,0.0,0.0,0.0,0.0,0.0,31.0,31.0,0.0,48000.0,0.0,0.0,0.0,1.0,1.0,17.0,6019.0,3.0,4332.0,2303.0,55.0392235701766,360000.0,408000.0,4,11280.491796839198,True,False,False,0,1.0
MLC-4225058230,1.0,1,2,8,True,6884.9,5710.6,0.0,0.0,0.0,0.0,0.0,0.0,0.0,0.0,0.0,0.0,0.0,50.0,50.0,0.0,35000.0,1.0,0.0,0.0,0.0,0.0,3.0,6375.0,4.0,4591.0,2555.0,80.1239481965662,435000.0,470000.0,1,9204.097714736014,True,True,False,0,1.0
MLC-4188213582,1.0,0,1,16,True,634.5,634.5,5.0,0.0,3.0,2.0,1.0,2.0,2.0,1.0,0.0,3.0,1.0,30.0,37.9,0.0,40000.0,0.0,0.0,0.0,1.0,0.0,1.0,6318.0,3.0,1035.0,677.0,100.0,385000.0,425000.0,2,11304.347826086956,True,False,False,0,0.79155672823219
MLC-4225151586,1.0,1,1,18,True,2195.8,5448.6,0.0,0.0,0.0,0.0,0.0,0.0,0.0,0.0,0.0,0.0,0.0,50.0,50.0,1.0,75000.0,1.0,1.0,0.0,1.0,1.0,9.0,6748.0,4.0,2908.0,1351.0,5.75523405114186,600000.0,675000.0,3,11937.5,True,False,True,1,1.0
MLC-4155492280,1.0,0,1,3,True,1535.1,1535.1,5.0,1.0,0.0,1.0,0.0,4.0,0.0,0.0,0.0,1.0,0.0,33.1,37.9,0.0,32000.0,1.0,0.0,0.0,1.0,1.0,9.0,6382.0,3.0,2472.0,1579.0,44.7477970543667,400000.0,432000.0,4,12758.620689655172,True,False,False,1,0.8733509234828497
MLC-4225150698,1.0,1,1,0,True,1946.4,5741.3,5.0,1.0,2.0,0.0,4.0,1.0,0.0,0.0,0.0,0.0,0.0,49.0,41.0,1.0,0.0,0.0,0.0,0.0,1.0,1.0,10.0,4433.0,3.0,20174.0,9883.0,82.4572189855629,600000.0,600000.0,4,10793.650793650793,True,False,True,0,1.1951219512195121
MLC-2091159795,1.0,1,1,19,True,2161.5,5420.2,0.0,0.0,0.0,0.0,0.0,0.0,0.0,0.0,0.0,0.0,0.0,48.0,48.0,0.0,110000.0,0.0,1.0,0.0,1.0,1.0,5.0,6748.0,4.0,2908.0,1351.0,5.75523405114186,460000.0,570000.0,3,12000.0,True,False,True,0,1.0
MLC-2031478279,1.0,1,1,10,True,1200.9,1200.9,5.0,0.0,1.0,0.0,1.0,1.0,2.0,1.0,0.0,0.0,0.0,30.0,37.9,0.0,60000.0,1.0,1.0,0.0,1.0,1.0,5.0,6741.0,4.0,1295.0,716.0,36.9900234018146,420000.0,480000.0,2,13666.666666666666,True,False,False,0,0.79155672823219
MLC-2092476649,1.0,1,1,10,True,5303.3,5303.3,0.0,0.0,0.0,0.0,0.0,0.0,0.0,0.0,0.0,0.0,0.0,40.0,40.0,1.0,45000.0,0.0,0.0,0.0,1.0,1.0,7.0,6684.0,4.0,6833.0,3079.0,90.5171296845883,450000.0,495000.0,4,9827.201783723522,True,False,False,0,1.0
MLC-4188213580,2.0,2,2,0,True,2271.6,3230.5,2.0,0.0,0.0,0.0,0.0,0.0,0.0,0.0,0.0,0.0,0.0,90.0,86.0,0.0,180000.0,0.0,1.0,0.0,1.0,1.0,5.0,6748.0,4.0,2908.0,1351.0,5.75523405114186,1500000.0,1680000.0,3,11537.81512605042,True,False,True,0,1.0465116279069768
MLC-4176331338,2.0,1,2,11,True,1681.8,2996.7,4.0,0.0,0.0,0.0,0.0,0.0,0.0,0.0,0.0,0.0,0.0,64.0,60.0,0.0,70000.0,0.0,1.0,0.0,0.0,1.0,6.0,5879.0,4.0,12234.0,5977.0,80.4354882614475,450000.0,520000.0,0,10166.666666666666,True,False,True,0,1.0666666666666667
MLC-4225060940,2.0,1,2,8,True,3899.8,3899.8,3.0,0.0,0.0,0.0,1.0,0.0,0.0,0.0,0.0,0.0,0.0,66.0,61.0,1.0,100000.0,1.0,0.0,0.0,1.0,1.0,1.0,6684.0,4.0,6833.0,3079.0,90.5171296845883,650000.0,750000.0,4,12295.081967213115,True,False,False,0,1.0819672131147542
MLC-4225854466,1.0,0,1,1,True,1927.1,1927.1,5.0,0.0,0.0,0.0,2.0,0.0,0.0,0.0,0.0,0.0,0.0,33.0,33.0,0.0,0.0,0.0,0.0,0.0,1.0,1.0,8.0,6019.0,3.0,4332.0,2303.0,55.0392235701766,440000.0,440000.0,4,12916.666666666666,True,False,False,0,1.0
MLC-4179311664,1.0,1,1,0,True,699.4,699.4,5.0,1.0,4.0,0.0,0.0,2.0,2.0,1.0,0.0,0.0,0.0,33.1,37.9,1.0,40000.0,0.0,0.0,0.0,0.0,1.0,10.0,4644.0,1.0,2739.0,1645.0,100.0,350000.0,390000.0,2,12400.0,True,False,False,0,0.8733509234828497
MLC-4188420396,1.0,0,1,3,True,1437.0,1437.0,5.0,1.0,1.0,2.0,0.0,1.0,0.0,0.0,0.0,1.0,0.0,33.1,37.9,0.0,45000.0,0.0,0.0,0.0,0.0,0.0,15.0,6691.0,4.0,2810.0,1764.0,100.0,390000.0,435000.0,4,12400.0,True,False,False,1,0.8733509234828497
MLC-4228877594,1.0,0,1,15,True,876.1,876.1,5.0,5.0,1.0,1.0,1.0,2.0,2.0,0.0,0.0,3.0,0.0,40.0,40.0,0.0,50000.0,0.0,0.0,0.0,1.0,1.0,8.0,6636.0,4.0,2317.0,1552.0,99.9999999999999,400000.0,450000.0,2,12572.173215717723,True,False,False,0,1.0
MLC-2081716159,1.0,0,1,0,False,1445.5,1445.5,5.0,1.0,0.0,1.0,1.0,2.0,0.0,0.0,0.0,1.0,0.0,33.0,33.0,0.0,45000.0,0.0,0.0,0.0,0.0,1.0,9.0,6382.0,3.0,2472.0,1579.0,44.7477970543667,400000.0,445000.0,4,12483.783783783783,True,False,False,0,1.0
MLC-4225852304,1.0,0,1,1,False,710.8,710.8,5.0,5.0,2.0,0.0,1.0,0.0,0.0,0.0,0.0,1.0,0.0,45.0,40.0,0.0,70000.0,1.0,0.0,0.0,1.0,1.0,1.0,6636.0,4.0,2317.0,1552.0,99.9999999999999,480000.0,550000.0,2,12753.289705882353,True,False,False,0,1.125
MLC-1971389875,1.0,0,1,6,True,751.5,751.5,5.0,5.0,1.0,1.0,1.0,1.0,2.0,1.0,0.0,5.0,0.0,32.0,37.9,0.0,70000.0,0.0,0.0,0.0,1.0,1.0,13.0,6768.0,4.0,1656.0,1111.0,100.0,395000.0,465000.0,2,11777.777777777777,True,False,False,0,0.8443271767810027
MLC-1990065701,1.0,0,1,3,True,747.5,747.5,4.0,3.0,3.0,0.0,1.0,0.0,0.0,0.0,0.0,0.0,0.0,40.0,36.0,1.0,70000.0,0.0,0.0,0.0,1.0,1.0,13.0,6636.0,4.0,2317.0,1552.0,99.9999999999999,430000.0,500000.0,2,12753.289705882353,True,False,False,0,1.1111111111111112
MLC-2007747063,2.0,1,2,1,True,375.2,375.2,5.0,1.0,5.0,5.0,1.0,5.0,5.0,1.0,0.0,4.0,0.0,45.9,45.0,0.0,0.0,0.0,0.0,0.0,0.0,1.0,14.0,5332.0,1.0,4499.0,2404.0,100.0,580000.0,580000.0,2,12178.387650085764,True,False,False,0,1.02
MLC-4225854490,1.0,0,1,2,True,980.9,980.9,5.0,3.0,1.0,0.0,1.0,0.0,0.0,0.0,0.0,0.0,0.0,45.0,45.0,0.0,0.0,1.0,0.0,0.0,1.0,1.0,2.0,5492.0,1.0,2073.0,1418.0,100.0,450000.0,450000.0,2,12217.021276595744,True,False,False,1,1.0
MLC-4229149308,3.0,1,3,25,True,1134.3,1134.3,5.0,4.0,4.0,1.0,1.0,0.0,0.0,0.0,0.0,2.0,0.0,103.0,103.0,0.0,180000.0,0.0,0.0,0.0,1.0,1.0,10.0,6691.0,4.0,2810.0,1764.0,100.0,1300000.0,1480000.0,4,12142.857142857143,True,False,False,0,1.0
MLC-2059433901,1.0,1,1,6,True,1256.0,1256.0,5.0,0.0,1.0,0.0,3.0,1.0,1.0,0.0,0.0,0.0,0.0,31.0,31.0,0.0,0.0,0.0,0.0,0.0,1.0,1.0,8.0,6279.0,3.0,2598.0,1648.0,100.0,550000.0,550000.0,2,12333.333333333334,True,False,False,1,1.0
MLC-2081791431,2.0,1,2,0,False,699.7,699.7,5.0,1.0,4.0,0.0,0.0,2.0,2.0,1.0,0.0,0.0,0.0,59.7,58.3,0.0,0.0,0.0,0.0,0.0,1.0,1.0,21.0,4644.0,1.0,2739.0,1645.0,100.0,500000.0,500000.0,2,12400.0,True,False,False,0,1.0240137221269299
MLC-2007823077,3.0,1,4,0,False,968.5,968.5,5.0,5.0,3.0,2.0,1.0,2.0,3.0,1.0,2.0,5.0,0.0,106.0,106.0,1.0,23000.0,0.0,0.0,0.0,0.0,0.0,3.0,5492.0,1.0,2073.0,1418.0,100.0,750000.0,773000.0,2,11929.82456140351,True,False,False,0,1.0
MLC-4234264482,1.0,0,0,1,True,3240.9,3240.9,5.0,0.0,2.0,0.0,4.0,2.0,1.0,0.0,0.0,0.0,0.0,31.4,35.7,0.0,35000.0,0.0,0.0,0.0,0.0,0.0,1.0,6571.0,4.0,1072.0,625.0,89.9626305483346,438258.92000000004,473258.92000000004,0,10980.172689478733,True,False,False,0,0.8795518207282912
MLC-4225153040,1.0,1,1,5,True,521.2,521.2,5.0,5.0,5.0,4.0,3.0,0.0,5.0,0.0,0.0,5.0,0.0,33.0,33.0,1.0,80000.0,0.0,0.0,0.0,1.0,0.0,9.0,6636.0,4.0,2317.0,1552.0,99.9999999999999,530982.27,610982.27,2,12142.857142857143,True,False,False,1,1.0
MLC-4155495838,1.0,1,1,3,True,1437.0,1437.0,5.0,1.0,1.0,2.0,0.0,1.0,0.0,0.0,0.0,1.0,0.0,45.0,41.0,1.0,49000.0,0.0,0.0,0.0,1.0,1.0,4.0,6691.0,4.0,2810.0,1764.0,100.0,430000.0,479000.0,4,12400.0,True,False,False,0,1.0975609756097562
MLC-4229051472,1.0,1,1,26,False,1229.0,1229.0,1.0,2.0,1.0,0.0,0.0,0.0,0.0,0.0,0.0,0.0,0.0,45.0,38.0,0.0,0.0,0.0,0.0,0.0,0.0,0.0,1.0,4687.0,1.0,2156.0,1177.0,57.9263203269884,500000.0,500000.0,2,13157.894736842105,True,False,False,0,1.1842105263157894
MLC-2081790977,1.0,0,1,4,True,1349.2,1349.2,5.0,1.0,1.0,0.0,5.0,3.0,1.0,0.0,0.0,0.0,0.0,40.0,32.0,0.0,50000.0,1.0,0.0,0.0,1.0,1.0,13.0,6279.0,3.0,2598.0,1648.0,100.0,440000.0,490000.0,2,11609.498680738787,True,False,False,0,1.25
MLC-2081845075,2.0,1,2,0,True,790.9,790.9,5.0,4.0,0.0,0.0,1.0,1.0,2.0,1.0,0.0,5.0,0.0,55.0,58.0,0.0,75000.0,0.0,0.0,0.0,1.0,1.0,6.0,6768.0,4.0,1656.0,1111.0,100.0,680000.0,755000.0,2,11777.777777777777,True,False,False,0,0.9482758620689655
MLC-2082068851,2.0,1,3,11,True,2075.2,5241.1,0.0,0.0,1.0,0.0,0.0,0.0,0.0,0.0,0.0,0.0,0.0,130.0,130.0,1.0,225000.0,0.0,1.0,0.0,1.0,1.0,1.0,6748.0,4.0,2908.0,1351.0,5.75523405114186,1400000.0,1625000.0,3,12000.0,True,False,True,1,1.0
MLC-2012985477,1.0,0,1,0,True,723.7,723.7,5.0,5.0,5.0,3.0,2.0,1.0,5.0,0.0,0.0,3.0,0.0,45.0,45.0,0.0,70000.0,0.0,0.0,0.0,1.0,1.0,14.0,6636.0,4.0,2317.0,1552.0,99.9999999999999,450000.0,520000.0,2,12744.569381243064,True,False,False,0,1.0
MLC-2082069733,3.0,1,3,15,True,8352.8,3270.6,5.0,0.0,2.0,0.0,1.0,0.0,0.0,0.0,0.0,0.0,0.0,150.0,140.0,0.0,195000.0,0.0,1.0,0.0,1.0,1.0,18.0,6624.0,4.0,1277.0,600.0,16.149253186174,1700000.0,1895000.0,1,11315.78947368421,True,True,False,0,1.0714285714285714
MLC-2082076729,4.0,1,4,0,False,1939.7,1939.7,5.0,2.0,2.0,0.0,0.0,1.0,2.0,0.0,0.0,2.0,0.0,110.0,110.0,0.0,0.0,0.0,0.0,0.0,1.0,0.0,1.0,6741.0,4.0,1295.0,716.0,36.9900234018146,1100000.0,1100000.0,2,10465.116279069767,True,False,False,0,1.0
MLC-4229155752,2.0,1,2,4,False,3935.7,3935.7,0.0,0.0,0.0,0.0,0.0,0.0,0.0,0.0,0.0,0.0,0.0,75.0,61.0,1.0,130000.0,0.0,0.0,0.0,0.0,1.0,5.0,6684.0,4.0,6833.0,3079.0,90.5171296845883,700000.0,830000.0,4,12212.36559139785,True,False,False,0,1.2295081967213115
MLC-2082077301,1.0,1,2,16,True,1591.2,1591.2,4.0,1.0,0.0,0.0,2.0,2.0,0.0,0.0,0.0,0.0,0.0,64.0,60.0,0.0,0.0,0.0,1.0,0.0,0.0,0.0,1.0,5924.0,2.0,3532.0,1915.0,100.0,630000.0,630000.0,4,11631.578947368422,True,False,False,1,1.0666666666666667
MLC-4229317462,1.0,0,2,1,True,747.5,747.5,4.0,3.0,3.0,0.0,1.0,0.0,0.0,0.0,0.0,0.0,0.0,46.9,45.0,0.0,80000.0,0.0,0.0,0.0,0.0,1.0,1.0,6636.0,4.0,2317.0,1552.0,99.9999999999999,550000.0,630000.0,2,12753.289705882353,True,False,False,0,1.0422222222222222
MLC-2082159095,2.0,1,2,4,False,1110.2,1110.2,4.0,0.0,1.0,0.0,3.0,0.0,0.0,0.0,0.0,0.0,0.0,52.0,52.0,1.0,72000.0,0.0,0.0,0.0,1.0,1.0,1.0,5941.0,2.0,3137.0,1891.0,100.0,530000.0,602000.0,2,11018.518518518518,True,False,False,0,1.0
MLC-4229155580,1.0,0,1,23,True,775.2,775.2,5.0,4.0,1.0,0.0,3.0,1.0,3.0,2.0,0.0,4.0,0.0,35.0,35.0,0.0,0.0,0.0,0.0,0.0,1.0,1.0,1.0,3967.0,1.0,2152.0,1148.0,50.505791961991,390000.0,390000.0,2,11285.714285714286,True,False,False,0,1.0
MLC-2082078535,1.0,1,2,14,True,3664.3,3664.3,5.0,0.0,2.0,0.0,2.0,0.0,0.0,0.0,0.0,0.0,0.0,60.0,60.0,0.0,65000.0,0.0,0.0,0.0,0.0,0.0,2.0,6324.0,3.0,3689.0,1875.0,97.5302584398257,450000.0,515000.0,0,8571.42857142857,True,False,False,0,1.0
MLC-4229319472,2.0,1,2,10,True,4860.4,4860.4,5.0,2.0,0.0,0.0,3.0,0.0,0.0,0.0,0.0,0.0,0.0,59.7,58.3,0.0,80000.0,1.0,0.0,0.0,1.0,1.0,4.0,6282.0,3.0,12506.0,6078.0,99.9999999999999,530000.0,610000.0,4,11168.384879725085,True,False,False,0,1.0240137221269299
MLC-2082128719,2.0,1,2,10,True,4860.4,4860.4,5.0,2.0,0.0,0.0,3.0,0.0,0.0,0.0,0.0,0.0,0.0,59.7,58.3,0.0,80000.0,1.0,0.0,0.0,1.0,1.0,3.0,6282.0,3.0,12506.0,6078.0,99.9999999999999,630000.0,710000.0,4,11041.666666666666,True,False,False,0,1.0240137221269299
MLC-2082161971,1.0,1,2,1,False,528.0,4636.6,0.0,0.0,0.0,0.0,0.0,0.0,0.0,0.0,0.0,0.0,0.0,45.0,45.0,0.0,0.0,0.0,0.0,0.0,0.0,0.0,2.0,5879.0,4.0,12234.0,5977.0,80.4354882614475,550000.0,550000.0,0,10882.35294117647,True,False,True,0,1.0
MLC-4229316534,2.0,2,2,7,True,1847.8,1847.8,0.0,0.0,0.0,0.0,0.0,0.0,0.0,0.0,0.0,0.0,0.0,53.0,53.0,0.0,80000.0,1.0,0.0,0.0,1.0,1.0,1.0,4687.0,1.0,2156.0,1177.0,57.9263203269884,515000.0,595000.0,2,12959.25925925926,True,False,False,0,1.0
MLC-2082162081,1.0,1,3,7,False,7008.3,5586.4,1.0,0.0,0.0,0.0,0.0,0.0,0.0,0.0,0.0,0.0,0.0,55.0,54.0,0.0,40000.0,0.0,0.0,0.0,1.0,0.0,1.0,6375.0,4.0,4591.0,2555.0,80.1239481965662,500000.0,540000.0,1,9204.097714736014,True,True,False,0,1.0185185185185186
MLC-2082073995,2.0,2,2,0,True,1015.8,4236.5,1.0,0.0,1.0,0.0,0.0,0.0,3.0,0.0,1.0,0.0,0.0,98.0,80.0,1.0,140000.0,1.0,1.0,0.0,1.0,1.0,3.0,6748.0,4.0,2908.0,1351.0,5.75523405114186,950000.0,1090000.0,3,12420.32967032967,True,False,True,0,1.225
MLC-2082160601,2.0,1,2,0,True,830.0,12415.0,5.0,0.0,1.0,0.0,0.0,1.0,0.0,0.0,0.0,0.0,0.0,76.0,76.0,0.0,80000.0,1.0,0.0,0.0,1.0,0.0,2.0,5136.0,2.0,13939.0,6879.0,81.3670347779654,600000.0,680000.0,1,8915.534804753821,True,True,False,0,1.0
MLC-2082126315,3.0,2,4,30,True,8584.9,3019.8,5.0,0.0,1.0,0.0,0.0,1.0,0.0,0.0,0.0,0.0,0.0,150.0,145.0,1.0,230000.0,1.0,1.0,0.0,1.0,1.0,4.0,6741.0,4.0,1295.0,716.0,36.9900234018146,1300000.0,1530000.0,1,11315.78947368421,True,True,False,0,1.0344827586206897
MLC-4230654418,2.0,1,2,0,True,1787.3,4908.7,0.0,0.0,0.0,0.0,0.0,0.0,0.0,0.0,0.0,0.0,0.0,77.0,73.0,1.0,100000.0,1.0,1.0,0.0,1.0,1.0,3.0,6748.0,4.0,2908.0,1351.0,5.75523405114186,780000.0,880000.0,3,10940.347970173985,True,False,True,0,1.0547945205479452
MLC-4230798896,1.0,1,2,11,True,6017.9,6716.5,3.0,1.0,0.0,0.0,0.0,0.0,0.0,0.0,0.0,0.0,0.0,50.0,48.0,1.0,55000.0,0.0,1.0,0.0,1.0,0.0,2.0,6682.0,4.0,4021.0,1996.0,65.5175717706704,530000.0,585000.0,1,12500.0,True,True,False,0,1.0416666666666667
MLC-4230654138,2.0,0,2,4,False,1275.4,1275.4,5.0,1.0,1.0,1.0,4.0,2.0,0.0,1.0,0.0,3.0,0.0,52.0,52.0,0.0,65000.0,0.0,1.0,0.0,0.0,1.0,4.0,4889.0,1.0,6948.0,3534.0,56.3609274194969,440000.0,505000.0,2,9737.373737373739,True,False,False,0,1.0
MLC-4230680892,1.0,1,1,0,False,1543.4,1543.4,5.0,0.0,0.0,0.0,2.0,0.0,0.0,0.0,0.0,0.0,0.0,30.0,30.0,0.0,35000.0,1.0,0.0,0.0,1.0,0.0,1.0,5752.0,2.0,3137.0,1789.0,100.0,400000.0,435000.0,1,9600.0,True,False,False,0,1.0
MLC-4229766402,1.0,1,1,2,False,792.5,792.5,5.0,5.0,0.0,0.0,1.0,1.0,2.0,2.0,0.0,5.0,0.0,33.1,37.9,1.0,0.0,0.0,0.0,0.0,1.0,1.0,6.0,6768.0,4.0,1656.0,1111.0,100.0,420000.0,420000.0,2,11891.891891891892,True,False,False,0,0.8733509234828497
MLC-4230654884,1.0,1,1,1,True,2823.6,6960.6,4.0,0.0,0.0,0.0,0.0,0.0,0.0,0.0,0.0,0.0,0.0,45.0,43.0,1.0,50000.0,1.0,0.0,0.0,1.0,1.0,1.0,5385.0,3.0,323.0,156.0,19.0571301445678,410000.0,460000.0,2,11857.142857142857,True,False,True,0,1.0465116279069768
MLC-4113212012,1.0,1,2,0,True,7702.7,11210.8,0.0,0.0,0.0,0.0,0.0,0.0,0.0,0.0,0.0,0.0,0.0,48.0,46.0,0.0,50000.0,1.0,1.0,0.0,1.0,1.0,1.0,4426.0,2.0,23629.0,10635.0,64.8623594811321,450000.0,500000.0,0,9361.702127659575,True,False,True,0,1.0434782608695652
MLC-2012996929,2.0,1,2,3,True,1141.4,1141.4,5.0,0.0,1.0,0.0,5.0,0.0,0.0,0.0,0.0,0.0,0.0,47.0,44.0,0.0,85000.0,0.0,0.0,0.0,1.0,0.0,1.0,5752.0,2.0,3137.0,1789.0,100.0,480000.0,565000.0,2,9572.727272727272,True,False,False,0,1.0681818181818181
MLC-2013006767,1.0,1,1,26,False,1382.3,1382.3,1.0,1.0,1.0,0.0,0.0,0.0,0.0,0.0,0.0,0.0,0.0,35.0,35.0,1.0,60000.0,0.0,0.0,0.0,0.0,1.0,2.0,4687.0,1.0,2156.0,1177.0,57.9263203269884,400000.0,460000.0,2,13157.894736842105,True,False,False,0,1.0
MLC-4230801278,2.0,1,2,5,False,476.7,476.7,5.0,5.0,3.0,5.0,1.0,1.0,5.0,1.0,0.0,5.0,0.0,66.0,61.0,1.0,130000.0,1.0,0.0,0.0,1.0,0.0,16.0,6318.0,3.0,1035.0,677.0,100.0,650000.0,780000.0,2,11692.307692307691,True,False,False,0,1.0819672131147542
MLC-4230660138,1.0,0,3,12,True,4319.3,4319.3,0.0,0.0,0.0,0.0,0.0,0.0,0.0,0.0,0.0,0.0,0.0,54.0,54.0,0.0,0.0,0.0,0.0,0.0,1.0,0.0,4.0,5569.0,2.0,8881.0,4312.0,47.4765461690525,450000.0,450000.0,0,8611.111111111111,True,False,False,0,1.0
MLC-4230685814,1.0,1,1,13,False,825.9,825.9,5.0,4.0,2.0,1.0,1.0,3.0,0.0,1.0,0.0,3.0,0.0,37.0,33.0,0.0,65000.0,1.0,1.0,0.0,1.0,1.0,6.0,5492.0,1.0,2073.0,1418.0,100.0,440000.0,505000.0,2,12242.021276595744,True,False,False,0,1.121212121212121
MLC-2084198431,1.0,1,2,0,False,2583.2,5167.5,0.0,0.0,0.0,0.0,0.0,0.0,0.0,0.0,0.0,0.0,0.0,50.0,50.0,0.0,10000.0,0.0,0.0,0.0,0.0,0.0,1.0,6117.0,4.0,6313.0,3653.0,99.9999999999999,400000.0,410000.0,1,9666.666666666666,True,True,False,0,1.0
MLC-4116737804,2.0,1,2,5,True,9940.5,34611.7,0.0,0.0,0.0,0.0,0.0,0.0,0.0,0.0,0.0,0.0,0.0,69.6,69.5,0.0,150000.0,0.0,0.0,0.0,0.0,0.0,1.0,2449.0,2.0,986.0,583.0,51.3838868908969,700000.0,850000.0,2,12000.0,True,True,False,0,1.0014388489208632
MLC-2013011439,1.0,0,1,4,True,747.5,747.5,4.0,3.0,3.0,0.0,1.0,0.0,0.0,0.0,0.0,0.0,0.0,33.1,37.9,0.0,40000.0,0.0,0.0,0.0,1.0,1.0,4.0,6636.0,4.0,2317.0,1552.0,99.9999999999999,385000.0,425000.0,2,12755.102040816326,True,False,False,0,0.8733509234828497
MLC-4230690202,1.0,1,1,15,True,1445.8,4860.8,0.0,1.0,0.0,0.0,0.0,0.0,0.0,0.0,0.0,0.0,0.0,45.0,40.0,1.0,110000.0,1.0,1.0,0.0,1.0,0.0,4.0,6748.0,4.0,2908.0,1351.0,5.75523405114186,400000.0,510000.0,3,11326.671128466121,True,False,True,0,1.125
MLC-4234264150,2.0,1,3,0,False,5269.8,9423.8,0.0,0.0,0.0,0.0,0.0,0.0,0.0,0.0,0.0,0.0,0.0,63.0,63.0,0.0,116000.0,0.0,0.0,0.0,0.0,0.0,6.0,1859.0,2.0,27535.0,12357.0,68.1398650783455,600000.0,716000.0,0,10620.192307692309,True,False,True,0,1.0
MLC-4234129782,2.0,1,2,2,True,2299.0,3357.9,0.0,0.0,0.0,0.0,0.0,0.0,0.0,0.0,0.0,0.0,0.0,89.6,64.3,1.0,100000.0,1.0,1.0,0.0,1.0,1.0,2.0,6748.0,4.0,2908.0,1351.0,5.75523405114186,800000.0,900000.0,3,11054.091539528432,True,False,True,0,1.3934681181959565
MLC-2013968025,1.0,1,2,0,True,375.2,375.2,5.0,1.0,5.0,5.0,1.0,5.0,5.0,1.0,0.0,4.0,0.0,50.0,45.0,0.0,42000.0,0.0,0.0,0.0,1.0,0.0,1.0,5332.0,1.0,4499.0,2404.0,100.0,630000.0,672000.0,2,12178.387650085764,True,False,False,0,1.1111111111111112
MLC-2063351339,2.0,1,2,0,True,1117.0,1117.0,5.0,1.0,3.0,0.0,5.0,1.0,0.0,0.0,0.0,0.0,0.0,65.0,65.0,0.0,0.0,0.0,0.0,0.0,0.0,0.0,2.0,6279.0,3.0,2598.0,1648.0,100.0,520000.0,520000.0,2,11375.0,True,False,False,0,1.0
MLC-4234137234,1.0,0,0,1,True,3240.9,3240.9,5.0,0.0,2.0,0.0,4.0,2.0,1.0,0.0,0.0,0.0,0.0,31.4,35.7,0.0,35000.0,0.0,0.0,0.0,0.0,0.0,1.0,6571.0,4.0,1072.0,625.0,89.9626305483346,438258.92000000004,473258.92000000004,0,10980.172689478733,True,False,False,0,0.8795518207282912
MLC-4234030096,1.0,0,1,6,False,676.4,676.4,5.0,5.0,0.0,2.0,1.0,1.0,4.0,2.0,0.0,5.0,0.0,33.1,37.9,0.0,0.0,0.0,0.0,0.0,0.0,0.0,1.0,6768.0,4.0,1656.0,1111.0,100.0,250000.0,250000.0,2,11777.777777777777,True,False,False,0,0.8733509234828497
MLC-4191823136,2.0,1,2,12,True,1461.6,4986.5,0.0,1.0,0.0,0.0,0.0,0.0,0.0,0.0,0.0,0.0,0.0,70.0,63.0,0.0,120000.0,1.0,1.0,0.0,0.0,1.0,8.0,6748.0,4.0,2908.0,1351.0,5.75523405114186,640000.0,760000.0,3,11353.03265940902,True,False,True,0,1.1111111111111112
MLC-2016092561,2.0,1,2,9,False,1162.2,1162.2,0.0,0.0,0.0,0.0,0.0,0.0,0.0,0.0,0.0,0.0,0.0,52.0,50.0,1.0,80000.0,1.0,0.0,0.0,1.0,1.0,4.0,6382.0,3.0,2472.0,1579.0,44.7477970543667,570000.0,650000.0,4,11873.35092348285,True,False,False,0,1.04
MLC-4234137922,1.0,1,1,5,True,3913.1,3913.1,4.0,0.0,0.0,0.0,0.0,0.0,0.0,0.0,0.0,0.0,0.0,35.0,35.0,0.0,55000.0,0.0,1.0,0.0,1.0,1.0,3.0,6684.0,4.0,6833.0,3079.0,90.5171296845883,410000.0,465000.0,4,12379.006913890635,True,False,False,0,1.0
MLC-4191870164,2.0,1,3,2,True,716.1,716.1,5.0,5.0,5.0,3.0,3.0,3.0,5.0,2.0,0.0,5.0,0.0,89.0,85.0,0.0,100000.0,0.0,0.0,0.0,1.0,1.0,16.0,6636.0,4.0,2317.0,1552.0,99.9999999999999,800000.0,900000.0,2,12550.256208119827,True,False,False,0,1.0470588235294118
MLC-4191769766,1.0,1,2,8,True,4610.8,4610.8,2.0,0.0,0.0,0.0,0.0,0.0,1.0,0.0,0.0,0.0,0.0,61.0,55.0,0.0,50000.0,1.0,0.0,0.0,1.0,0.0,1.0,6409.0,4.0,6576.0,3080.0,94.3101149608368,410000.0,460000.0,0,9433.962264150943,True,False,False,0,1.1090909090909091
MLC-2016434407,2.0,1,3,0,False,4915.3,4915.3,4.0,0.0,0.0,0.0,0.0,0.0,0.0,0.0,0.0,0.0,0.0,72.0,68.0,0.0,90000.0,0.0,1.0,0.0,1.0,1.0,1.0,6684.0,4.0,6833.0,3079.0,90.5171296845883,560000.0,650000.0,4,10285.714285714286,True,False,False,0,1.0588235294117647
MLC-4233323298,1.0,0,1,5,False,614.5,614.5,5.0,5.0,1.0,5.0,0.0,1.0,5.0,2.0,0.0,5.0,0.0,42.0,42.0,0.0,55000.0,0.0,0.0,0.0,1.0,1.0,18.0,6768.0,4.0,1656.0,1111.0,100.0,500000.0,555000.0,2,11718.75,True,False,False,1,1.0
MLC-2016676681,1.0,1,1,8,True,1033.7,5098.8,1.0,0.0,0.0,0.0,0.0,0.0,0.0,0.0,0.0,0.0,0.0,65.0,65.0,0.0,89000.0,0.0,0.0,0.0,1.0,0.0,2.0,4433.0,3.0,20174.0,9883.0,82.4572189855629,550000.0,639000.0,4,10477.272727272728,True,False,True,0,1.0
MLC-2064055437,1.0,0,1,14,True,751.5,751.5,5.0,5.0,1.0,1.0,1.0,1.0,2.0,1.0,0.0,5.0,0.0,42.0,40.0,1.0,70000.0,0.0,0.0,0.0,1.0,1.0,18.0,6768.0,4.0,1656.0,1111.0,100.0,430000.0,500000.0,2,11777.777777777777,True,False,False,0,1.05
MLC-4234025980,1.0,1,1,0,True,598.4,598.4,5.0,5.0,1.0,5.0,0.0,1.0,5.0,2.0,0.0,5.0,0.0,40.1,38.0,0.0,80000.0,1.0,0.0,0.0,0.0,1.0,12.0,6768.0,4.0,1656.0,1111.0,100.0,469999.0,549999.0,2,11777.777777777777,True,False,False,0,1.055263157894737
MLC-4234257110,2.0,0,2,0,True,758.0,758.0,5.0,0.0,4.0,0.0,1.0,0.0,0.0,0.0,0.0,0.0,0.0,65.0,65.0,0.0,50000.0,0.0,0.0,0.0,1.0,1.0,1.0,4644.0,1.0,2739.0,1645.0,100.0,600000.0,650000.0,2,11247.208931419456,True,False,False,0,1.0
MLC-2018144467,1.0,0,1,0,False,813.7,813.7,5.0,4.0,0.0,0.0,1.0,1.0,2.0,2.0,0.0,5.0,0.0,33.1,37.9,0.0,55000.0,0.0,0.0,0.0,1.0,1.0,1.0,6768.0,4.0,1656.0,1111.0,100.0,330000.0,385000.0,2,11944.444444444445,True,False,False,0,0.8733509234828497
MLC-4230663614,2.0,0,2,17,False,402.6,402.6,5.0,5.0,5.0,3.0,2.0,4.0,5.0,2.0,0.0,3.0,0.0,64.0,64.0,0.0,65000.0,0.0,0.0,0.0,1.0,1.0,1.0,3511.0,1.0,1254.0,785.0,100.0,470000.0,535000.0,2,11508.333333333332,True,False,False,0,1.0
MLC-2018146297,2.0,1,2,10,True,3788.9,7920.5,5.0,2.0,0.0,0.0,3.0,1.0,0.0,0.0,0.0,0.0,1.0,62.0,60.0,0.0,0.0,0.0,0.0,0.0,1.0,0.0,1.0,1859.0,2.0,27535.0,12357.0,68.1398650783455,500000.0,500000.0,0,7782.924528301886,True,False,True,0,1.0333333333333334
MLC-4234289642,1.0,0,0,1,True,3240.9,3240.9,5.0,0.0,2.0,0.0,4.0,2.0,1.0,0.0,0.0,0.0,0.0,33.0,33.0,0.0,35000.0,0.0,0.0,0.0,0.0,0.0,1.0,6571.0,4.0,1072.0,625.0,89.9626305483346,438258.92000000004,473258.92000000004,0,10980.172689478733,True,False,False,0,1.0
MLC-4233323214,2.0,0,2,0,True,482.1,482.1,5.0,2.0,3.0,1.0,1.0,3.0,5.0,2.0,0.0,2.0,0.0,57.0,54.0,0.0,110000.0,0.0,0.0,0.0,1.0,1.0,9.0,3511.0,1.0,1254.0,785.0,100.0,500000.0,610000.0,2,11755.31914893617,True,False,False,0,1.0555555555555556
MLC-4230662684,1.0,0,2,3,True,705.0,705.0,5.0,5.0,2.0,2.0,0.0,2.0,2.0,0.0,0.0,3.0,0.0,50.0,50.0,0.0,70000.0,0.0,0.0,0.0,1.0,1.0,2.0,6636.0,4.0,2317.0,1552.0,99.9999999999999,450000.0,520000.0,2,12754.19587334934,True,False,False,0,1.0
MLC-4234137264,2.0,0,2,1,True,3240.9,3240.9,5.0,0.0,2.0,0.0,4.0,2.0,1.0,0.0,0.0,0.0,0.0,59.7,58.3,0.0,65000.0,0.0,0.0,0.0,0.0,0.0,1.0,6571.0,4.0,1072.0,625.0,89.9626305483346,637467.52,702467.52,0,10980.172689478733,True,False,False,0,1.0240137221269299
MLC-2018156819,2.0,1,3,1,True,5510.1,5510.1,0.0,0.0,0.0,0.0,0.0,0.0,0.0,0.0,0.0,0.0,0.0,70.0,67.0,0.0,90000.0,0.0,0.0,0.0,0.0,0.0,1.0,6684.0,4.0,6833.0,3079.0,90.5171296845883,600000.0,690000.0,4,11400.0,False,False,False,1,1.044776119402985
MLC-4234264442,2.0,0,2,1,True,3240.9,3240.9,5.0,0.0,2.0,0.0,4.0,2.0,1.0,0.0,0.0,0.0,0.0,59.7,58.3,0.0,65000.0,0.0,0.0,0.0,0.0,0.0,1.0,6571.0,4.0,1072.0,625.0,89.9626305483346,637467.52,702467.52,0,10980.172689478733,True,False,False,0,1.0240137221269299
MLC-2018301409,1.0,1,1,4,False,2625.4,2625.4,5.0,1.0,1.0,0.0,3.0,2.0,0.0,0.0,0.0,1.0,0.0,36.0,36.0,0.0,60000.0,0.0,0.0,0.0,0.0,1.0,1.0,5455.0,1.0,10400.0,5578.0,70.0075532601241,420000.0,480000.0,0,11361.526434085801,True,False,False,0,1.0
MLC-4235776206,1.0,1,1,0,True,1406.3,1406.3,5.0,2.0,4.0,2.0,1.0,4.0,1.0,0.0,0.0,2.0,0.0,40.0,40.0,0.0,60000.0,0.0,0.0,0.0,1.0,0.0,5.308641975308642,6382.0,3.0,2472.0,1579.0,44.7477970543667,550000.0,610000.0,4,12567.567567567568,True,False,False,0,1.0
MLC-4234262296,2.0,1,3,10,True,5381.3,5381.3,3.0,0.0,1.0,0.0,0.0,0.0,0.0,0.0,0.0,0.0,0.0,69.0,69.0,0.0,65000.0,0.0,0.0,0.0,1.0,1.0,1.0,6684.0,4.0,6833.0,3079.0,90.5171296845883,700000.0,765000.0,4,9827.201783723522,True,False,False,0,1.0
MLC-4198195444,1.0,1,3,0,False,676.6,12229.0,4.0,0.0,3.0,0.0,1.0,0.0,0.0,0.0,0.0,0.0,0.0,62.0,62.0,0.0,50000.0,1.0,1.0,0.0,1.0,0.0,1.0,5136.0,2.0,13939.0,6879.0,81.3670347779654,460000.0,510000.0,1,9276.315789473683,True,True,False,0,1.0
MLC-2084186181,1.0,0,1,4,True,760.3,760.3,5.0,5.0,0.0,0.0,1.0,1.0,3.0,2.0,0.0,5.0,0.0,34.0,34.0,0.0,0.0,0.0,0.0,0.0,1.0,1.0,1.0,6768.0,4.0,1656.0,1111.0,100.0,290000.0,290000.0,2,11777.777777777777,True,False,False,0,1.0
MLC-4233321216,2.0,1,2,8,False,903.3,903.3,5.0,5.0,0.0,1.0,1.0,1.0,2.0,2.0,0.0,5.0,0.0,59.7,58.3,1.0,110000.0,1.0,1.0,0.0,1.0,1.0,9.0,6768.0,4.0,1656.0,1111.0,100.0,660000.0,770000.0,2,12250.0,True,False,False,0,1.0240137221269299
MLC-4198199734,2.0,2,3,15,True,1445.8,4860.8,0.0,1.0,0.0,0.0,0.0,0.0,0.0,0.0,0.0,0.0,0.0,93.0,93.0,1.0,200000.0,1.0,0.0,0.0,1.0,0.0,4.0,6748.0,4.0,2908.0,1351.0,5.75523405114186,950000.0,1150000.0,3,11326.671128466121,True,False,True,0,1.0
MLC-4235675248,2.0,1,2,1,True,6171.3,6627.8,2.0,0.0,0.0,0.0,0.0,0.0,0.0,0.0,0.0,0.0,0.0,67.0,67.0,0.0,56000.0,1.0,0.0,0.0,1.0,1.0,6.0,6682.0,4.0,4021.0,1996.0,65.5175717706704,650000.0,706000.0,1,12500.0,True,True,False,0,1.0
MLC-4198500034,1.0,1,2,0,True,4556.3,4556.3,2.0,0.0,0.0,0.0,0.0,0.0,0.0,0.0,0.0,0.0,0.0,55.0,51.0,0.0,0.0,1.0,0.0,0.0,1.0,0.0,3.0,6282.0,3.0,12506.0,6078.0,99.9999999999999,500000.0,500000.0,4,10896.692439862542,True,False,False,0,1.0784313725490196
MLC-2084508313,1.0,1,1,4,True,1437.0,1437.0,5.0,1.0,1.0,2.0,0.0,1.0,0.0,0.0,0.0,1.0,0.0,45.0,41.0,1.0,49000.0,1.0,0.0,0.0,1.0,1.0,4.0,6691.0,4.0,2810.0,1764.0,100.0,390000.0,439000.0,4,12400.0,True,False,False,0,1.0975609756097562
MLC-2018303827,1.0,0,0,0,True,4651.6,4651.6,0.0,0.0,0.0,0.0,0.0,0.0,0.0,0.0,0.0,0.0,0.0,60.0,60.0,0.0,55000.0,1.0,0.0,0.0,1.0,0.0,2.0,6409.0,4.0,6576.0,3080.0,94.3101149608368,450000.0,505000.0,0,9433.962264150943,True,False,False,0,1.0
MLC-2084518617,2.0,0,3,19,True,1124.4,1124.4,5.0,4.0,0.0,0.0,1.0,0.0,2.0,0.0,1.0,2.0,0.0,96.0,96.0,0.0,120000.0,0.0,0.0,0.0,1.0,0.0,1.0,4687.0,1.0,2156.0,1177.0,57.9263203269884,780000.0,900000.0,2,12046.511627906977,True,False,False,0,1.0
MLC-2084509817,1.0,1,2,7,True,4214.6,8336.6,0.0,1.0,0.0,0.0,0.0,0.0,0.0,0.0,0.0,1.0,0.0,54.0,52.0,0.0,0.0,1.0,0.0,0.0,1.0,0.0,1.0,1859.0,2.0,27535.0,12357.0,68.1398650783455,375000.0,375000.0,0,9600.0,True,False,True,0,1.0384615384615385
MLC-4115695016,1.0,0,1,0,True,1034.2,1034.2,5.0,5.0,2.0,1.0,1.0,2.0,1.0,1.0,1.0,4.0,0.0,40.0,35.0,0.0,0.0,0.0,0.0,0.0,0.0,0.0,1.0,5492.0,1.0,2073.0,1418.0,100.0,460000.0,460000.0,4,12089.55223880597,True,False,False,0,1.1428571428571428
MLC-2084447639,2.0,1,3,0,True,1653.0,4644.7,1.0,1.0,1.0,0.0,0.0,1.0,1.0,0.0,0.0,0.0,0.0,80.0,80.0,0.0,95000.0,1.0,1.0,0.0,1.0,1.0,3.0,6748.0,4.0,2908.0,1351.0,5.75523405114186,620000.0,715000.0,3,11590.90909090909,True,False,True,0,1.0
MLC-2084447291,2.0,1,2,12,True,4448.6,8603.4,5.0,1.0,3.0,0.0,0.0,0.0,0.0,0.0,0.0,1.0,0.0,57.0,55.0,0.0,95000.0,0.0,0.0,0.0,1.0,1.0,5.0,1859.0,2.0,27535.0,12357.0,68.1398650783455,500000.0,595000.0,0,10438.59649122807,True,False,True,0,1.0363636363636364
MLC-2084522363,1.0,1,2,7,True,4214.6,8336.6,0.0,1.0,0.0,0.0,0.0,0.0,0.0,0.0,0.0,1.0,0.0,54.0,52.0,0.0,0.0,1.0,0.0,0.0,1.0,0.0,1.0,1859.0,2.0,27535.0,12357.0,68.1398650783455,550000.0,550000.0,0,8051.724137931034,True,False,True,1,1.0384615384615385
MLC-4235672548,2.0,1,3,18,True,794.2,4247.5,5.0,0.0,0.0,0.0,0.0,1.0,3.0,0.0,1.0,0.0,0.0,81.3,81.9,1.0,125000.0,1.0,0.0,0.0,1.0,1.0,3.0,6748.0,4.0,2908.0,1351.0,5.75523405114186,590000.0,715000.0,3,13841.368584758942,True,False,True,0,0.9926739926739926
MLC-4234530688,1.0,0,1,16,True,803.8,803.8,0.0,0.0,0.0,0.0,0.0,0.0,0.0,0.0,0.0,0.0,0.0,41.0,35.0,0.0,38000.0,1.0,0.0,0.0,1.0,1.0,5.0,3967.0,1.0,2152.0,1148.0,50.505791961991,400000.0,438000.0,2,11120.689655172413,True,False,False,0,1.1714285714285715
MLC-2076806695,2.0,1,3,6,False,2483.6,2483.6,0.0,0.0,0.0,0.0,0.0,0.0,0.0,0.0,0.0,0.0,0.0,79.0,79.0,0.0,175000.0,0.0,1.0,0.0,0.0,1.0,10.0,6741.0,4.0,1295.0,716.0,36.9900234018146,816895.8,991895.8,2,14171.156358768405,True,False,False,0,1.0
MLC-2018361181,1.0,1,1,0,True,790.9,790.9,5.0,4.0,0.0,0.0,1.0,1.0,2.0,1.0,0.0,5.0,0.0,42.0,42.0,0.0,80000.0,0.0,0.0,0.0,1.0,1.0,10.0,6768.0,4.0,1656.0,1111.0,100.0,550000.0,630000.0,2,11777.777777777777,True,False,False,0,1.0
MLC-4235672542,1.0,1,1,5,True,959.4,959.4,5.0,1.0,1.0,2.0,0.0,1.0,0.0,0.0,0.0,0.0,0.0,33.1,37.9,1.0,50000.0,0.0,0.0,0.0,1.0,1.0,1.0,4889.0,1.0,6948.0,3534.0,56.3609274194969,340000.0,390000.0,2,10833.333333333334,True,False,False,0,0.8733509234828497
MLC-4235675452,1.0,1,2,7,False,6674.9,5978.3,0.0,0.0,0.0,0.0,0.0,0.0,0.0,0.0,0.0,0.0,0.0,50.0,50.0,0.0,0.0,0.0,0.0,0.0,1.0,1.0,1.0,6375.0,4.0,4591.0,2555.0,80.1239481965662,550000.0,550000.0,1,11000.0,True,True,False,0,1.0
MLC-4235673268,1.0,0,1,2,False,783.9,783.9,5.0,5.0,0.0,0.0,1.0,1.0,2.0,2.0,0.0,5.0,0.0,30.0,37.9,0.0,49000.0,0.0,0.0,0.0,1.0,1.0,1.0,6768.0,4.0,1656.0,1111.0,100.0,370000.0,419000.0,2,11891.891891891892,True,False,False,0,0.79155672823219
MLC-4235673306,1.0,0,1,0,True,808.0,808.0,5.0,0.0,3.0,1.0,3.0,0.0,0.0,0.0,0.0,0.0,0.0,32.0,32.0,0.0,45000.0,0.0,0.0,0.0,0.0,1.0,2.0,5332.0,1.0,4499.0,2404.0,100.0,430000.0,475000.0,2,10137.5,True,False,False,0,1.0
MLC-4235777282,1.0,1,2,0,True,5171.0,5171.0,5.0,1.0,0.0,0.0,2.0,1.0,0.0,0.0,0.0,0.0,0.0,48.0,48.0,0.0,35000.0,0.0,0.0,0.0,1.0,0.0,1.0,6684.0,4.0,6833.0,3079.0,90.5171296845883,430000.0,465000.0,4,10142.857142857143,True,False,False,0,1.0
MLC-4235675448,1.0,1,1,6,False,3414.3,3414.3,5.0,0.0,0.0,1.0,0.0,2.0,0.0,0.0,0.0,0.0,0.0,49.0,49.0,0.0,0.0,0.0,0.0,0.0,1.0,1.0,1.0,6684.0,4.0,6833.0,3079.0,90.5171296845883,500000.0,500000.0,4,10204.081632653062,True,False,False,0,1.0
MLC-4235157774,2.0,0,2,5,True,1004.6,1004.6,5.0,3.0,2.0,0.0,1.0,0.0,1.0,0.0,0.0,0.0,0.0,60.0,60.0,0.0,0.0,0.0,0.0,0.0,0.0,0.0,1.0,6178.0,3.0,2620.0,1658.0,100.0,600000.0,600000.0,2,12361.111111111111,True,False,False,0,1.0
MLC-2019974483,2.0,0,2,0,True,4825.0,4825.0,0.0,0.0,0.0,0.0,0.0,0.0,0.0,0.0,0.0,0.0,0.0,59.7,58.3,0.0,0.0,0.0,0.0,0.0,1.0,1.0,1.0,6746.0,4.0,1359.0,578.0,0.79120010960881,550000.0,550000.0,0,10333.333333333334,True,False,False,0,1.0240137221269299
MLC-4089199438,1.0,0,1,5,False,1605.9,1605.9,5.0,1.0,0.0,0.0,3.0,2.0,0.0,0.0,0.0,0.0,0.0,40.0,38.0,0.0,55000.0,0.0,0.0,0.0,0.0,0.0,1.0,5924.0,2.0,3532.0,1915.0,100.0,420000.0,475000.0,4,11609.498680738787,True,False,False,0,1.0526315789473684
MLC-2092194145,1.0,1,3,0,True,2216.3,13799.1,5.0,2.0,1.0,0.0,0.0,3.0,0.0,0.0,0.0,0.0,0.0,54.0,54.0,0.0,45000.0,0.0,1.0,0.0,0.0,0.0,2.0,5136.0,2.0,13939.0,6879.0,81.3670347779654,440000.0,485000.0,0,8530.884808013356,True,True,False,0,1.0
MLC-4235680060,1.0,0,1,4,True,621.9,621.9,5.0,3.0,2.0,0.0,1.0,3.0,5.0,2.0,0.0,1.0,0.0,45.0,40.0,0.0,60000.0,0.0,0.0,0.0,1.0,1.0,10.0,5492.0,1.0,2073.0,1418.0,100.0,450000.0,510000.0,2,12295.081967213115,True,False,False,0,1.125
MLC-4235163798,2.0,1,3,21,False,2538.1,2538.1,0.0,0.0,0.0,0.0,0.0,0.0,0.0,0.0,0.0,0.0,0.0,74.0,70.0,0.0,70000.0,1.0,0.0,0.0,1.0,1.0,6.0,6304.0,3.0,4026.0,2134.0,100.0,530000.0,600000.0,4,12340.425531914894,True,False,False,0,1.0571428571428572
MLC-4235681034,2.0,0,3,9,True,2938.0,2938.0,5.0,0.0,1.0,0.0,2.0,3.0,1.0,0.0,0.0,0.0,0.0,75.0,75.0,0.0,0.0,0.0,0.0,0.0,1.0,1.0,16.0,5455.0,1.0,10400.0,5578.0,70.0075532601241,600000.0,600000.0,0,10738.831615120274,True,False,False,0,1.0
MLC-2091973533,2.0,1,2,2,True,1453.5,4542.4,1.0,1.0,1.0,0.0,0.0,1.0,1.0,0.0,0.0,0.0,0.0,86.0,86.0,1.0,150000.0,1.0,0.0,0.0,1.0,1.0,1.0,6748.0,4.0,2908.0,1351.0,5.75523405114186,850000.0,1000000.0,3,10493.827160493827,True,False,True,0,1.0
MLC-2020667863,1.0,0,3,4,False,2121.1,13706.1,5.0,0.0,1.0,0.0,0.0,2.0,0.0,0.0,0.0,0.0,0.0,55.0,53.0,0.0,85000.0,0.0,1.0,0.0,1.0,0.0,2.0,5136.0,2.0,13939.0,6879.0,81.3670347779654,420000.0,505000.0,0,8530.884808013356,True,True,False,0,1.0377358490566038
MLC-4235679726,2.0,1,2,10,True,4709.6,4709.6,5.0,0.0,0.0,0.0,0.0,0.0,0.0,0.0,0.0,0.0,0.0,65.0,65.0,0.0,100000.0,1.0,0.0,0.0,1.0,1.0,8.0,6282.0,3.0,12506.0,6078.0,99.9999999999999,750000.0,850000.0,4,10582.52427184466,True,False,False,1,1.0
MLC-4235683374,2.0,1,2,5,True,6161.2,6634.0,2.0,0.0,0.0,0.0,0.0,0.0,0.0,0.0,0.0,0.0,0.0,65.0,65.0,0.0,55000.0,0.0,0.0,0.0,1.0,1.0,1.0,6682.0,4.0,4021.0,1996.0,65.5175717706704,580000.0,635000.0,1,12500.0,True,True,False,0,1.0
MLC-4238303350,2.0,2,2,20,True,1925.8,1925.8,4.0,0.0,0.0,0.0,0.0,0.0,0.0,0.0,0.0,0.0,0.0,60.0,60.0,0.0,70000.0,0.0,0.0,0.0,0.0,0.0,1.0,6388.0,4.0,5415.0,2892.0,100.0,550000.0,620000.0,4,13000.0,True,False,False,0,1.0
MLC-2020552985,1.0,1,1,1,True,758.0,758.0,5.0,0.0,4.0,0.0,1.0,0.0,0.0,0.0,0.0,0.0,0.0,37.0,37.0,0.0,50000.0,0.0,0.0,0.0,1.0,1.0,9.0,4644.0,1.0,2739.0,1645.0,100.0,450000.0,500000.0,2,10950.859950859951,True,False,False,0,1.0
MLC-2020558437,2.0,1,2,5,True,2443.0,2443.0,5.0,0.0,1.0,0.0,0.0,1.0,1.0,0.0,0.0,0.0,0.0,53.0,51.0,1.0,115000.0,0.0,0.0,0.0,1.0,1.0,14.0,5306.0,1.0,5083.0,2579.0,28.2564635452909,620000.0,735000.0,2,13916.666666666666,True,False,False,0,1.0392156862745099
MLC-4238306498,1.0,0,1,2,False,1067.8,1067.8,0.0,0.0,0.0,0.0,0.0,0.0,0.0,0.0,0.0,0.0,0.0,61.0,55.0,1.0,70000.0,1.0,1.0,0.0,1.0,1.0,11.0,6741.0,4.0,1295.0,716.0,36.9900234018146,500000.0,570000.0,2,13379.073756432248,True,False,False,0,1.1090909090909091
MLC-4238305674,2.0,1,2,5,True,6391.2,6381.3,2.0,0.0,0.0,0.0,0.0,0.0,0.0,0.0,0.0,0.0,0.0,74.0,66.0,1.0,100000.0,1.0,0.0,0.0,1.0,1.0,1.0,6682.0,4.0,4021.0,1996.0,65.5175717706704,680000.0,780000.0,1,12500.0,True,True,False,0,1.121212121212121
MLC-2086658233,2.0,1,3,6,True,1698.1,5603.2,5.0,0.0,1.0,0.0,0.0,1.0,0.0,0.0,0.0,0.0,0.0,84.0,76.0,1.0,100000.0,1.0,1.0,0.0,1.0,1.0,5.0,4433.0,3.0,20174.0,9883.0,82.4572189855629,695000.0,795000.0,4,11947.310642354674,True,False,True,0,1.105263157894737
MLC-2027954429,1.0,0,1,4,True,621.9,621.9,5.0,3.0,2.0,0.0,1.0,3.0,5.0,2.0,0.0,1.0,0.0,36.3,34.0,1.0,65000.0,0.0,0.0,0.0,1.0,1.0,1.0,5492.0,1.0,2073.0,1418.0,100.0,440000.0,505000.0,2,12295.081967213115,True,False,False,0,1.0676470588235294
MLC-2028681281,2.0,0,2,20,True,728.3,728.3,5.0,5.0,1.0,4.0,2.0,1.0,5.0,2.0,0.0,5.0,0.0,54.0,54.0,2.0,80000.0,0.0,0.0,0.0,1.0,1.0,2.0,6768.0,4.0,1656.0,1111.0,100.0,590000.0,670000.0,2,11883.445945945947,True,False,False,0,1.0
MLC-4155619242,1.0,1,2,1,True,383.2,383.2,5.0,1.0,5.0,5.0,1.0,5.0,5.0,1.0,0.0,4.0,0.0,48.3,52.4,0.0,60000.0,0.0,0.0,0.0,1.0,1.0,15.0,5332.0,1.0,4499.0,2404.0,100.0,550000.0,610000.0,2,12291.48390137876,True,False,False,0,0.9217557251908397
MLC-4239743840,2.0,1,3,12,True,2018.0,4841.2,0.0,0.0,0.0,0.0,0.0,1.0,1.0,0.0,0.0,0.0,0.0,76.0,74.0,0.0,110000.0,1.0,1.0,0.0,1.0,1.0,5.0,6748.0,4.0,2908.0,1351.0,5.75523405114186,630000.0,740000.0,3,11473.069435431538,True,False,True,0,1.027027027027027
MLC-4239785822,1.0,1,3,10,False,6308.6,10008.3,5.0,0.0,0.0,0.0,0.0,2.0,1.0,0.0,0.0,0.0,1.0,55.0,55.0,0.0,0.0,1.0,0.0,0.0,1.0,0.0,3.0,4426.0,2.0,23629.0,10635.0,64.8623594811321,400000.0,400000.0,0,7636.363636363636,True,False,True,0,1.0
MLC-4173012674,2.0,1,2,23,True,775.2,775.2,5.0,4.0,1.0,0.0,3.0,1.0,3.0,2.0,0.0,4.0,0.0,70.0,70.0,1.0,82000.0,0.0,0.0,0.0,1.0,0.0,1.0,3967.0,1.0,2152.0,1148.0,50.505791961991,600000.0,682000.0,2,11285.714285714286,True,False,False,0,1.0
MLC-2091481747,1.0,1,1,14,True,1123.1,1123.1,5.0,3.0,1.0,0.0,0.0,0.0,2.0,0.0,0.0,4.0,0.0,45.0,45.0,0.0,60000.0,1.0,0.0,0.0,1.0,1.0,21.0,6382.0,3.0,2472.0,1579.0,44.7477970543667,470000.0,530000.0,4,11873.35092348285,True,False,False,0,1.0
MLC-2086448103,1.0,0,2,8,True,1774.6,1774.6,1.0,0.0,1.0,0.0,0.0,1.0,0.0,0.0,0.0,0.0,0.0,43.0,43.0,0.0,50000.0,0.0,0.0,0.0,0.0,0.0,1.0,5924.0,2.0,3532.0,1915.0,100.0,390000.0,440000.0,4,11609.498680738787,True,False,False,0,1.0
MLC-4241421044,1.0,1,1,9,True,1200.9,1200.9,5.0,0.0,1.0,0.0,1.0,1.0,2.0,1.0,0.0,0.0,0.0,38.0,36.0,1.0,62000.0,1.0,1.0,0.0,1.0,1.0,12.0,6741.0,4.0,1295.0,716.0,36.9900234018146,430000.0,492000.0,2,13461.538461538461,True,False,False,0,1.0555555555555556
MLC-4241421796,2.0,0,2,13,True,1123.1,1123.1,5.0,3.0,1.0,0.0,0.0,0.0,2.0,0.0,0.0,4.0,0.0,65.0,65.0,0.0,95406.0,1.0,0.0,0.0,1.0,1.0,22.0,6382.0,3.0,2472.0,1579.0,44.7477970543667,620000.0,715406.0,4,11873.35092348285,True,False,False,0,1.0
MLC-2087350723,1.0,0,2,1,True,747.5,747.5,4.0,3.0,3.0,0.0,1.0,0.0,0.0,0.0,0.0,0.0,0.0,46.9,45.0,0.0,80000.0,0.0,0.0,0.0,1.0,1.0,1.0,6636.0,4.0,2317.0,1552.0,99.9999999999999,550000.0,630000.0,2,12753.289705882353,True,False,False,0,1.0422222222222222
MLC-2028679945,2.0,0,2,16,True,782.1,782.1,5.0,5.0,3.0,2.0,2.0,3.0,5.0,1.0,0.0,5.0,0.0,82.0,78.0,0.0,0.0,0.0,0.0,0.0,1.0,1.0,3.0,5492.0,1.0,2073.0,1418.0,100.0,690000.0,690000.0,2,12250.0,True,False,False,0,1.0512820512820513
MLC-4116852758,2.0,1,2,17,True,515.2,515.2,5.0,5.0,5.0,3.0,3.0,3.0,5.0,1.0,0.0,5.0,0.0,59.7,58.3,0.0,100000.0,0.0,0.0,0.0,1.0,1.0,12.0,6636.0,4.0,2317.0,1552.0,99.9999999999999,650000.0,750000.0,2,13037.5,True,False,False,0,1.0240137221269299
MLC-4164842676,2.0,0,2,2,True,1601.8,1601.8,5.0,1.0,0.0,2.0,0.0,5.0,1.0,0.0,0.0,1.0,0.0,54.0,54.0,0.0,80000.0,0.0,0.0,0.0,1.0,0.0,1.0,6691.0,4.0,2810.0,1764.0,100.0,500000.0,580000.0,4,13043.478260869566,True,False,False,0,1.0
MLC-4143685268,2.0,1,2,0,True,698.9,698.9,5.0,1.0,4.0,0.0,0.0,2.0,2.0,1.0,0.0,0.0,0.0,50.0,52.0,0.0,75000.0,1.0,0.0,0.0,1.0,1.0,15.0,4644.0,1.0,2739.0,1645.0,100.0,500000.0,575000.0,2,12400.0,True,False,False,0,0.9615384615384616
MLC-4143965430,1.0,0,1,11,False,326.4,4193.4,2.0,0.0,0.0,0.0,2.0,0.0,2.0,0.0,0.0,0.0,0.0,30.0,30.0,1.0,75000.0,0.0,0.0,0.0,1.0,1.0,2.0,5879.0,4.0,12234.0,5977.0,80.4354882614475,320000.0,395000.0,0,10967.741935483871,True,False,True,0,1.0
MLC-4143957320,2.0,1,3,1,True,5167.9,5167.9,0.0,0.0,0.0,0.0,0.0,0.0,0.0,0.0,0.0,0.0,0.0,63.0,63.0,0.0,50000.0,1.0,0.0,0.0,0.0,0.0,3.0,6409.0,4.0,6576.0,3080.0,94.3101149608368,550000.0,600000.0,0,9423.076923076924,True,False,False,0,1.0
MLC-4155620642,1.0,1,2,0,True,1946.4,5741.3,5.0,1.0,2.0,0.0,4.0,1.0,0.0,0.0,0.0,0.0,0.0,50.0,47.0,0.0,50000.0,1.0,0.0,0.0,1.0,1.0,3.0,4433.0,3.0,20174.0,9883.0,82.4572189855629,550000.0,600000.0,4,10793.650793650793,True,False,True,1,1.0638297872340425
MLC-2030447331,1.0,0,1,0,True,739.3,739.3,5.0,0.0,2.0,1.0,2.0,1.0,1.0,0.0,0.0,1.0,1.0,30.0,37.9,1.0,65000.0,0.0,0.0,0.0,1.0,1.0,11.0,3967.0,1.0,2152.0,1148.0,50.505791961991,420000.0,485000.0,2,11277.173913043478,True,False,False,1,0.79155672823219
MLC-4145383072,2.0,1,2,16,True,5202.1,9356.2,0.0,0.0,0.0,0.0,0.0,0.0,0.0,0.0,0.0,0.0,0.0,65.0,65.0,0.0,120000.0,1.0,1.0,0.0,1.0,1.0,9.0,1859.0,2.0,27535.0,12357.0,68.1398650783455,500000.0,620000.0,0,10995.039682539682,True,False,True,0,1.0
MLC-4145431054,1.0,0,1,0,True,790.9,790.9,5.0,4.0,0.0,0.0,1.0,1.0,2.0,1.0,0.0,5.0,0.0,32.0,32.0,0.0,50000.0,0.0,0.0,0.0,1.0,1.0,6.0,6768.0,4.0,1656.0,1111.0,100.0,430000.0,480000.0,2,11777.777777777777,True,False,False,0,1.0
MLC-4145411514,4.0,2,5,0,True,1946.4,5741.3,5.0,1.0,2.0,0.0,4.0,1.0,0.0,0.0,0.0,0.0,0.0,240.0,220.0,1.0,0.0,0.0,0.0,0.0,0.0,0.0,1.0,4433.0,3.0,20174.0,9883.0,82.4572189855629,2500000.0,2500000.0,4,10793.650793650793,True,False,True,0,1.0909090909090908
MLC-2035146267,2.0,1,3,3,True,4501.8,4501.8,2.0,0.0,1.0,0.0,1.0,0.0,0.0,0.0,0.0,0.0,0.0,51.0,51.0,0.0,80000.0,0.0,0.0,0.0,1.0,0.0,1.0,6746.0,4.0,1359.0,578.0,0.79120010960881,510000.0,590000.0,0,10500.0,True,False,False,0,1.0
MLC-4145435914,2.0,1,2,0,True,1653.0,4644.7,1.0,1.0,1.0,0.0,0.0,1.0,1.0,0.0,0.0,0.0,0.0,81.0,69.0,1.0,120000.0,1.0,1.0,0.0,1.0,1.0,6.0,6748.0,4.0,2908.0,1351.0,5.75523405114186,700000.0,820000.0,3,11400.0,True,False,True,0,1.173913043478261
MLC-4146250438,2.0,1,2,0,True,645.3,645.3,5.0,0.0,3.0,0.0,0.0,1.0,2.0,0.0,0.0,0.0,0.0,61.0,60.0,1.0,85000.0,0.0,0.0,0.0,1.0,1.0,1.0,4644.0,1.0,2739.0,1645.0,100.0,600000.0,685000.0,2,12211.111111111111,True,False,False,0,1.0166666666666666
MLC-4112422210,1.0,0,2,0,False,1266.0,1266.0,5.0,2.0,3.0,0.0,5.0,1.0,0.0,0.0,0.0,0.0,0.0,52.0,50.0,0.0,54000.0,0.0,0.0,0.0,1.0,0.0,1.0,6279.0,3.0,2598.0,1648.0,100.0,350000.0,404000.0,2,10222.222222222223,True,False,False,0,1.04
MLC-2037607111,1.0,0,1,2,True,791.0,791.0,5.0,4.0,0.0,0.0,1.0,1.0,2.0,1.0,0.0,5.0,0.0,36.0,33.0,0.0,0.0,0.0,0.0,0.0,1.0,1.0,10.0,6768.0,4.0,1656.0,1111.0,100.0,530000.0,530000.0,2,11777.777777777777,True,False,False,0,1.0909090909090908
MLC-2037751679,1.0,0,1,0,True,2744.4,2744.4,2.0,0.0,0.0,0.0,0.0,0.0,0.0,0.0,0.0,0.0,0.0,35.0,33.0,1.0,35000.0,0.0,0.0,0.0,1.0,0.0,1.0,5901.0,2.0,3835.0,2050.0,58.6173339550477,365000.0,400000.0,4,9911.111111111111,True,False,False,0,1.0606060606060606
MLC-4146275876,1.0,0,1,15,False,533.6,533.6,5.0,5.0,5.0,3.0,2.0,1.0,5.0,0.0,0.0,3.0,0.0,43.0,43.0,0.0,67000.0,0.0,1.0,0.0,1.0,1.0,19.0,6636.0,4.0,2317.0,1552.0,99.9999999999999,520000.0,587000.0,2,12755.102040816326,True,False,False,0,1.0
MLC-4146276424,1.0,1,1,0,True,948.9,948.9,5.0,1.0,3.0,0.0,1.0,1.0,2.0,0.0,0.0,0.0,0.0,45.0,45.0,0.0,70000.0,1.0,0.0,0.0,1.0,1.0,7.0,6178.0,3.0,2620.0,1658.0,100.0,430000.0,500000.0,2,12450.0,True,False,False,0,1.0
MLC-4151684514,2.0,1,2,7,True,2302.5,3400.5,0.0,0.0,0.0,0.0,0.0,0.0,0.0,0.0,0.0,0.0,0.0,102.0,90.0,0.0,125000.0,1.0,1.0,0.0,0.0,1.0,1.0,6748.0,4.0,2908.0,1351.0,5.75523405114186,1000000.0,1125000.0,3,11834.935897435898,True,False,True,0,1.1333333333333333
MLC-2039820539,2.0,1,2,6,True,1123.1,1123.1,5.0,3.0,1.0,0.0,0.0,0.0,2.0,0.0,0.0,4.0,0.0,63.0,63.0,0.0,80000.0,0.0,1.0,0.0,1.0,1.0,3.0,6382.0,3.0,2472.0,1579.0,44.7477970543667,610000.0,690000.0,4,11873.35092348285,True,False,False,0,1.0
MLC-2039833215,2.0,1,3,18,False,4929.1,4929.1,5.0,1.0,0.0,0.0,1.0,1.0,0.0,0.0,0.0,0.0,0.0,83.0,80.0,0.0,65000.0,0.0,1.0,0.0,1.0,1.0,2.0,6282.0,3.0,12506.0,6078.0,99.9999999999999,694130.23,759130.23,4,10571.42857142857,True,False,False,1,1.0375
MLC-2039851481,2.0,1,2,3,True,1912.3,1912.3,0.0,0.0,0.0,0.0,0.0,0.0,0.0,0.0,0.0,0.0,0.0,56.0,54.0,1.0,80000.0,0.0,0.0,0.0,1.0,1.0,3.0,4687.0,1.0,2156.0,1177.0,57.9263203269884,650000.0,730000.0,2,11813.207547169812,True,False,False,0,1.037037037037037
MLC-2041066075,2.0,1,2,14,True,4859.9,4859.9,5.0,1.0,0.0,0.0,2.0,0.0,0.0,0.0,0.0,0.0,0.0,66.0,66.0,1.0,120000.0,1.0,0.0,0.0,1.0,1.0,6.0,6282.0,3.0,12506.0,6078.0,99.9999999999999,700000.0,820000.0,4,11105.025773195875,True,False,False,0,1.0
MLC-4152851530,2.0,1,3,4,True,5612.0,5612.0,0.0,0.0,0.0,0.0,0.0,0.0,0.0,0.0,0.0,0.0,0.0,70.0,67.0,0.0,50000.0,1.0,0.0,0.0,1.0,1.0,4.0,6684.0,4.0,6833.0,3079.0,90.5171296845883,580000.0,630000.0,0,9233.333333333334,True,False,False,0,1.044776119402985
MLC-4155490106,2.0,1,2,2,True,6147.1,6632.7,2.0,0.0,0.0,0.0,0.0,0.0,0.0,0.0,0.0,0.0,0.0,60.0,60.0,0.0,55000.0,1.0,0.0,0.0,1.0,1.0,1.0,6682.0,4.0,4021.0,1996.0,65.5175717706704,670000.0,725000.0,1,12500.0,True,True,False,0,1.0
MLC-4152849396,1.0,0,1,8,True,975.0,975.0,5.0,5.0,2.0,2.0,1.0,2.0,3.0,0.0,2.0,4.0,0.0,40.0,38.0,0.0,55000.0,0.0,0.0,0.0,1.0,1.0,4.0,5492.0,1.0,2073.0,1418.0,100.0,400000.0,455000.0,2,11612.90322580645,True,False,False,0,1.0526315789473684
MLC-4155629558,1.0,1,2,0,True,528.0,528.0,5.0,0.0,3.0,1.0,0.0,5.0,0.0,0.0,0.0,0.0,0.0,58.0,58.0,1.0,50000.0,0.0,0.0,0.0,0.0,0.0,1.0,5332.0,1.0,4499.0,2404.0,100.0,490000.0,540000.0,2,10810.81081081081,True,False,False,0,1.0
MLC-4155622938,1.0,0,1,0,True,1808.8,1808.8,5.0,1.0,5.0,2.0,2.0,5.0,3.0,0.0,0.0,2.0,0.0,34.0,32.0,0.0,45000.0,1.0,0.0,0.0,1.0,1.0,4.0,6382.0,3.0,2472.0,1579.0,44.7477970543667,500000.0,545000.0,4,13333.333333333334,True,False,False,1,1.0625
MLC-2041078329,2.0,0,3,15,True,538.1,12667.1,5.0,0.0,1.0,0.0,1.0,0.0,0.0,0.0,0.0,0.0,0.0,71.0,71.0,0.0,0.0,1.0,0.0,0.0,0.0,0.0,5.0,6354.0,4.0,858.0,488.0,100.0,450000.0,450000.0,4,7419.8036006546645,True,True,False,0,1.0
MLC-2042181383,2.0,1,2,0,True,2938.0,2938.0,5.0,0.0,1.0,0.0,2.0,3.0,1.0,0.0,0.0,0.0,0.0,54.0,50.0,0.0,80000.0,0.0,0.0,0.0,1.0,0.0,1.0,6324.0,3.0,3689.0,1875.0,97.5302584398257,480000.0,560000.0,0,10666.666666666666,True,False,False,0,1.08
MLC-4155627684,1.0,1,2,3,True,1939.5,1939.5,5.0,0.0,0.0,0.0,1.0,0.0,0.0,0.0,0.0,0.0,0.0,46.0,46.0,0.0,75000.0,0.0,0.0,0.0,1.0,1.0,17.0,6019.0,3.0,4332.0,2303.0,55.0392235701766,580000.0,655000.0,4,12916.666666666666,True,False,False,0,1.0
MLC-2044105795,2.0,1,2,4,True,1577.9,1577.9,5.0,2.0,1.0,1.0,1.0,2.0,1.0,0.0,1.0,2.0,0.0,40.0,40.0,1.0,150000.0,0.0,0.0,0.0,1.0,1.0,1.0,6382.0,3.0,2472.0,1579.0,44.7477970543667,590000.0,740000.0,4,12632.978723404254,True,False,False,0,1.0
MLC-2045836437,1.0,1,2,16,False,1741.4,1741.4,5.0,1.0,1.0,0.0,3.0,2.0,0.0,0.0,0.0,1.0,0.0,40.0,40.0,0.0,50000.0,1.0,0.0,0.0,1.0,1.0,1.0,5924.0,2.0,3532.0,1915.0,100.0,400000.0,450000.0,4,11609.498680738787,True,False,False,0,1.0
MLC-4155693182,2.0,1,2,5,True,1945.3,1945.3,5.0,1.0,3.0,1.0,0.0,1.0,0.0,0.0,0.0,0.0,0.0,53.0,50.0,1.0,110000.0,0.0,0.0,0.0,1.0,1.0,10.0,5666.0,2.0,2051.0,1108.0,100.0,530000.0,640000.0,4,11326.530612244898,True,False,False,0,1.06
MLC-4155691720,1.0,1,2,16,True,3935.4,3935.4,0.0,0.0,0.0,0.0,0.0,0.0,0.0,0.0,0.0,0.0,0.0,100.0,75.0,1.0,100000.0,0.0,0.0,0.0,1.0,1.0,1.0,6684.0,4.0,6833.0,3079.0,90.5171296845883,750000.0,850000.0,4,12579.787981891292,True,False,False,0,1.3333333333333333
MLC-4160885786,1.0,0,1,1,True,699.4,699.4,5.0,1.0,4.0,0.0,0.0,2.0,2.0,1.0,0.0,0.0,0.0,33.1,37.9,0.0,50000.0,0.0,0.0,0.0,1.0,1.0,6.0,4644.0,1.0,2739.0,1645.0,100.0,355000.0,405000.0,2,12400.0,True,False,False,0,0.8733509234828497
MLC-4155695406,1.0,1,2,18,True,1821.6,5991.9,5.0,2.0,1.0,0.0,5.0,1.0,0.0,0.0,0.0,0.0,0.0,59.0,59.0,0.0,72500.0,1.0,0.0,0.0,1.0,0.0,5.0,5879.0,4.0,12234.0,5977.0,80.4354882614475,450000.0,522500.0,0,9528.301886792453,True,False,True,0,1.0
MLC-2046349493,2.0,1,2,6,True,2153.4,4892.0,0.0,0.0,0.0,0.0,0.0,0.0,0.0,0.0,0.0,0.0,0.0,75.0,69.0,1.0,100000.0,1.0,1.0,0.0,1.0,1.0,8.0,6748.0,4.0,2908.0,1351.0,5.75523405114186,680000.0,780000.0,3,11641.791044776119,True,False,True,0,1.0869565217391304
MLC-4160983346,1.0,0,2,0,True,2367.0,5379.7,5.0,0.0,2.0,1.0,1.0,1.0,0.0,0.0,0.0,0.0,0.0,40.0,40.0,0.0,0.0,0.0,0.0,0.0,0.0,0.0,17.0,6117.0,4.0,6313.0,3653.0,99.9999999999999,450000.0,450000.0,1,9058.71743486974,True,True,False,0,1.0
MLC-4159929290,1.0,1,2,7,False,4815.5,4815.5,0.0,0.0,0.0,0.0,0.0,0.0,0.0,0.0,0.0,0.0,0.0,40.0,40.0,0.0,50000.0,0.0,0.0,0.0,0.0,0.0,1.0,6282.0,3.0,12506.0,6078.0,99.9999999999999,700000.0,750000.0,4,10791.26213592233,True,False,False,1,1.0
MLC-4160892952,1.0,1,2,14,True,7071.7,10870.6,0.0,0.0,0.0,0.0,0.0,0.0,0.0,0.0,0.0,0.0,0.0,50.0,42.0,0.0,0.0,1.0,1.0,0.0,1.0,1.0,3.0,4426.0,2.0,23629.0,10635.0,64.8623594811321,440000.0,440000.0,0,9446.768985507248,True,False,True,0,1.1904761904761905
MLC-4162525326,2.0,2,2,0,True,1015.8,4236.5,1.0,0.0,1.0,0.0,0.0,0.0,3.0,0.0,1.0,0.0,0.0,98.0,85.0,1.0,140000.0,1.0,1.0,0.0,1.0,1.0,3.0,6748.0,4.0,2908.0,1351.0,5.75523405114186,950000.0,1090000.0,3,12420.32967032967,True,False,True,1,1.1529411764705881
MLC-4164771046,2.0,1,2,9,True,1033.7,5098.8,1.0,0.0,0.0,0.0,0.0,0.0,0.0,0.0,0.0,0.0,0.0,55.0,55.0,0.0,75000.0,0.0,0.0,0.0,1.0,1.0,1.0,4433.0,3.0,20174.0,9883.0,82.4572189855629,500000.0,575000.0,4,10477.272727272728,True,False,True,0,1.0
MLC-4138304672,1.0,0,1,0,True,948.9,948.9,5.0,1.0,3.0,0.0,1.0,1.0,2.0,0.0,0.0,0.0,0.0,35.0,35.0,0.0,65000.0,0.0,0.0,0.0,1.0,1.0,9.0,6178.0,3.0,2620.0,1658.0,100.0,430000.0,495000.0,2,12366.666666666668,True,False,False,0,1.0
MLC-2048411165,2.0,0,2,0,True,1294.9,1294.9,5.0,2.0,1.0,1.0,0.0,0.0,0.0,0.0,0.0,2.0,0.0,58.0,58.0,0.0,90000.0,0.0,0.0,0.0,0.0,0.0,1.0,6382.0,3.0,2472.0,1579.0,44.7477970543667,650000.0,740000.0,4,12333.333333333334,True,False,False,0,1.0
MLC-4164893846,2.0,0,2,1,True,861.4,861.4,5.0,0.0,1.0,0.0,2.0,1.0,3.0,1.0,0.0,4.0,1.0,60.0,60.0,0.0,90000.0,0.0,0.0,0.0,1.0,0.0,1.0,3967.0,1.0,2152.0,1148.0,50.505791961991,550000.0,640000.0,2,10633.928571428572,True,False,False,0,1.0
MLC-2048420987,1.0,0,1,6,True,751.5,751.5,5.0,5.0,1.0,1.0,1.0,1.0,2.0,1.0,0.0,5.0,0.0,39.0,39.0,1.0,60000.0,0.0,0.0,0.0,1.0,0.0,1.0,6768.0,4.0,1656.0,1111.0,100.0,480000.0,540000.0,2,11777.777777777777,True,False,False,0,1.0
MLC-4170152040,2.0,1,2,14,True,2110.2,5600.0,0.0,0.0,1.0,0.0,0.0,0.0,0.0,0.0,0.0,0.0,0.0,76.0,70.0,0.0,120000.0,1.0,1.0,0.0,1.0,1.0,6.0,6748.0,4.0,2908.0,1351.0,5.75523405114186,640000.0,760000.0,3,12238.805970149253,True,False,True,0,1.0857142857142856
MLC-4135263588,1.0,0,1,0,True,698.9,698.9,5.0,1.0,4.0,0.0,0.0,2.0,2.0,1.0,0.0,0.0,0.0,33.1,37.9,0.0,50000.0,1.0,0.0,0.0,0.0,1.0,23.0,4644.0,1.0,2739.0,1645.0,100.0,450000.0,500000.0,2,12234.04255319149,True,False,False,0,0.8733509234828497
MLC-4170193576,2.0,1,2,0,True,6280.4,6631.4,1.0,0.0,0.0,0.0,0.0,0.0,0.0,0.0,0.0,0.0,0.0,56.0,54.0,1.0,50000.0,1.0,1.0,0.0,1.0,0.0,2.0,6682.0,4.0,4021.0,1996.0,65.5175717706704,850000.0,900000.0,1,12240.350877192983,True,True,False,0,1.037037037037037
MLC-2048424121,2.0,1,2,0,True,4064.4,4064.4,5.0,0.0,0.0,0.0,0.0,1.0,1.0,0.0,1.0,0.0,0.0,55.0,55.0,0.0,90000.0,1.0,0.0,0.0,0.0,1.0,6.0,6684.0,4.0,6833.0,3079.0,90.5171296845883,720000.0,810000.0,4,12295.081967213115,True,False,False,1,1.0
MLC-4173931880,1.0,0,1,17,True,2027.4,2027.4,5.0,2.0,4.0,0.0,1.0,4.0,2.0,0.0,1.0,1.0,0.0,30.0,30.0,0.0,50000.0,0.0,0.0,0.0,1.0,1.0,5.0,6715.0,4.0,2440.0,1484.0,100.0,340000.0,390000.0,4,13064.516129032258,True,False,False,0,1.0
MLC-2048429751,2.0,1,2,9,True,1003.3,4976.7,5.0,0.0,2.0,0.0,1.0,3.0,0.0,0.0,0.0,0.0,0.0,55.8,54.0,0.0,75000.0,1.0,1.0,0.0,1.0,1.0,5.0,4433.0,3.0,20174.0,9883.0,82.4572189855629,520000.0,595000.0,4,10420.16806722689,True,False,True,0,1.0333333333333332
MLC-4174086640,1.0,2,3,0,False,760.5,3962.7,5.0,0.0,1.0,0.0,2.0,1.0,3.0,0.0,0.0,0.0,0.0,55.0,55.0,0.0,50000.0,0.0,0.0,0.0,0.0,0.0,1.0,5879.0,4.0,12234.0,5977.0,80.4354882614475,350000.0,400000.0,0,11428.57142857143,True,False,True,0,1.0
MLC-4250665728,1.0,1,1,0,True,698.9,698.9,5.0,1.0,4.0,0.0,0.0,2.0,2.0,1.0,0.0,0.0,0.0,44.2,45.0,0.0,70000.0,0.0,0.0,0.0,1.0,1.0,2.0,4644.0,1.0,2739.0,1645.0,100.0,390000.0,460000.0,2,12400.0,True,False,False,0,0.9822222222222223
MLC-4250596060,1.0,1,1,15,True,1783.9,1783.9,0.0,0.0,0.0,0.0,0.0,0.0,0.0,0.0,0.0,0.0,0.0,44.2,45.0,0.0,45000.0,0.0,0.0,0.0,1.0,0.0,1.0,5924.0,2.0,3532.0,1915.0,100.0,390000.0,435000.0,4,11638.082673702727,True,False,False,0,0.9822222222222223
MLC-4093515720,2.0,2,2,0,True,4922.9,4922.9,4.0,0.0,1.0,1.0,0.0,0.0,0.0,0.0,0.0,0.0,0.0,60.0,60.0,1.0,0.0,1.0,1.0,0.0,1.0,0.0,3.0,6684.0,4.0,6833.0,3079.0,90.5171296845883,600000.0,600000.0,4,13444.461265625676,True,False,False,0,1.0
MLC-2048446801,2.0,1,2,16,True,1060.2,5035.9,2.0,0.0,0.0,0.0,0.0,1.0,0.0,0.0,0.0,0.0,0.0,56.0,50.0,0.0,75000.0,1.0,1.0,0.0,0.0,1.0,5.0,4433.0,3.0,20174.0,9883.0,82.4572189855629,530982.27,605982.27,4,10454.545454545454,True,False,True,0,1.12
MLC-4174090896,1.0,1,1,4,True,1578.9,1578.9,5.0,1.0,0.0,1.0,1.0,3.0,0.0,0.0,0.0,1.0,0.0,40.0,40.0,1.0,66000.0,0.0,0.0,0.0,1.0,1.0,11.0,6382.0,3.0,2472.0,1579.0,44.7477970543667,430000.0,496000.0,4,13043.478260869566,True,False,False,0,1.0
MLC-2049088117,2.0,1,3,4,True,4766.9,7974.5,4.0,0.0,0.0,0.0,0.0,0.0,0.0,0.0,0.0,0.0,0.0,62.0,58.0,0.0,0.0,0.0,0.0,0.0,1.0,0.0,3.0,6592.0,4.0,5079.0,2589.0,29.8628034168695,580000.0,580000.0,4,8583.333333333334,True,True,False,0,1.0689655172413792
MLC-4112422264,2.0,0,3,0,True,2177.3,2177.3,5.0,2.0,4.0,0.0,1.0,3.0,2.0,0.0,1.0,1.0,0.0,75.0,73.0,0.0,90000.0,0.0,0.0,0.0,1.0,1.0,6.0,6715.0,4.0,2440.0,1484.0,100.0,550000.0,640000.0,4,8965.51724137931,True,False,False,0,1.0273972602739727
MLC-4173015058,1.0,1,1,7,True,501.8,501.8,5.0,5.0,5.0,3.0,1.0,0.0,4.0,0.0,0.0,5.0,0.0,33.0,33.0,0.0,77000.0,0.0,0.0,0.0,1.0,1.0,9.0,6636.0,4.0,2317.0,1552.0,99.9999999999999,530982.27,607982.27,2,12103.775853775853,True,False,False,1,1.0
MLC-2051233373,2.0,1,2,0,False,1766.4,5906.6,4.0,0.0,0.0,0.0,0.0,0.0,0.0,0.0,0.0,0.0,0.0,60.0,58.0,0.0,68000.0,0.0,1.0,0.0,0.0,0.0,1.0,6064.0,3.0,3245.0,1834.0,100.0,550000.0,618000.0,1,10535.714285714286,True,True,False,0,1.0344827586206897
MLC-2092644187,2.0,0,2,1,True,1675.4,1675.4,5.0,2.0,5.0,1.0,2.0,4.0,0.0,0.0,0.0,1.0,0.0,57.0,57.0,0.0,70000.0,0.0,0.0,0.0,1.0,1.0,4.0,6691.0,4.0,2810.0,1764.0,100.0,650000.0,720000.0,4,12640.825035561878,True,False,False,1,1.0
MLC-2051233385,2.0,1,2,15,False,839.1,839.1,0.0,0.0,0.0,0.0,0.0,0.0,0.0,0.0,0.0,0.0,0.0,58.0,55.0,0.0,75000.0,0.0,1.0,0.0,0.0,1.0,14.0,5492.0,1.0,2073.0,1418.0,100.0,600000.0,675000.0,2,12046.511627906977,True,False,False,0,1.0545454545454545
MLC-4176332050,2.0,0,3,19,True,1124.4,1124.4,5.0,4.0,0.0,0.0,1.0,0.0,2.0,0.0,1.0,2.0,0.0,96.0,96.0,0.0,120000.0,0.0,0.0,0.0,0.0,0.0,1.0,4687.0,1.0,2156.0,1177.0,57.9263203269884,800000.0,920000.0,2,12046.511627906977,True,False,False,0,1.0
MLC-4253057664,2.0,0,2,1,True,1558.4,1558.4,5.0,0.0,0.0,2.0,1.0,3.0,0.0,0.0,0.0,1.0,0.0,50.0,47.0,0.0,90000.0,0.0,0.0,0.0,1.0,1.0,8.0,6382.0,3.0,2472.0,1579.0,44.7477970543667,580000.0,670000.0,4,12911.739130434784,True,False,False,0,1.0638297872340425
MLC-2053126893,1.0,0,1,0,True,1047.5,1047.5,5.0,0.0,0.0,0.0,0.0,0.0,0.0,0.0,0.0,0.0,0.0,40.0,35.0,0.0,0.0,0.0,0.0,0.0,0.0,0.0,1.0,5492.0,1.0,2073.0,1418.0,100.0,450000.0,450000.0,4,12110.817941952508,True,False,False,0,1.1428571428571428
MLC-4250596328,1.0,0,1,1,True,645.3,645.3,5.0,0.0,3.0,0.0,0.0,1.0,2.0,0.0,0.0,0.0,0.0,34.0,34.0,0.0,50000.0,0.0,0.0,0.0,0.0,1.0,12.0,4644.0,1.0,2739.0,1645.0,100.0,440000.0,490000.0,2,12168.601583113457,True,False,False,0,1.0
MLC-2057130277,1.0,1,1,20,True,1925.8,1925.8,4.0,0.0,0.0,0.0,0.0,0.0,0.0,0.0,0.0,0.0,0.0,32.0,32.0,0.0,320000.0,0.0,0.0,0.0,1.0,1.0,10.0,6388.0,4.0,5415.0,2892.0,100.0,380000.0,700000.0,4,11400.0,False,False,False,0,1.0
MLC-2053526397,1.0,1,2,9,True,747.5,747.5,4.0,3.0,3.0,0.0,1.0,0.0,0.0,0.0,0.0,0.0,0.0,54.8,54.0,1.0,100000.0,1.0,0.0,0.0,1.0,1.0,1.0,6636.0,4.0,2317.0,1552.0,99.9999999999999,660000.0,760000.0,2,12753.289705882353,True,False,False,0,1.0148148148148148
MLC-4179331168,2.0,0,2,3,True,698.9,698.9,5.0,1.0,4.0,0.0,0.0,2.0,2.0,1.0,0.0,0.0,0.0,45.0,45.0,0.0,80000.0,0.0,0.0,0.0,1.0,1.0,13.0,4644.0,1.0,2739.0,1645.0,100.0,500000.0,580000.0,2,12234.04255319149,True,False,False,0,1.0
MLC-4241423914,2.0,1,2,1,True,559.2,4484.2,0.0,0.0,0.0,0.0,0.0,0.0,0.0,0.0,0.0,0.0,0.0,70.0,70.0,0.0,90000.0,0.0,1.0,0.0,1.0,1.0,15.0,5879.0,4.0,12234.0,5977.0,80.4354882614475,670000.0,760000.0,0,10916.17933723197,True,False,True,0,1.0
MLC-4179284130,2.0,0,2,0,True,698.9,698.9,5.0,1.0,4.0,0.0,0.0,2.0,2.0,1.0,0.0,0.0,0.0,38.0,39.0,0.0,70000.0,0.0,0.0,0.0,1.0,0.0,1.0,4644.0,1.0,2739.0,1645.0,100.0,500000.0,570000.0,2,12234.04255319149,True,False,False,0,0.9743589743589743
MLC-2092643411,2.0,1,2,15,True,1364.3,1364.3,5.0,0.0,2.0,0.0,1.0,0.0,1.0,0.0,0.0,0.0,0.0,60.0,60.0,0.0,65000.0,0.0,0.0,0.0,1.0,1.0,1.0,5666.0,2.0,2051.0,1108.0,100.0,680000.0,745000.0,4,10239.361702127659,True,False,False,1,1.0
MLC-4112430016,2.0,1,3,15,True,5053.4,5053.4,5.0,1.0,0.0,0.0,2.0,1.0,0.0,0.0,0.0,0.0,0.0,74.0,70.0,0.0,100000.0,0.0,1.0,0.0,1.0,1.0,5.0,6282.0,3.0,12506.0,6078.0,99.9999999999999,790000.0,890000.0,4,10463.1217838765,True,False,False,1,1.0571428571428572
MLC-2053532347,1.0,0,2,2,True,580.3,4520.4,5.0,0.0,4.0,0.0,3.0,1.0,5.0,0.0,1.0,0.0,0.0,52.0,51.3,0.0,60000.0,0.0,1.0,0.0,1.0,1.0,1.0,5879.0,4.0,12234.0,5977.0,80.4354882614475,500000.0,560000.0,0,10891.089108910892,True,False,True,0,1.0136452241715401
MLC-2059405335,1.0,1,1,0,True,3083.6,3083.6,5.0,0.0,2.0,0.0,3.0,2.0,1.0,0.0,0.0,0.0,0.0,47.0,47.0,1.0,80000.0,0.0,0.0,0.0,1.0,0.0,1.0,6571.0,4.0,1072.0,625.0,89.9626305483346,420000.0,500000.0,0,10930.232558139534,True,False,False,0,1.0
MLC-2059395489,1.0,0,1,0,True,790.9,790.9,5.0,4.0,0.0,0.0,1.0,1.0,2.0,1.0,0.0,5.0,0.0,36.0,36.0,0.0,50000.0,0.0,0.0,0.0,1.0,0.0,12.0,6768.0,4.0,1656.0,1111.0,100.0,450000.0,500000.0,2,11777.777777777777,True,False,False,0,1.0
MLC-4179316110,2.0,1,3,16,True,472.3,4560.8,5.0,0.0,1.0,0.0,1.0,0.0,0.0,0.0,0.0,0.0,0.0,122.0,115.0,1.0,110000.0,1.0,0.0,0.0,1.0,1.0,2.0,4433.0,3.0,20174.0,9883.0,82.4572189855629,900000.0,1010000.0,4,9652.173913043478,True,False,True,0,1.0608695652173914
MLC-2059430431,1.0,0,1,0,True,598.4,598.4,5.0,5.0,1.0,5.0,0.0,1.0,5.0,2.0,0.0,5.0,0.0,50.0,45.0,0.0,70000.0,1.0,0.0,0.0,1.0,1.0,12.0,6768.0,4.0,1656.0,1111.0,100.0,460000.0,530000.0,2,11777.777777777777,True,False,False,1,1.1111111111111112
MLC-4182527684,1.0,1,2,0,True,584.9,584.9,5.0,0.0,4.0,0.0,0.0,5.0,1.0,0.0,0.0,0.0,0.0,64.0,58.0,0.0,65000.0,0.0,0.0,0.0,1.0,1.0,13.0,4644.0,1.0,2739.0,1645.0,100.0,500000.0,565000.0,2,11247.208931419456,True,False,False,0,1.103448275862069
MLC-2053537667,3.0,1,4,10,True,4026.9,4026.9,3.0,0.0,0.0,0.0,0.0,1.0,1.0,0.0,0.0,0.0,0.0,106.0,106.0,1.0,170000.0,1.0,1.0,0.0,1.0,1.0,1.0,6684.0,4.0,6833.0,3079.0,90.5171296845883,890000.0,1060000.0,4,12363.757199822772,True,False,False,0,1.0
MLC-2053548157,1.0,0,1,8,True,1694.4,1694.4,5.0,1.0,4.0,0.0,0.0,5.0,0.0,0.0,0.0,0.0,0.0,40.0,40.0,0.0,65000.0,0.0,0.0,0.0,1.0,1.0,6.0,6691.0,4.0,2810.0,1764.0,100.0,400000.0,465000.0,4,13142.857142857143,True,False,False,0,1.0
MLC-2053550935,2.0,1,2,0,True,1946.4,5741.3,5.0,1.0,2.0,0.0,4.0,1.0,0.0,0.0,0.0,0.0,0.0,50.0,50.0,0.0,70000.0,0.0,0.0,0.0,0.0,0.0,1.0,4433.0,3.0,20174.0,9883.0,82.4572189855629,460000.0,530000.0,4,10793.650793650793,True,False,True,0,1.0
MLC-2053552641,1.0,0,1,10,True,894.5,894.5,5.0,4.0,1.0,0.0,0.0,0.0,0.0,0.0,0.0,0.0,0.0,33.1,37.9,0.0,60000.0,0.0,0.0,0.0,1.0,1.0,5.0,6178.0,3.0,2620.0,1658.0,100.0,380000.0,440000.0,2,12500.0,True,False,False,0,0.8733509234828497
MLC-2059597697,2.0,0,2,10,True,1471.4,1471.4,5.0,2.0,1.0,1.0,0.0,3.0,0.0,0.0,0.0,1.0,0.0,60.0,58.3,0.0,70000.0,0.0,0.0,0.0,1.0,1.0,19.0,6691.0,4.0,2810.0,1764.0,100.0,600000.0,670000.0,4,12648.243299541731,True,False,False,1,1.0291595197255574
MLC-4071297554,1.0,0,1,5,True,944.2,944.2,5.0,1.0,1.0,2.0,0.0,1.0,0.0,0.0,0.0,0.0,0.0,38.0,38.0,0.0,40000.0,0.0,0.0,0.0,1.0,0.0,1.0,4889.0,1.0,6948.0,3534.0,56.3609274194969,360000.0,400000.0,2,10833.333333333334,True,False,False,0,1.0
MLC-2059580589,2.0,1,3,10,True,1461.6,4986.5,0.0,1.0,0.0,0.0,0.0,0.0,0.0,0.0,0.0,0.0,0.0,82.0,86.0,1.0,120000.0,1.0,1.0,0.0,1.0,1.0,8.0,6748.0,4.0,2908.0,1351.0,5.75523405114186,670000.0,790000.0,3,11481.481481481482,True,False,True,0,0.9534883720930233
MLC-4182741658,2.0,1,2,2,True,2337.9,4967.7,0.0,0.0,0.0,0.0,0.0,0.0,0.0,0.0,0.0,0.0,0.0,72.0,70.0,0.0,90000.0,1.0,1.0,0.0,1.0,1.0,11.0,6748.0,4.0,2908.0,1351.0,5.75523405114186,780000.0,870000.0,3,12142.857142857143,True,False,True,0,1.0285714285714285
MLC-4253599544,1.0,1,1,18,True,2161.5,5420.2,0.0,0.0,0.0,0.0,0.0,0.0,0.0,0.0,0.0,0.0,0.0,60.0,55.0,1.0,70000.0,1.0,1.0,0.0,1.0,1.0,9.0,6748.0,4.0,2908.0,1351.0,5.75523405114186,600000.0,670000.0,3,11911.764705882353,True,False,True,1,1.0909090909090908
MLC-4182739606,1.0,0,1,1,True,698.9,698.9,5.0,1.0,4.0,0.0,0.0,2.0,2.0,1.0,0.0,0.0,0.0,35.0,33.0,0.0,60000.0,0.0,0.0,0.0,1.0,1.0,5.0,4644.0,1.0,2739.0,1645.0,100.0,420000.0,480000.0,2,12234.04255319149,True,False,False,0,1.0606060606060606
MLC-4253601232,2.0,1,2,11,True,8352.8,3270.6,5.0,0.0,2.0,0.0,1.0,0.0,0.0,0.0,0.0,0.0,0.0,77.9,68.2,0.0,150000.0,0.0,1.0,0.0,1.0,1.0,4.0,6624.0,4.0,1277.0,600.0,16.149253186174,680000.0,830000.0,1,11315.78947368421,True,True,False,0,1.1422287390029326
MLC-2061578967,2.0,2,2,4,True,1653.0,4644.7,1.0,1.0,1.0,0.0,0.0,1.0,1.0,0.0,0.0,0.0,0.0,85.0,82.0,1.0,100000.0,1.0,0.0,0.0,1.0,1.0,13.0,6748.0,4.0,2908.0,1351.0,5.75523405114186,750000.0,850000.0,3,11590.90909090909,True,False,True,0,1.0365853658536586
MLC-2061517579,2.0,1,3,17,True,472.3,4560.8,5.0,0.0,1.0,0.0,1.0,0.0,0.0,0.0,0.0,0.0,0.0,119.0,113.0,1.0,120000.0,0.0,0.0,0.0,1.0,1.0,2.0,4433.0,3.0,20174.0,9883.0,82.4572189855629,900000.0,1020000.0,4,9652.173913043478,True,False,True,0,1.0530973451327434
MLC-4077955144,2.0,1,2,3,True,4321.9,4321.9,5.0,0.0,0.0,0.0,0.0,0.0,0.0,0.0,0.0,0.0,0.0,64.0,64.0,0.0,80000.0,1.0,0.0,0.0,1.0,1.0,6.0,6282.0,3.0,12506.0,6078.0,99.9999999999999,600000.0,680000.0,4,11189.18918918919,True,False,False,0,1.0
MLC-4182753636,1.0,0,1,0,True,723.7,723.7,5.0,5.0,5.0,3.0,2.0,1.0,5.0,0.0,0.0,3.0,0.0,33.1,37.9,0.0,55000.0,0.0,0.0,0.0,0.0,1.0,5.0,6636.0,4.0,2317.0,1552.0,99.9999999999999,350000.0,405000.0,2,12744.569381243064,True,False,False,0,0.8733509234828497
MLC-4168581308,1.0,1,1,15,True,1591.2,1591.2,4.0,1.0,0.0,0.0,2.0,2.0,0.0,0.0,0.0,0.0,0.0,46.0,43.0,1.0,0.0,0.0,1.0,0.0,1.0,1.0,11.0,5924.0,2.0,3532.0,1915.0,100.0,550000.0,550000.0,4,11609.498680738787,True,False,False,1,1.069767441860465
MLC-4198495774,2.0,1,2,16,True,1461.6,4986.5,0.0,1.0,0.0,0.0,0.0,0.0,0.0,0.0,0.0,0.0,0.0,66.0,62.0,0.0,95000.0,0.0,1.0,0.0,1.0,1.0,9.0,6748.0,4.0,2908.0,1351.0,5.75523405114186,690000.0,785000.0,3,11353.03265940902,True,False,True,0,1.064516129032258
MLC-2061561893,1.0,1,3,4,True,5002.4,5002.4,3.0,0.0,0.0,0.0,1.0,0.0,0.0,0.0,0.0,0.0,0.0,58.0,55.0,0.0,0.0,0.0,0.0,0.0,1.0,0.0,2.0,6409.0,4.0,6576.0,3080.0,94.3101149608368,500000.0,500000.0,0,9523.809523809523,True,False,False,0,1.0545454545454545
MLC-4112445264,1.0,0,0,0,True,2589.7,2589.7,5.0,0.0,0.0,1.0,1.0,0.0,0.0,0.0,0.0,0.0,0.0,31.4,35.7,0.0,30000.0,0.0,0.0,0.0,0.0,0.0,2.0,6304.0,3.0,4026.0,2134.0,100.0,320000.0,350000.0,1,10239.361702127659,True,False,False,0,0.8795518207282912
MLC-2059597307,1.0,0,1,0,True,2650.5,2650.5,5.0,0.0,1.0,0.0,3.0,2.0,0.0,0.0,0.0,1.0,0.0,31.0,37.9,0.0,45000.0,0.0,0.0,0.0,1.0,1.0,1.0,5455.0,1.0,10400.0,5578.0,70.0075532601241,360000.0,405000.0,0,11526.993094789705,True,False,False,0,0.8179419525065963
MLC-4155622962,2.0,1,2,0,False,580.1,580.1,5.0,0.0,3.0,1.0,0.0,5.0,0.0,0.0,0.0,0.0,0.0,55.0,55.0,1.0,86000.0,1.0,0.0,0.0,1.0,1.0,1.0,5332.0,1.0,4499.0,2404.0,100.0,550000.0,636000.0,2,10727.272727272728,True,False,False,0,1.0
MLC-4187140480,2.0,1,2,3,True,863.3,4951.8,5.0,0.0,3.0,0.0,1.0,2.0,0.0,0.0,0.0,0.0,0.0,73.0,53.0,1.0,100000.0,1.0,0.0,0.0,1.0,1.0,1.0,4433.0,3.0,20174.0,9883.0,82.4572189855629,565000.0,665000.0,4,10420.16806722689,True,False,True,0,1.3773584905660377
MLC-4198196986,2.0,1,3,5,False,7366.4,10898.1,0.0,0.0,0.0,0.0,0.0,0.0,0.0,0.0,0.0,0.0,0.0,64.0,61.0,0.0,0.0,0.0,0.0,0.0,1.0,0.0,4.0,4426.0,2.0,23629.0,10635.0,64.8623594811321,500000.0,500000.0,0,8196.72131147541,True,False,True,0,1.0491803278688525
MLC-2062075985,2.0,0,2,10,True,665.3,665.3,5.0,0.0,3.0,2.0,1.0,1.0,1.0,0.0,0.0,1.0,0.0,53.0,53.0,0.0,70000.0,1.0,0.0,0.0,1.0,1.0,5.0,5332.0,1.0,4499.0,2404.0,100.0,450000.0,520000.0,2,11304.347826086956,True,False,False,0,1.0
MLC-2059584335,2.0,0,2,1,True,3240.9,3240.9,5.0,0.0,2.0,0.0,4.0,2.0,1.0,0.0,0.0,0.0,0.0,52.0,52.0,0.0,80000.0,0.0,0.0,0.0,1.0,1.0,10.0,6571.0,4.0,1072.0,625.0,89.9626305483346,480000.0,560000.0,0,11042.825721309355,True,False,False,0,1.0
MLC-4198324196,1.0,1,1,5,True,1741.5,1741.5,1.0,1.0,1.0,0.0,1.0,1.0,0.0,0.0,0.0,0.0,0.0,38.0,38.0,0.0,100000.0,0.0,0.0,0.0,0.0,1.0,1.0,5924.0,2.0,3532.0,1915.0,100.0,400000.0,500000.0,4,11345.646437994723,True,False,False,0,1.0
MLC-4188213970,1.0,1,3,4,False,2133.8,8486.9,5.0,0.0,0.0,0.0,0.0,0.0,0.0,0.0,0.0,0.0,0.0,54.0,54.0,0.0,48000.0,0.0,0.0,0.0,0.0,0.0,2.0,3579.0,2.0,23.0,13.0,8.52466839399764,320000.0,368000.0,2,11400.0,False,True,False,0,1.0
MLC-4080756734,1.0,1,2,2,True,793.8,793.8,5.0,4.0,4.0,1.0,0.0,3.0,3.0,2.0,0.0,4.0,0.0,53.0,50.0,1.0,65000.0,0.0,0.0,0.0,1.0,0.0,1.0,5492.0,1.0,2073.0,1418.0,100.0,590000.0,655000.0,2,12469.512195121952,True,False,False,0,1.06
MLC-4188213584,2.0,0,2,0,False,377.5,377.5,5.0,0.0,2.0,2.0,0.0,5.0,5.0,1.0,0.0,0.0,0.0,62.0,62.0,0.0,115000.0,0.0,0.0,0.0,1.0,1.0,7.0,3511.0,1.0,1254.0,785.0,100.0,570000.0,685000.0,2,11851.851851851852,True,False,False,0,1.0
MLC-4198500564,2.0,1,2,0,True,711.2,711.2,5.0,5.0,3.0,1.0,1.0,0.0,2.0,0.0,0.0,2.0,0.0,59.0,58.3,0.0,120000.0,0.0,0.0,0.0,1.0,1.0,6.0,6636.0,4.0,2317.0,1552.0,99.9999999999999,900000.0,1020000.0,2,12753.289705882353,True,False,False,1,1.012006861063465
MLC-2069469895,1.0,1,3,10,False,6308.6,10008.3,5.0,0.0,0.0,0.0,0.0,2.0,1.0,0.0,0.0,0.0,1.0,55.0,55.0,0.0,0.0,1.0,0.0,0.0,1.0,0.0,3.0,4426.0,2.0,23629.0,10635.0,64.8623594811321,420000.0,420000.0,0,7636.363636363636,True,False,True,0,1.0
MLC-4198196566,2.0,1,2,26,True,1412.1,1412.1,1.0,3.0,3.0,0.0,0.0,0.0,0.0,0.0,0.0,0.0,0.0,59.7,58.3,0.0,125000.0,0.0,0.0,0.0,1.0,1.0,3.0,4687.0,1.0,2156.0,1177.0,57.9263203269884,590000.0,715000.0,2,13157.894736842105,True,False,False,0,1.0240137221269299
MLC-4082795690,2.0,1,3,17,True,5202.1,9356.2,0.0,0.0,0.0,0.0,0.0,0.0,0.0,0.0,0.0,0.0,0.0,55.0,47.0,1.0,150000.0,1.0,1.0,0.0,1.0,1.0,6.0,1859.0,2.0,27535.0,12357.0,68.1398650783455,600000.0,750000.0,0,10620.192307692309,True,False,True,0,1.1702127659574468
MLC-4198494594,2.0,1,2,7,True,975.0,975.0,5.0,5.0,2.0,2.0,1.0,2.0,3.0,0.0,2.0,4.0,0.0,57.0,57.0,1.0,100000.0,0.0,0.0,0.0,1.0,1.0,10.0,5492.0,1.0,2073.0,1418.0,100.0,580000.0,680000.0,2,11612.90322580645,True,False,False,0,1.0
MLC-4198493582,3.0,2,4,0,True,1807.2,1807.2,5.0,1.0,1.0,0.0,0.0,1.0,2.0,0.0,0.0,2.0,0.0,114.0,114.0,1.0,110000.0,0.0,0.0,0.0,0.0,0.0,4.0,6741.0,4.0,1295.0,716.0,36.9900234018146,850000.0,960000.0,2,8828.82882882883,True,False,False,0,1.0
MLC-4198494666,1.0,0,1,7,True,1369.2,1369.2,4.0,1.0,1.0,0.0,5.0,2.0,0.0,0.0,0.0,0.0,0.0,33.1,37.9,0.0,45000.0,0.0,0.0,0.0,1.0,1.0,5.0,6279.0,3.0,2598.0,1648.0,100.0,380000.0,425000.0,2,11428.57142857143,True,False,False,0,0.8733509234828497
MLC-4128487400,1.0,0,1,2,True,895.7,895.7,5.0,0.0,2.0,0.0,4.0,0.0,0.0,0.0,0.0,0.0,0.0,63.0,60.0,0.0,60000.0,1.0,0.0,0.0,0.0,1.0,17.0,5752.0,2.0,3137.0,1789.0,100.0,550000.0,610000.0,2,11653.944020356234,True,False,False,0,1.05
MLC-4198502912,1.0,0,1,3,False,960.6,960.6,5.0,1.0,1.0,2.0,0.0,1.0,0.0,0.0,0.0,0.0,0.0,34.0,32.0,0.0,35000.0,0.0,0.0,0.0,1.0,0.0,18.0,4889.0,1.0,6948.0,3534.0,56.3609274194969,355000.0,390000.0,2,10833.333333333334,True,False,False,0,1.0625
MLC-4198202532,1.0,0,1,8,False,3180.4,3180.4,5.0,0.0,0.0,0.0,1.0,0.0,0.0,0.0,0.0,0.0,0.0,33.1,37.9,0.0,50000.0,0.0,0.0,0.0,0.0,0.0,5.0,6441.0,4.0,887.0,463.0,99.6600561653695,330000.0,380000.0,0,10713.881820752049,True,False,False,0,0.8733509234828497
MLC-2007799755,2.0,0,2,0,True,698.9,698.9,5.0,1.0,4.0,0.0,0.0,2.0,2.0,1.0,0.0,0.0,0.0,45.0,43.0,0.0,80000.0,0.0,0.0,0.0,1.0,1.0,13.0,4644.0,1.0,2739.0,1645.0,100.0,500000.0,580000.0,2,12234.04255319149,True,False,False,0,1.0465116279069768
MLC-2068819667,1.0,1,1,1,True,900.0,4527.0,5.0,0.0,3.0,0.0,2.0,0.0,1.0,0.0,0.0,0.0,0.0,35.0,34.0,0.0,50000.0,1.0,0.0,0.0,1.0,1.0,5.0,5879.0,4.0,12234.0,5977.0,80.4354882614475,410000.0,460000.0,0,13558.61532686223,True,False,True,0,1.0294117647058822
MLC-4201729654,1.0,0,1,24,False,1506.6,5580.3,5.0,2.0,4.0,0.0,3.0,3.0,0.0,0.0,0.0,0.0,1.0,35.0,35.0,0.0,50000.0,0.0,1.0,0.0,0.0,1.0,4.0,4433.0,3.0,20174.0,9883.0,82.4572189855629,450000.0,500000.0,4,11975.1166407465,True,False,True,1,1.0
MLC-4201710760,2.0,1,2,6,True,623.0,623.0,5.0,5.0,0.0,2.0,1.0,1.0,5.0,2.0,0.0,5.0,0.0,70.0,70.0,1.0,100000.0,0.0,0.0,0.0,1.0,1.0,1.0,6768.0,4.0,1656.0,1111.0,100.0,650000.0,750000.0,2,11797.979797979799,True,False,False,0,1.0
MLC-4201706526,1.0,0,1,17,True,1120.5,1120.5,5.0,1.0,2.0,0.0,4.0,0.0,1.0,0.0,0.0,0.0,0.0,30.0,30.0,0.0,30000.0,0.0,0.0,0.0,1.0,1.0,3.0,6178.0,3.0,2620.0,1658.0,100.0,340000.0,370000.0,2,11404.761904761905,True,False,False,0,1.0
MLC-4085082512,2.0,1,2,0,True,698.9,698.9,5.0,1.0,4.0,0.0,0.0,2.0,2.0,1.0,0.0,0.0,0.0,50.0,50.0,0.0,70000.0,0.0,0.0,0.0,1.0,1.0,17.0,4644.0,1.0,2739.0,1645.0,100.0,530000.0,600000.0,2,12400.0,True,False,False,0,1.0
MLC-4223658872,2.0,1,2,2,True,1427.5,5410.4,1.0,0.0,1.0,0.0,0.0,1.0,0.0,0.0,0.0,0.0,0.0,89.6,64.3,0.0,90000.0,1.0,0.0,0.0,1.0,1.0,4.0,4433.0,3.0,20174.0,9883.0,82.4572189855629,680000.0,770000.0,4,10848.748473748474,True,False,True,0,1.3934681181959565
MLC-4223759242,1.0,1,2,5,True,5480.4,9297.4,2.0,0.0,1.0,0.0,0.0,0.0,0.0,0.0,0.0,0.0,0.0,54.0,53.0,0.0,0.0,0.0,0.0,0.0,1.0,0.0,4.0,4426.0,2.0,23629.0,10635.0,64.8623594811321,440000.0,440000.0,0,10384.26138978371,True,False,True,0,1.0188679245283019
MLC-4182739970,2.0,0,2,0,True,1141.4,1141.4,5.0,0.0,1.0,0.0,5.0,0.0,0.0,0.0,0.0,0.0,0.0,55.0,55.0,0.0,65000.0,0.0,0.0,0.0,0.0,0.0,15.0,5752.0,2.0,3137.0,1789.0,100.0,460000.0,525000.0,2,9750.0,True,False,False,0,1.0
MLC-2079666461,2.0,1,2,7,True,407.0,3845.6,5.0,0.0,1.0,0.0,2.0,1.0,2.0,0.0,0.0,0.0,1.0,60.0,60.0,1.0,80000.0,1.0,0.0,0.0,1.0,1.0,1.0,5879.0,4.0,12234.0,5977.0,80.4354882614475,500000.0,580000.0,0,11875.0,True,False,True,0,1.0
MLC-2079764941,1.0,0,0,1,False,1684.1,1684.1,0.0,0.0,0.0,0.0,0.0,0.0,0.0,0.0,0.0,0.0,0.0,31.4,35.7,0.0,0.0,0.0,0.0,0.0,0.0,0.0,1.0,4687.0,1.0,2156.0,1177.0,57.9263203269884,260000.0,260000.0,2,10806.174957118354,True,False,False,0,0.8795518207282912
MLC-4225846324,1.0,0,1,0,True,698.9,698.9,5.0,1.0,4.0,0.0,0.0,2.0,2.0,1.0,0.0,0.0,0.0,35.0,35.0,0.0,0.0,0.0,0.0,0.0,1.0,1.0,18.0,4644.0,1.0,2739.0,1645.0,100.0,450000.0,450000.0,2,12234.04255319149,True,False,False,0,1.0
MLC-4225146802,2.0,1,3,1,True,559.2,4484.2,0.0,0.0,0.0,0.0,0.0,0.0,0.0,0.0,0.0,0.0,0.0,105.0,100.0,1.0,120000.0,0.0,1.0,0.0,0.0,1.0,5.0,5879.0,4.0,12234.0,5977.0,80.4354882614475,900000.0,1020000.0,0,10916.17933723197,True,False,True,0,1.05
MLC-2079672681,1.0,0,0,4,False,1048.9,1048.9,5.0,0.0,2.0,0.0,4.0,1.0,0.0,0.0,0.0,0.0,0.0,31.0,35.7,0.0,0.0,0.0,0.0,0.0,0.0,1.0,10.0,6279.0,3.0,2598.0,1648.0,100.0,380000.0,380000.0,2,11111.111111111111,True,False,False,0,0.8683473389355741
MLC-4225847230,1.0,0,1,1,True,3240.9,3240.9,5.0,0.0,2.0,0.0,4.0,2.0,1.0,0.0,0.0,0.0,0.0,33.1,37.9,1.0,60000.0,0.0,0.0,0.0,1.0,1.0,2.0,6571.0,4.0,1072.0,625.0,89.9626305483346,390000.0,450000.0,0,10980.172689478733,True,False,False,0,0.8733509234828497
MLC-4225848946,2.0,0,2,2,True,1601.8,1601.8,5.0,1.0,0.0,2.0,0.0,5.0,1.0,0.0,0.0,1.0,0.0,61.0,62.0,0.0,85000.0,0.0,0.0,0.0,1.0,1.0,1.0,6691.0,4.0,2810.0,1764.0,100.0,520000.0,605000.0,4,13043.478260869566,True,False,False,0,0.9838709677419355
MLC-4225060954,2.0,2,2,1,True,2337.9,4967.7,0.0,0.0,0.0,0.0,0.0,0.0,0.0,0.0,0.0,0.0,0.0,81.0,81.0,1.0,100000.0,0.0,1.0,0.0,1.0,1.0,6.0,6748.0,4.0,2908.0,1351.0,5.75523405114186,750000.0,850000.0,3,12285.714285714286,True,False,True,0,1.0
MLC-4234264160,1.0,0,0,1,True,3240.9,3240.9,5.0,0.0,2.0,0.0,4.0,2.0,1.0,0.0,0.0,0.0,0.0,31.4,35.7,0.0,35000.0,0.0,0.0,0.0,0.0,0.0,1.0,6571.0,4.0,1072.0,625.0,89.9626305483346,438258.92000000004,473258.92000000004,0,10980.172689478733,True,False,False,0,0.8795518207282912
MLC-4229151750,2.0,1,2,15,True,3935.4,3935.4,0.0,0.0,0.0,0.0,0.0,0.0,0.0,0.0,0.0,0.0,0.0,70.0,70.0,0.0,100000.0,0.0,0.0,0.0,1.0,1.0,3.0,6684.0,4.0,6833.0,3079.0,90.5171296845883,750000.0,850000.0,4,12579.787981891292,True,False,False,1,1.0
MLC-4093526170,1.0,0,1,9,False,782.6,782.6,5.0,5.0,2.0,2.0,2.0,3.0,5.0,1.0,0.0,5.0,0.0,43.0,40.0,0.0,45000.0,0.0,0.0,0.0,0.0,0.0,4.0,5492.0,1.0,2073.0,1418.0,100.0,450000.0,495000.0,2,12200.0,True,False,False,0,1.075
MLC-4125903502,1.0,1,2,4,True,2779.8,7109.5,5.0,1.0,1.0,0.0,0.0,0.0,0.0,0.0,0.0,1.0,0.0,48.0,46.0,0.0,0.0,0.0,0.0,0.0,1.0,0.0,3.0,4924.0,2.0,16315.0,7728.0,96.1398621005236,480000.0,480000.0,1,8441.295546558704,True,True,False,0,1.0434782608695652
MLC-4234137576,1.0,0,0,1,True,3240.9,3240.9,5.0,0.0,2.0,0.0,4.0,2.0,1.0,0.0,0.0,0.0,0.0,31.4,35.7,0.0,35000.0,0.0,0.0,0.0,0.0,0.0,1.0,6571.0,4.0,1072.0,625.0,89.9626305483346,438258.92000000004,473258.92000000004,0,10980.172689478733,True,False,False,0,0.8795518207282912
MLC-2081782603,1.0,0,1,0,True,856.0,856.0,5.0,4.0,1.0,0.0,0.0,1.0,2.0,1.0,0.0,0.0,0.0,30.0,37.9,0.0,30000.0,0.0,0.0,0.0,1.0,1.0,12.0,5492.0,1.0,2073.0,1418.0,100.0,440000.0,470000.0,2,12664.90765171504,True,False,False,0,0.79155672823219
MLC-4225849652,2.0,1,2,0,True,4859.9,4859.9,5.0,1.0,0.0,0.0,2.0,0.0,0.0,0.0,0.0,0.0,0.0,68.0,58.3,1.0,95000.0,0.0,0.0,0.0,0.0,1.0,6.0,6282.0,3.0,12506.0,6078.0,99.9999999999999,700000.0,795000.0,4,11105.025773195875,True,False,False,1,1.1663807890222986
MLC-4093522396,2.0,1,3,5,True,1475.8,4957.2,0.0,0.0,0.0,0.0,0.0,0.0,0.0,0.0,0.0,0.0,0.0,79.0,79.0,1.0,135000.0,1.0,1.0,0.0,1.0,0.0,3.0,6748.0,4.0,2908.0,1351.0,5.75523405114186,850000.0,985000.0,3,11353.03265940902,True,False,True,0,1.0
MLC-4126581028,2.0,1,3,15,True,1493.1,13069.5,3.0,0.0,1.0,0.0,0.0,1.0,0.0,0.0,0.0,0.0,0.0,80.0,80.0,0.0,70000.0,1.0,0.0,0.0,1.0,0.0,2.0,5136.0,2.0,13939.0,6879.0,81.3670347779654,580000.0,650000.0,1,10517.241379310344,True,True,False,1,1.0
MLC-4234130114,2.0,0,2,0,False,462.8,462.8,5.0,5.0,5.0,4.0,3.0,3.0,5.0,1.0,0.0,4.0,0.0,112.0,125.0,0.0,32000.0,0.0,0.0,0.0,0.0,0.0,3.0,6636.0,4.0,2317.0,1552.0,99.9999999999999,690000.0,722000.0,2,13000.0,True,False,False,0,0.896
MLC-4228880022,2.0,1,2,0,True,7550.3,10931.5,1.0,0.0,1.0,0.0,0.0,0.0,0.0,0.0,0.0,0.0,0.0,54.0,54.0,0.0,0.0,0.0,1.0,0.0,1.0,0.0,1.0,4426.0,2.0,23629.0,10635.0,64.8623594811321,550000.0,550000.0,0,10000.0,True,False,True,0,1.0
MLC-4234264256,2.0,1,2,4,True,4648.9,4648.9,5.0,1.0,1.0,0.0,2.0,0.0,0.0,0.0,0.0,0.0,0.0,77.0,77.0,1.0,70000.0,1.0,0.0,0.0,1.0,1.0,1.0,6684.0,4.0,6833.0,3079.0,90.5171296845883,570000.0,640000.0,4,10875.454575784872,True,False,False,0,1.0
MLC-4234264112,1.0,0,0,1,True,3240.9,3240.9,5.0,0.0,2.0,0.0,4.0,2.0,1.0,0.0,0.0,0.0,0.0,31.4,35.7,0.0,35000.0,0.0,0.0,0.0,0.0,0.0,1.0,6571.0,4.0,1072.0,625.0,89.9626305483346,438258.92000000004,473258.92000000004,0,10980.172689478733,True,False,False,0,0.8795518207282912
MLC-4128098112,2.0,1,2,20,True,775.2,775.2,5.0,4.0,1.0,0.0,3.0,1.0,3.0,2.0,0.0,4.0,0.0,72.0,68.0,1.0,80000.0,1.0,0.0,0.0,1.0,1.0,15.0,3967.0,1.0,2152.0,1148.0,50.505791961991,630000.0,710000.0,2,11285.714285714286,True,False,False,0,1.0588235294117647
MLC-4096154256,1.0,1,1,5,True,725.7,4417.3,5.0,0.0,1.0,0.0,4.0,1.0,0.0,0.0,0.0,0.0,0.0,55.0,52.0,0.0,45000.0,0.0,0.0,0.0,1.0,1.0,15.0,4433.0,3.0,20174.0,9883.0,82.4572189855629,460000.0,505000.0,4,11400.0,False,False,True,0,1.0576923076923077
MLC-4096155524,2.0,1,2,16,True,634.5,634.5,5.0,0.0,3.0,2.0,1.0,2.0,2.0,1.0,0.0,3.0,1.0,55.0,55.0,0.0,100000.0,0.0,0.0,0.0,1.0,1.0,10.0,6318.0,3.0,1035.0,677.0,100.0,550000.0,650000.0,2,11250.0,True,False,False,0,1.0
MLC-4234290656,1.0,1,2,17,True,2027.9,2027.9,5.0,0.0,1.0,0.0,0.0,0.0,0.0,0.0,0.0,0.0,0.0,49.0,49.0,0.0,28000.0,0.0,0.0,0.0,1.0,1.0,1.0,6019.0,3.0,4332.0,2303.0,55.0392235701766,400000.0,428000.0,4,11579.473985134362,True,False,False,0,1.0
MLC-4233320722,2.0,1,3,18,False,1033.1,1033.1,5.0,0.0,3.0,0.0,4.0,1.0,0.0,0.0,0.0,0.0,0.0,74.0,70.0,0.0,150000.0,0.0,1.0,0.0,1.0,0.0,1.0,5941.0,2.0,3137.0,1891.0,100.0,580000.0,730000.0,2,11306.122448979593,True,False,False,0,1.0571428571428572
MLC-4230663800,1.0,0,1,9,True,2938.0,2938.0,5.0,0.0,1.0,0.0,2.0,3.0,1.0,0.0,0.0,0.0,0.0,30.9,30.0,1.0,40000.0,0.0,0.0,0.0,1.0,1.0,1.0,5455.0,1.0,10400.0,5578.0,70.0075532601241,430000.0,470000.0,0,10666.666666666666,True,False,False,0,1.03
MLC-4096254296,2.0,1,2,0,True,698.9,698.9,5.0,1.0,4.0,0.0,0.0,2.0,2.0,1.0,0.0,0.0,0.0,59.7,58.3,1.0,70000.0,1.0,0.0,0.0,1.0,1.0,7.0,4644.0,1.0,2739.0,1645.0,100.0,550000.0,620000.0,2,12400.0,True,False,False,0,1.0240137221269299
MLC-4096256264,2.0,1,2,2,True,701.0,701.0,5.0,5.0,3.0,2.0,0.0,1.0,2.0,1.0,0.0,5.0,0.0,75.0,55.0,1.0,60000.0,0.0,0.0,0.0,1.0,1.0,1.0,6768.0,4.0,1656.0,1111.0,100.0,600000.0,660000.0,2,11777.777777777777,True,False,False,0,1.3636363636363635
MLC-4096257078,1.0,0,1,10,True,825.4,825.4,5.0,4.0,2.0,1.0,1.0,2.0,1.0,1.0,0.0,0.0,0.0,36.0,34.0,0.0,50000.0,0.0,0.0,0.0,1.0,1.0,10.0,5492.0,1.0,2073.0,1418.0,100.0,470000.0,520000.0,2,12242.021276595744,True,False,False,0,1.0588235294117647
MLC-2084455493,2.0,2,3,6,True,2150.0,2150.0,5.0,1.0,1.0,0.0,0.0,1.0,2.0,0.0,0.0,1.0,0.0,76.0,78.0,0.0,180000.0,0.0,0.0,0.0,1.0,1.0,10.0,6741.0,4.0,1295.0,716.0,36.9900234018146,850000.0,1030000.0,2,14095.430107526881,True,False,False,0,0.9743589743589743
MLC-2084505713,2.0,1,2,6,True,986.3,5076.7,2.0,0.0,0.0,0.0,0.0,0.0,0.0,0.0,0.0,0.0,0.0,73.0,73.0,0.0,90000.0,1.0,1.0,0.0,1.0,1.0,3.0,4433.0,3.0,20174.0,9883.0,82.4572189855629,560000.0,650000.0,4,10477.272727272728,True,False,True,0,1.0
MLC-4235672540,3.0,2,4,36,False,826.0,826.0,5.0,5.0,1.0,0.0,0.0,1.0,2.0,1.0,0.0,4.0,0.0,140.0,140.0,0.0,210000.0,0.0,0.0,0.0,1.0,1.0,5.0,6768.0,4.0,1656.0,1111.0,100.0,1021119.75,1231119.75,2,11875.0,True,False,False,0,1.0
MLC-4096298934,2.0,1,3,8,True,3049.2,8540.5,5.0,0.0,1.0,0.0,0.0,0.0,0.0,0.0,0.0,0.0,0.0,79.0,79.0,1.0,140000.0,1.0,0.0,0.0,1.0,1.0,6.0,6335.0,4.0,485.0,244.0,24.1564524129314,780000.0,920000.0,2,11044.776119402984,True,True,False,0,1.0
MLC-4128488330,1.0,0,1,7,True,856.0,856.0,5.0,4.0,1.0,0.0,0.0,1.0,2.0,1.0,0.0,0.0,0.0,33.1,37.9,0.0,40000.0,0.0,1.0,0.0,1.0,1.0,15.0,5492.0,1.0,2073.0,1418.0,100.0,440000.0,480000.0,2,12500.0,True,False,False,1,0.8733509234828497
MLC-4235157758,2.0,1,3,5,False,7366.4,10898.1,0.0,0.0,0.0,0.0,0.0,0.0,0.0,0.0,0.0,0.0,0.0,64.0,61.0,0.0,0.0,0.0,0.0,0.0,1.0,0.0,4.0,4426.0,2.0,23629.0,10635.0,64.8623594811321,500000.0,500000.0,0,8196.72131147541,True,False,True,0,1.0491803278688525
MLC-4235776448,1.0,0,1,6,False,709.8,709.8,5.0,3.0,1.0,1.0,1.0,3.0,4.0,1.0,0.0,1.0,0.0,41.0,39.0,0.0,35000.0,1.0,0.0,0.0,0.0,0.0,5.0,5492.0,1.0,2073.0,1418.0,100.0,400000.0,435000.0,2,12242.021276595744,True,False,False,1,1.0512820512820513
MLC-4235162664,2.0,1,3,10,True,973.0,973.0,5.0,1.0,2.0,0.0,0.0,0.0,2.0,0.0,0.0,0.0,0.0,90.0,85.0,1.0,0.0,1.0,0.0,0.0,1.0,1.0,8.0,6178.0,3.0,2620.0,1658.0,100.0,850000.0,850000.0,2,12450.0,True,False,False,0,1.0588235294117647
MLC-4130983764,2.0,1,2,0,True,6097.9,6671.3,5.0,1.0,0.0,0.0,0.0,0.0,0.0,0.0,0.0,0.0,0.0,56.0,50.0,0.0,0.0,0.0,0.0,0.0,1.0,1.0,6.0,6682.0,4.0,4021.0,1996.0,65.5175717706704,600000.0,600000.0,1,12500.0,True,True,False,0,1.12
MLC-2089673311,2.0,1,2,5,False,2375.8,2375.8,0.0,0.0,0.0,0.0,0.0,0.0,0.0,0.0,0.0,0.0,0.0,200.0,60.0,1.0,150000.0,0.0,0.0,0.0,0.0,1.0,1.0,6182.0,3.0,4016.0,2045.0,100.0,620000.0,770000.0,4,11400.0,False,False,False,0,3.3333333333333335
MLC-2087355173,2.0,1,2,9,True,1103.1,1103.1,5.0,3.0,1.0,0.0,0.0,0.0,2.0,0.0,0.0,4.0,0.0,62.0,62.0,1.0,50000.0,0.0,0.0,0.0,1.0,1.0,12.0,6382.0,3.0,2472.0,1579.0,44.7477970543667,600000.0,650000.0,4,11854.774211741425,True,False,False,0,1.0
MLC-2091483465,1.0,0,1,5,False,1605.9,1605.9,5.0,1.0,0.0,0.0,3.0,2.0,0.0,0.0,0.0,0.0,0.0,33.1,37.9,0.0,50000.0,0.0,0.0,0.0,0.0,0.0,8.0,5924.0,2.0,3532.0,1915.0,100.0,390000.0,440000.0,4,11631.578947368422,True,False,False,0,0.8733509234828497
MLC-4134090704,1.0,1,1,5,True,3913.1,3913.1,4.0,0.0,0.0,0.0,0.0,0.0,0.0,0.0,0.0,0.0,0.0,35.0,35.0,0.0,55000.0,0.0,1.0,0.0,1.0,1.0,3.0,6684.0,4.0,6833.0,3079.0,90.5171296845883,410000.0,465000.0,4,12379.006913890635,True,False,False,0,1.0
MLC-4243837664,2.0,1,2,13,True,3187.5,3187.5,5.0,0.0,3.0,0.0,5.0,2.0,1.0,0.0,0.0,0.0,0.0,49.0,49.0,0.0,50000.0,0.0,0.0,0.0,1.0,0.0,1.0,6571.0,4.0,1072.0,625.0,89.9626305483346,530000.0,580000.0,0,10924.299952539155,True,False,False,0,1.0
MLC-2076882833,2.0,1,2,8,True,3066.7,8519.6,5.0,1.0,1.0,0.0,0.0,0.0,0.0,0.0,0.0,0.0,0.0,56.0,52.0,1.0,85000.0,0.0,1.0,0.0,1.0,1.0,3.0,6335.0,4.0,485.0,244.0,24.1564524129314,550000.0,635000.0,2,11044.776119402984,True,True,False,0,1.0769230769230769
MLC-4241428002,1.0,1,1,0,True,900.0,4527.0,5.0,0.0,3.0,0.0,2.0,0.0,1.0,0.0,0.0,0.0,0.0,33.0,33.0,0.0,60000.0,0.0,0.0,0.0,1.0,1.0,1.0,5879.0,4.0,12234.0,5977.0,80.4354882614475,410000.0,470000.0,0,13402.636916835701,True,False,True,0,1.0
MLC-2092199209,2.0,1,3,0,True,973.8,973.8,5.0,5.0,1.0,2.0,1.0,2.0,2.0,0.0,1.0,2.0,0.0,100.0,100.0,1.0,150000.0,0.0,1.0,0.0,1.0,1.0,20.0,6636.0,4.0,2317.0,1552.0,99.9999999999999,1000000.0,1150000.0,2,12185.622859709201,True,False,False,0,1.0
MLC-2092199195,2.0,1,2,0,True,746.9,746.9,5.0,4.0,5.0,1.0,1.0,0.0,1.0,0.0,0.0,2.0,0.0,55.0,55.0,1.0,130000.0,0.0,0.0,0.0,0.0,1.0,1.0,6636.0,4.0,2317.0,1552.0,99.9999999999999,520000.0,650000.0,2,13230.240549828179,True,False,False,0,1.0
MLC-2092199203,2.0,1,3,0,False,5172.0,5172.0,5.0,1.0,0.0,0.0,2.0,0.0,0.0,0.0,0.0,0.0,0.0,80.0,80.0,0.0,0.0,0.0,0.0,0.0,0.0,0.0,6.0,6684.0,4.0,6833.0,3079.0,90.5171296845883,750000.0,750000.0,4,10142.857142857143,True,False,False,0,1.0
MLC-4225062700,2.0,0,2,21,False,796.1,796.1,5.0,3.0,0.0,0.0,3.0,1.0,2.0,2.0,0.0,2.0,0.0,59.0,56.0,0.0,86000.0,1.0,0.0,0.0,1.0,1.0,2.0,3967.0,1.0,2152.0,1148.0,50.505791961991,500000.0,586000.0,2,10803.57142857143,True,False,False,0,1.0535714285714286
MLC-1984816319,1.0,1,1,8,True,6171.3,6627.8,2.0,0.0,0.0,0.0,0.0,0.0,0.0,0.0,0.0,0.0,0.0,38.0,38.0,0.0,50000.0,1.0,0.0,0.0,1.0,1.0,5.0,6682.0,4.0,4021.0,1996.0,65.5175717706704,470000.0,520000.0,1,12500.0,True,True,False,0,1.0
MLC-4134298114,2.0,1,2,0,True,790.9,790.9,5.0,4.0,0.0,0.0,1.0,1.0,2.0,1.0,0.0,5.0,0.0,59.7,58.3,1.0,110000.0,0.0,0.0,0.0,1.0,1.0,1.0,6768.0,4.0,1656.0,1111.0,100.0,670000.0,780000.0,2,11777.777777777777,True,False,False,0,1.0240137221269299
MLC-1984862365,2.0,1,3,4,True,4884.8,8890.3,0.0,0.0,0.0,0.0,0.0,0.0,0.0,1.0,0.0,0.0,0.0,60.0,60.0,0.0,60000.0,1.0,0.0,0.0,1.0,0.0,5.0,1859.0,2.0,27535.0,12357.0,68.1398650783455,460000.0,520000.0,0,10333.333333333334,True,False,True,0,1.0
MLC-4239753374,2.0,0,2,2,False,1358.0,1358.0,5.0,1.0,2.0,0.0,5.0,3.0,1.0,0.0,0.0,1.0,0.0,59.7,58.3,0.0,72000.0,1.0,0.0,0.0,1.0,1.0,19.0,6279.0,3.0,2598.0,1648.0,100.0,570000.0,642000.0,2,11620.538814053605,True,False,False,1,1.0240137221269299
MLC-1949789219,1.0,0,2,3,False,1395.6,1395.6,5.0,2.0,1.0,1.0,1.0,2.0,0.0,0.0,1.0,2.0,0.0,60.0,60.0,0.0,70000.0,0.0,0.0,0.0,0.0,0.0,1.0,6382.0,3.0,2472.0,1579.0,44.7477970543667,500000.0,570000.0,4,12036.585365853658,True,False,False,0,1.0
MLC-1978735069,1.0,0,1,4,True,497.5,497.5,5.0,5.0,3.0,4.0,1.0,2.0,5.0,1.0,0.0,5.0,0.0,30.0,37.9,0.0,70000.0,1.0,0.0,0.0,1.0,1.0,17.0,6318.0,3.0,1035.0,677.0,100.0,399000.0,469000.0,2,11379.310344827587,True,False,False,0,0.79155672823219
MLC-2003012883,2.0,1,2,0,True,1003.3,4976.7,5.0,0.0,2.0,0.0,1.0,3.0,0.0,0.0,0.0,0.0,0.0,65.0,64.0,1.0,80000.0,1.0,0.0,0.0,1.0,1.0,1.0,4433.0,3.0,20174.0,9883.0,82.4572189855629,560000.0,640000.0,4,10437.356760886172,True,False,True,0,1.015625
MLC-1970776671,3.0,1,4,50,True,768.1,768.1,4.0,2.0,4.0,2.0,1.0,0.0,1.0,0.0,0.0,3.0,0.0,121.0,118.0,1.0,0.0,0.0,0.0,0.0,0.0,0.0,2.0,6768.0,4.0,1656.0,1111.0,100.0,930000.0,930000.0,2,10071.42857142857,True,False,False,0,1.0254237288135593
MLC-1999207085,1.0,0,1,1,True,900.0,4527.0,5.0,0.0,3.0,0.0,2.0,0.0,1.0,0.0,0.0,0.0,0.0,32.0,32.0,0.0,40000.0,0.0,0.0,0.0,1.0,1.0,9.0,5879.0,4.0,12234.0,5977.0,80.4354882614475,450000.0,490000.0,0,13402.636916835701,True,False,True,0,1.0
MLC-1975373267,1.0,1,3,5,True,4372.6,4372.6,5.0,0.0,0.0,0.0,0.0,1.0,0.0,0.0,0.0,0.0,0.0,55.0,55.0,0.0,0.0,1.0,0.0,0.0,1.0,0.0,1.0,6409.0,4.0,6576.0,3080.0,94.3101149608368,500000.0,500000.0,0,8363.636363636364,True,False,False,0,1.0
MLC-2004401897,2.0,1,2,6,True,4934.0,4934.0,0.0,0.0,0.0,0.0,0.0,0.0,1.0,0.0,0.0,0.0,0.0,60.0,60.0,0.0,65000.0,1.0,0.0,0.0,1.0,0.0,4.0,6409.0,4.0,6576.0,3080.0,94.3101149608368,480000.0,545000.0,0,9473.443223443224,True,False,False,0,1.0
MLC-2003319725,1.0,0,1,6,True,645.3,645.3,5.0,0.0,3.0,0.0,0.0,1.0,2.0,0.0,0.0,0.0,0.0,34.0,34.0,0.0,50000.0,0.0,0.0,0.0,1.0,0.0,1.0,4644.0,1.0,2739.0,1645.0,100.0,450000.0,500000.0,2,12168.601583113457,True,False,False,0,1.0
MLC-1949395183,2.0,0,2,5,True,758.0,758.0,5.0,0.0,4.0,0.0,1.0,0.0,0.0,0.0,0.0,0.0,0.0,57.2,56.0,0.0,70000.0,1.0,0.0,0.0,1.0,1.0,16.0,4644.0,1.0,2739.0,1645.0,100.0,640000.0,710000.0,2,10950.859950859951,True,False,False,0,1.0214285714285716
MLC-2003296831,3.0,1,3,0,True,1446.3,1446.3,5.0,2.0,2.0,1.0,1.0,2.0,1.0,0.0,2.0,2.0,0.0,116.4,111.0,1.0,200000.0,0.0,0.0,0.0,1.0,1.0,7.0,6382.0,3.0,2472.0,1579.0,44.7477970543667,1100000.0,1300000.0,4,11792.857142857143,True,False,False,0,1.0486486486486486
MLC-2004401899,1.0,0,1,0,True,1594.9,1594.9,5.0,2.0,4.0,2.0,1.0,3.0,1.0,0.0,2.0,2.0,0.0,40.0,40.0,0.0,70000.0,1.0,0.0,0.0,1.0,1.0,1.0,6382.0,3.0,2472.0,1579.0,44.7477970543667,490000.0,560000.0,4,11829.532604598568,True,False,False,0,1.0
MLC-4098163896,3.0,1,3,20,False,1622.3,5058.2,0.0,1.0,1.0,0.0,0.0,1.0,0.0,0.0,0.0,0.0,0.0,133.0,125.0,1.0,200000.0,0.0,1.0,0.0,1.0,1.0,5.0,6748.0,4.0,2908.0,1351.0,5.75523405114186,1200000.0,1400000.0,3,11481.481481481482,True,False,True,0,1.064
MLC-2006029579,1.0,0,1,4,True,719.9,719.9,5.0,4.0,3.0,2.0,0.0,0.0,1.0,0.0,0.0,5.0,0.0,33.1,37.9,0.0,25000.0,0.0,0.0,0.0,0.0,1.0,5.0,6768.0,4.0,1656.0,1111.0,100.0,350000.0,375000.0,2,12567.567567567568,True,False,False,0,0.8733509234828497
MLC-2007591369,2.0,0,2,0,False,1011.0,1011.0,5.0,2.0,3.0,0.0,2.0,1.0,1.0,0.0,0.0,0.0,0.0,54.0,54.0,1.0,70000.0,0.0,0.0,0.0,1.0,1.0,11.0,6178.0,3.0,2620.0,1658.0,100.0,500000.0,570000.0,2,11041.666666666666,True,False,False,0,1.0
MLC-2006722453,1.0,0,1,1,True,1373.8,1373.8,5.0,1.0,2.0,0.0,1.0,2.0,0.0,0.0,0.0,0.0,0.0,33.1,37.9,0.0,60000.0,0.0,0.0,0.0,1.0,1.0,7.0,6691.0,4.0,2810.0,1764.0,100.0,420000.0,480000.0,4,12071.428571428572,True,False,False,0,0.8733509234828497
MLC-2007823193,2.0,1,2,0,True,698.9,698.9,5.0,1.0,4.0,0.0,0.0,2.0,2.0,1.0,0.0,0.0,0.0,50.0,50.0,0.0,70000.0,0.0,0.0,0.0,1.0,1.0,1.0,4644.0,1.0,2739.0,1645.0,100.0,550000.0,620000.0,2,12234.04255319149,True,False,False,0,1.0
MLC-4098301134,1.0,0,1,10,False,1462.4,1462.4,5.0,1.0,1.0,0.0,4.0,2.0,0.0,0.0,0.0,0.0,0.0,32.0,32.0,0.0,35000.0,0.0,0.0,0.0,1.0,1.0,4.0,6279.0,3.0,2598.0,1648.0,100.0,380000.0,415000.0,2,11666.666666666666,True,False,False,0,1.0
MLC-1997618501,2.0,1,2,2,True,1939.5,1939.5,5.0,0.0,0.0,0.0,1.0,0.0,0.0,0.0,0.0,0.0,0.0,59.7,58.3,0.0,100000.0,0.0,0.0,0.0,0.0,1.0,17.0,6019.0,3.0,4332.0,2303.0,55.0392235701766,700000.0,800000.0,4,12916.666666666666,True,False,False,0,1.0240137221269299
MLC-4100164788,2.0,1,2,2,True,2823.6,6960.6,4.0,0.0,0.0,0.0,0.0,0.0,0.0,0.0,0.0,0.0,0.0,89.6,64.3,1.0,65000.0,0.0,0.0,0.0,1.0,1.0,5.0,5385.0,3.0,323.0,156.0,19.0571301445678,750000.0,815000.0,2,10849.056603773584,True,False,True,1,1.3934681181959565
MLC-4101802030,2.0,1,3,1,True,4172.0,8458.4,5.0,1.0,1.0,0.0,2.0,0.0,0.0,0.0,0.0,0.0,0.0,66.0,66.0,0.0,40000.0,0.0,0.0,0.0,1.0,0.0,4.0,6358.0,4.0,4448.0,2458.0,54.2005929673536,600000.0,640000.0,4,9083.916083916083,True,True,False,0,1.0
MLC-4101803742,2.0,1,2,1,True,457.5,4504.2,5.0,0.0,0.0,0.0,1.0,0.0,1.0,0.0,0.0,0.0,0.0,70.0,70.0,0.0,90000.0,1.0,1.0,0.0,1.0,1.0,15.0,5879.0,4.0,12234.0,5977.0,80.4354882614475,670000.0,760000.0,0,10916.17933723197,True,False,True,0,1.0
MLC-4105451624,2.0,1,2,11,True,2184.8,3658.3,0.0,0.0,0.0,0.0,0.0,0.0,0.0,0.0,0.0,0.0,0.0,84.1,78.0,1.0,120000.0,0.0,1.0,0.0,1.0,1.0,3.0,6748.0,4.0,2908.0,1351.0,5.75523405114186,800000.0,920000.0,3,11875.0,True,False,True,0,1.0782051282051281
MLC-2011940125,1.0,1,1,0,True,900.0,4527.0,5.0,0.0,3.0,0.0,2.0,0.0,1.0,0.0,0.0,0.0,0.0,35.4,42.0,0.0,40000.0,1.0,0.0,0.0,1.0,1.0,1.0,5879.0,4.0,12234.0,5977.0,80.4354882614475,510000.0,550000.0,0,13685.390174732413,True,False,True,0,0.8428571428571429
MLC-2012988119,1.0,1,2,0,False,348.9,4403.3,5.0,0.0,0.0,0.0,0.0,0.0,0.0,0.0,0.0,0.0,0.0,56.0,56.0,0.0,100000.0,0.0,0.0,0.0,1.0,1.0,1.0,4433.0,3.0,20174.0,9883.0,82.4572189855629,500000.0,600000.0,4,9596.774193548386,True,False,True,0,1.0
MLC-4105456394,2.0,1,3,20,True,645.3,645.3,5.0,0.0,3.0,0.0,0.0,1.0,2.0,0.0,0.0,0.0,0.0,74.0,72.0,0.0,0.0,0.0,0.0,0.0,1.0,0.0,5.0,4644.0,1.0,2739.0,1645.0,100.0,730000.0,730000.0,2,12211.111111111111,True,False,False,0,1.0277777777777777
MLC-1973919873,2.0,1,3,10,True,973.0,973.0,5.0,1.0,2.0,0.0,0.0,0.0,2.0,0.0,0.0,0.0,0.0,90.0,88.0,1.0,0.0,1.0,0.0,0.0,1.0,1.0,8.0,6178.0,3.0,2620.0,1658.0,100.0,850000.0,850000.0,2,12450.0,True,False,False,0,1.0227272727272727
MLC-2013049645,2.0,1,3,1,True,4825.0,4825.0,0.0,0.0,0.0,0.0,0.0,0.0,0.0,0.0,0.0,0.0,0.0,50.0,50.0,0.0,65000.0,0.0,0.0,0.0,0.0,1.0,5.0,6746.0,4.0,1359.0,578.0,0.79120010960881,550000.0,615000.0,0,10000.0,True,False,False,0,1.0
MLC-2013900895,2.0,1,2,5,True,787.3,787.3,5.0,1.0,5.0,2.0,1.0,2.0,0.0,0.0,0.0,0.0,0.0,46.0,46.0,1.0,38000.0,1.0,0.0,0.0,1.0,1.0,20.0,5332.0,1.0,4499.0,2404.0,100.0,580000.0,618000.0,2,10833.333333333334,True,False,False,0,1.0
MLC-2013964485,3.0,2,4,20,True,1653.0,4644.7,1.0,1.0,1.0,0.0,0.0,1.0,1.0,0.0,0.0,0.0,0.0,120.0,113.0,1.0,240000.0,1.0,1.0,0.0,1.0,1.0,2.0,6748.0,4.0,2908.0,1351.0,5.75523405114186,1150000.0,1390000.0,3,11400.0,True,False,True,0,1.0619469026548674
MLC-4105542032,1.0,0,1,0,True,1406.3,1406.3,5.0,2.0,4.0,2.0,1.0,4.0,1.0,0.0,0.0,2.0,0.0,33.1,37.9,0.0,30000.0,0.0,0.0,0.0,1.0,1.0,16.0,6382.0,3.0,2472.0,1579.0,44.7477970543667,420000.0,450000.0,4,12631.578947368422,True,False,False,0,0.8733509234828497
MLC-2016433393,1.0,1,2,4,True,1498.3,10209.9,3.0,1.0,0.0,0.0,2.0,0.0,0.0,0.0,0.0,0.0,1.0,55.0,55.0,0.0,50000.0,1.0,1.0,0.0,1.0,1.0,7.0,6201.0,4.0,3828.0,1963.0,52.2534527838595,500000.0,550000.0,0,10294.117647058823,True,True,False,0,1.0
MLC-2016686189,2.0,1,3,8,True,2588.3,2588.3,5.0,0.0,1.0,0.0,0.0,1.0,0.0,0.0,0.0,0.0,0.0,75.0,70.0,0.0,180000.0,1.0,1.0,0.0,1.0,0.0,10.0,6741.0,4.0,1295.0,716.0,36.9900234018146,900000.0,1080000.0,2,14043.911512717536,True,False,False,0,1.0714285714285714
MLC-4155685180,2.0,1,2,10,True,6636.5,4948.9,0.0,0.0,0.0,0.0,0.0,0.0,0.0,0.0,0.0,0.0,0.0,81.0,76.0,1.0,250000.0,0.0,1.0,0.0,1.0,1.0,1.0,6624.0,4.0,1277.0,600.0,16.149253186174,790000.0,1040000.0,1,8407.079646017699,True,True,False,0,1.0657894736842106
MLC-4155685284,1.0,0,1,19,True,1896.7,5121.9,0.0,0.0,1.0,0.0,0.0,1.0,1.0,0.0,0.0,0.0,0.0,54.0,43.0,1.0,75000.0,0.0,1.0,0.0,1.0,1.0,9.0,6748.0,4.0,2908.0,1351.0,5.75523405114186,600000.0,675000.0,3,11746.031746031746,True,False,True,1,1.255813953488372
MLC-2016682041,1.0,1,2,10,True,4026.9,4026.9,3.0,0.0,0.0,0.0,0.0,1.0,1.0,0.0,0.0,0.0,0.0,56.0,54.0,0.0,0.0,1.0,1.0,0.0,1.0,1.0,16.0,6684.0,4.0,6833.0,3079.0,90.5171296845883,580000.0,580000.0,4,12363.757199822772,True,False,False,0,1.037037037037037
MLC-2018136005,1.0,1,1,5,True,2202.8,5488.5,0.0,0.0,0.0,0.0,0.0,0.0,0.0,0.0,0.0,0.0,0.0,54.0,50.0,1.0,75000.0,1.0,1.0,0.0,1.0,1.0,9.0,6748.0,4.0,2908.0,1351.0,5.75523405114186,600000.0,675000.0,3,12083.333333333332,True,False,True,1,1.08
MLC-2018303125,2.0,1,2,1,True,1294.9,1294.9,5.0,2.0,1.0,1.0,0.0,0.0,0.0,0.0,0.0,2.0,0.0,60.0,60.0,1.0,90000.0,0.0,0.0,0.0,1.0,1.0,7.0,6382.0,3.0,2472.0,1579.0,44.7477970543667,650000.0,740000.0,4,12361.111111111111,True,False,False,0,1.0
MLC-2018358607,2.0,2,2,6,True,1912.3,1912.3,0.0,0.0,0.0,0.0,0.0,0.0,0.0,0.0,0.0,0.0,0.0,53.0,50.0,0.0,70000.0,1.0,0.0,0.0,1.0,1.0,1.0,4687.0,1.0,2156.0,1177.0,57.9263203269884,550000.0,620000.0,2,12372.46680642907,True,False,False,0,1.06
MLC-2019967045,2.0,1,2,18,True,2193.5,5506.6,0.0,0.0,0.0,0.0,0.0,0.0,0.0,0.0,0.0,0.0,0.0,65.0,61.0,0.0,120000.0,0.0,1.0,0.0,1.0,1.0,6.0,6748.0,4.0,2908.0,1351.0,5.75523405114186,600000.0,720000.0,3,12181.818181818182,True,False,True,0,1.0655737704918034
MLC-4105567724,2.0,0,2,0,False,1133.3,1133.3,5.0,1.0,1.0,0.0,4.0,0.0,0.0,0.0,0.0,0.0,0.0,59.0,49.0,0.0,55000.0,0.0,0.0,0.0,1.0,0.0,1.0,5941.0,2.0,3137.0,1891.0,100.0,500000.0,555000.0,2,11018.518518518518,True,False,False,0,1.2040816326530612
MLC-2022493207,2.0,0,2,1,True,1675.4,1675.4,5.0,2.0,5.0,1.0,2.0,4.0,0.0,0.0,0.0,1.0,0.0,57.0,58.3,0.0,70000.0,0.0,0.0,0.0,1.0,1.0,4.0,6691.0,4.0,2810.0,1764.0,100.0,650000.0,720000.0,4,12667.140825035563,True,False,False,1,0.9777015437392796
MLC-2025074595,1.0,1,1,0,True,1406.3,1406.3,5.0,2.0,4.0,2.0,1.0,4.0,1.0,0.0,0.0,2.0,0.0,41.0,39.0,1.0,80000.0,0.0,0.0,0.0,1.0,1.0,16.0,6382.0,3.0,2472.0,1579.0,44.7477970543667,480000.0,560000.0,4,12567.567567567568,True,False,False,0,1.0512820512820513
MLC-2020668627,1.0,1,2,0,True,1681.9,2996.3,4.0,0.0,0.0,0.0,0.0,0.0,0.0,0.0,0.0,0.0,0.0,50.0,48.0,1.0,60000.0,0.0,1.0,0.0,1.0,0.0,10.0,5879.0,4.0,12234.0,5977.0,80.4354882614475,490000.0,550000.0,0,10166.666666666666,True,False,True,0,1.0416666666666667
MLC-4105675818,1.0,0,1,1,True,375.2,375.2,5.0,1.0,5.0,5.0,1.0,5.0,5.0,1.0,0.0,4.0,0.0,36.0,32.0,0.0,35000.0,0.0,0.0,0.0,1.0,1.0,4.0,5332.0,1.0,4499.0,2404.0,100.0,430000.0,465000.0,2,12178.387650085764,True,False,False,0,1.125
MLC-2031485603,1.0,0,1,1,True,3240.9,3240.9,5.0,0.0,2.0,0.0,4.0,2.0,1.0,0.0,0.0,0.0,0.0,33.1,37.9,1.0,60000.0,0.0,0.0,0.0,1.0,1.0,2.0,6571.0,4.0,1072.0,625.0,89.9626305483346,390000.0,450000.0,0,10980.172689478733,True,False,False,0,0.8733509234828497
MLC-2027785083,2.0,1,3,0,True,5167.9,5167.9,0.0,0.0,0.0,0.0,0.0,0.0,0.0,0.0,0.0,0.0,0.0,60.0,56.0,0.0,50000.0,0.0,0.0,0.0,1.0,0.0,1.0,6409.0,4.0,6576.0,3080.0,94.3101149608368,600000.0,650000.0,0,9423.076923076924,True,False,False,0,1.0714285714285714
MLC-4105683082,2.0,1,3,25,True,1008.7,1008.7,5.0,4.0,1.0,0.0,0.0,1.0,2.0,1.0,0.0,4.0,0.0,70.0,65.0,1.0,150000.0,0.0,0.0,0.0,1.0,1.0,4.0,5492.0,1.0,2073.0,1418.0,100.0,695000.0,845000.0,4,11986.842105263157,True,False,False,0,1.0769230769230769
MLC-4108677004,2.0,2,3,1,True,559.2,4484.2,0.0,0.0,0.0,0.0,0.0,0.0,0.0,0.0,0.0,0.0,0.0,100.0,100.0,2.0,168000.0,0.0,1.0,0.0,1.0,1.0,15.0,5879.0,4.0,12234.0,5977.0,80.4354882614475,950000.0,1118000.0,0,10891.089108910892,True,False,True,0,1.0
MLC-4108685220,1.0,1,2,0,True,5167.9,5167.9,0.0,0.0,0.0,0.0,0.0,0.0,0.0,0.0,0.0,0.0,0.0,59.0,54.0,0.0,40000.0,0.0,0.0,0.0,1.0,0.0,5.0,6409.0,4.0,6576.0,3080.0,94.3101149608368,500000.0,540000.0,0,9423.076923076924,True,False,False,0,1.0925925925925926
MLC-4108975368,2.0,1,3,15,True,1591.2,1591.2,4.0,1.0,0.0,0.0,2.0,2.0,0.0,0.0,0.0,0.0,0.0,78.0,78.0,1.0,100000.0,1.0,1.0,0.0,1.0,1.0,6.0,5924.0,2.0,3532.0,1915.0,100.0,590000.0,690000.0,4,11631.578947368422,True,False,False,0,1.0
MLC-2035109069,2.0,1,2,8,True,1698.1,5603.2,5.0,0.0,1.0,0.0,0.0,1.0,0.0,0.0,0.0,0.0,0.0,74.0,65.0,1.0,0.0,0.0,1.0,0.0,1.0,0.0,1.0,4433.0,3.0,20174.0,9883.0,82.4572189855629,630000.0,630000.0,4,11947.310642354674,True,False,True,0,1.1384615384615384
MLC-2035137777,1.0,1,1,19,True,2161.5,5420.2,0.0,0.0,0.0,0.0,0.0,0.0,0.0,0.0,0.0,0.0,0.0,48.0,48.0,1.0,0.0,0.0,1.0,0.0,1.0,1.0,2.0,6748.0,4.0,2908.0,1351.0,5.75523405114186,530000.0,530000.0,3,12000.0,True,False,True,0,1.0
MLC-2037563133,4.0,2,3,6,True,2214.9,3438.5,0.0,0.0,0.0,0.0,0.0,0.0,0.0,0.0,0.0,0.0,0.0,260.0,245.0,1.0,170000.0,1.0,0.0,0.0,1.0,1.0,1.0,6748.0,4.0,2908.0,1351.0,5.75523405114186,1850000.0,2020000.0,3,11875.0,True,False,True,0,1.0612244897959184
MLC-4108976644,2.0,2,3,16,True,472.3,4560.8,5.0,0.0,1.0,0.0,1.0,0.0,0.0,0.0,0.0,0.0,0.0,119.0,119.0,0.0,140000.0,0.0,0.0,0.0,1.0,0.0,1.0,4433.0,3.0,20174.0,9883.0,82.4572189855629,1100000.0,1240000.0,4,9596.774193548386,True,False,True,0,1.0
MLC-2037595521,4.0,2,3,6,True,2143.3,3262.7,2.0,0.0,0.0,0.0,0.0,0.0,0.0,0.0,0.0,0.0,0.0,305.0,245.0,1.0,170000.0,1.0,0.0,0.0,1.0,1.0,1.0,6748.0,4.0,2908.0,1351.0,5.75523405114186,1850000.0,2020000.0,3,12073.529411764706,True,False,True,0,1.2448979591836735
MLC-2037763667,1.0,0,1,0,True,900.0,4527.0,5.0,0.0,3.0,0.0,2.0,0.0,1.0,0.0,0.0,0.0,0.0,34.0,42.0,0.0,45000.0,1.0,0.0,0.0,1.0,1.0,7.0,5879.0,4.0,12234.0,5977.0,80.4354882614475,460000.0,505000.0,0,13685.390174732413,True,False,True,0,0.8095238095238095
MLC-4096442028,1.0,1,1,6,True,532.1,532.1,5.0,5.0,5.0,3.0,1.0,0.0,4.0,0.0,0.0,5.0,0.0,36.0,36.0,1.0,65000.0,1.0,0.0,0.0,1.0,1.0,1.0,6636.0,4.0,2317.0,1552.0,99.9999999999999,420000.0,485000.0,2,12129.62962962963,True,False,False,0,1.0
MLC-2037762805,2.0,0,2,4,True,4967.6,4967.6,0.0,0.0,0.0,0.0,1.0,0.0,0.0,0.0,0.0,0.0,0.0,70.0,70.0,1.0,120000.0,0.0,0.0,0.0,1.0,1.0,1.0,6282.0,3.0,12506.0,6078.0,99.9999999999999,600000.0,720000.0,4,10571.42857142857,True,False,False,0,1.0
MLC-2037766059,1.0,0,1,6,True,751.5,751.5,5.0,5.0,1.0,1.0,1.0,1.0,2.0,1.0,0.0,5.0,0.0,38.0,38.0,0.0,0.0,1.0,0.0,0.0,1.0,1.0,13.0,6768.0,4.0,1656.0,1111.0,100.0,430000.0,430000.0,2,11826.388888888889,True,False,False,0,1.0
MLC-4108979400,2.0,1,3,0,True,1536.1,3003.7,5.0,0.0,0.0,0.0,0.0,0.0,0.0,0.0,0.0,0.0,0.0,90.0,90.0,0.0,70000.0,0.0,0.0,0.0,0.0,0.0,1.0,5879.0,4.0,12234.0,5977.0,80.4354882614475,560000.0,630000.0,0,10166.666666666666,True,False,True,0,1.0
MLC-2087355175,1.0,0,1,8,True,1694.4,1694.4,5.0,1.0,4.0,0.0,0.0,5.0,0.0,0.0,0.0,0.0,0.0,36.0,36.0,0.0,50000.0,0.0,0.0,0.0,0.0,0.0,1.0,6691.0,4.0,2810.0,1764.0,100.0,430000.0,480000.0,4,13064.516129032258,True,False,False,0,1.0
MLC-2039827589,2.0,1,2,14,False,5424.0,5424.0,5.0,1.0,1.0,0.0,1.0,1.0,0.0,0.0,0.0,0.0,0.0,74.0,68.0,1.0,120000.0,0.0,0.0,0.0,1.0,1.0,3.0,6684.0,4.0,6833.0,3079.0,90.5171296845883,650000.0,770000.0,4,9705.882352941177,True,False,False,0,1.088235294117647
MLC-4108979908,1.0,0,1,3,True,1406.3,1406.3,5.0,2.0,4.0,2.0,1.0,4.0,1.0,0.0,0.0,2.0,0.0,37.0,35.0,0.0,45000.0,0.0,0.0,0.0,1.0,1.0,4.0,6382.0,3.0,2472.0,1579.0,44.7477970543667,400000.0,445000.0,4,12567.567567567568,True,False,False,0,1.0571428571428572
MLC-4145432524,1.0,1,2,0,True,6884.9,5710.6,0.0,0.0,0.0,0.0,0.0,0.0,0.0,0.0,0.0,0.0,0.0,47.0,47.0,0.0,0.0,0.0,1.0,0.0,1.0,0.0,2.0,6375.0,4.0,4591.0,2555.0,80.1239481965662,430000.0,430000.0,1,9329.62962962963,True,True,False,0,1.0
MLC-4145435466,1.0,0,1,2,True,704.4,704.4,5.0,5.0,5.0,3.0,3.0,3.0,5.0,2.0,0.0,5.0,0.0,42.0,38.0,0.0,50000.0,0.0,0.0,0.0,1.0,1.0,17.0,6636.0,4.0,2317.0,1552.0,99.9999999999999,460000.0,510000.0,2,12558.139534883721,True,False,False,0,1.105263157894737
MLC-4109147994,2.0,1,2,12,True,876.1,876.1,5.0,5.0,1.0,1.0,1.0,2.0,2.0,0.0,0.0,3.0,0.0,59.7,58.3,0.0,140000.0,0.0,0.0,0.0,1.0,1.0,22.0,6636.0,4.0,2317.0,1552.0,99.9999999999999,620000.0,760000.0,2,12558.139534883721,True,False,False,0,1.0240137221269299
MLC-4239753200,1.0,0,0,1,True,1808.8,1808.8,5.0,1.0,5.0,2.0,2.0,5.0,3.0,0.0,0.0,2.0,0.0,30.0,30.0,0.0,40000.0,1.0,0.0,0.0,1.0,1.0,2.0,6382.0,3.0,2472.0,1579.0,44.7477970543667,450000.0,490000.0,4,13333.333333333334,True,False,False,1,1.0
MLC-2089984063,1.0,0,1,0,True,375.2,375.2,5.0,1.0,5.0,5.0,1.0,5.0,5.0,1.0,0.0,4.0,0.0,33.0,30.0,0.0,35000.0,0.0,0.0,0.0,0.0,1.0,16.0,5332.0,1.0,4499.0,2404.0,100.0,410000.0,445000.0,2,12178.387650085764,True,False,False,0,1.1
MLC-4241428726,1.0,1,2,5,True,1797.5,1797.5,5.0,1.0,4.0,0.0,1.0,5.0,2.0,0.0,0.0,0.0,0.0,55.0,55.0,0.0,55000.0,1.0,1.0,0.0,1.0,1.0,17.0,6715.0,4.0,2440.0,1484.0,100.0,700000.0,755000.0,4,13333.333333333334,True,False,False,1,1.0
MLC-2087355167,2.0,1,2,3,True,3184.3,3903.6,2.0,0.0,0.0,0.0,0.0,0.0,0.0,0.0,0.0,0.0,0.0,116.0,116.0,1.0,110000.0,0.0,1.0,0.0,1.0,1.0,2.0,6748.0,4.0,2908.0,1351.0,5.75523405114186,1000000.0,1110000.0,3,9568.965517241379,True,False,True,1,1.0
MLC-4244617738,1.0,0,1,1,True,900.0,4527.0,5.0,0.0,3.0,0.0,2.0,0.0,1.0,0.0,0.0,0.0,0.0,32.0,32.0,0.0,40000.0,0.0,0.0,0.0,1.0,1.0,9.0,5879.0,4.0,12234.0,5977.0,80.4354882614475,450000.0,490000.0,0,13402.636916835701,True,False,True,0,1.0
MLC-1986997867,1.0,1,1,1,True,723.7,723.7,5.0,5.0,5.0,3.0,2.0,1.0,5.0,0.0,0.0,3.0,0.0,46.0,46.0,0.0,65000.0,0.0,0.0,0.0,1.0,1.0,18.0,6636.0,4.0,2317.0,1552.0,99.9999999999999,440000.0,505000.0,2,12744.569381243064,True,False,False,0,1.0
MLC-2039845931,1.0,1,1,0,True,1166.5,1166.5,5.0,3.0,1.0,1.0,0.0,0.0,1.0,0.0,1.0,2.0,0.0,30.0,30.0,1.0,115000.0,0.0,0.0,0.0,1.0,1.0,6.0,6382.0,3.0,2472.0,1579.0,44.7477970543667,500000.0,615000.0,4,11873.35092348285,True,False,False,0,1.0
MLC-4135263000,2.0,1,3,0,True,1003.8,4794.1,5.0,0.0,0.0,0.0,3.0,1.0,0.0,0.0,0.0,0.0,0.0,87.0,75.0,1.0,0.0,0.0,1.0,0.0,1.0,1.0,3.0,4433.0,3.0,20174.0,9883.0,82.4572189855629,700000.0,700000.0,4,10047.449325490195,True,False,True,0,1.16
MLC-2042168811,1.0,0,1,7,True,1437.0,1437.0,5.0,1.0,1.0,2.0,0.0,1.0,0.0,0.0,0.0,1.0,0.0,36.0,34.0,0.0,40000.0,0.0,0.0,0.0,1.0,1.0,17.0,6691.0,4.0,2810.0,1764.0,100.0,420000.0,460000.0,4,12400.0,True,False,False,0,1.0588235294117647
MLC-2048418219,1.0,0,2,6,True,1436.2,1436.2,5.0,2.0,3.0,1.0,1.0,2.0,1.0,0.0,1.0,2.0,0.0,45.0,43.0,0.0,85000.0,0.0,0.0,0.0,1.0,1.0,5.0,6382.0,3.0,2472.0,1579.0,44.7477970543667,500000.0,585000.0,4,12110.817941952508,True,False,False,0,1.0465116279069768
MLC-2041075517,2.0,0,2,10,True,4785.8,4785.8,5.0,1.0,0.0,0.0,2.0,0.0,0.0,0.0,0.0,0.0,0.0,59.7,58.3,1.0,77000.0,0.0,1.0,0.0,1.0,1.0,1.0,6282.0,3.0,12506.0,6078.0,99.9999999999999,460000.0,537000.0,4,11000.0,True,False,False,0,1.0240137221269299
MLC-4109153330,2.0,0,2,0,True,698.9,698.9,5.0,1.0,4.0,0.0,0.0,2.0,2.0,1.0,0.0,0.0,0.0,48.0,45.0,0.0,85000.0,0.0,0.0,0.0,1.0,1.0,3.0,4644.0,1.0,2739.0,1645.0,100.0,500000.0,585000.0,2,12234.04255319149,True,False,False,0,1.0666666666666667
MLC-4109481102,2.0,1,2,0,True,1194.7,5280.1,1.0,0.0,0.0,0.0,0.0,0.0,0.0,0.0,0.0,0.0,0.0,60.0,60.0,0.0,70000.0,0.0,0.0,0.0,1.0,1.0,3.0,4433.0,3.0,20174.0,9883.0,82.4572189855629,560000.0,630000.0,4,10172.413793103447,True,False,True,0,1.0
MLC-3882970254,2.0,1,2,30,True,671.9,671.9,5.0,5.0,1.0,1.0,2.0,1.0,4.0,2.0,0.0,5.0,0.0,82.0,72.0,0.0,130000.0,1.0,0.0,0.0,1.0,1.0,2.0,6768.0,4.0,1656.0,1111.0,100.0,600000.0,730000.0,2,11748.263888888889,True,False,False,0,1.1388888888888888
MLC-2041114597,1.0,0,1,1,True,1675.4,1675.4,5.0,2.0,5.0,1.0,2.0,4.0,0.0,0.0,0.0,1.0,0.0,33.1,37.9,0.0,50000.0,0.0,0.0,0.0,1.0,1.0,4.0,6691.0,4.0,2810.0,1764.0,100.0,600000.0,650000.0,4,12605.263157894737,True,False,False,1,0.8733509234828497
MLC-2044149071,1.0,0,1,2,False,1455.6,1455.6,0.0,0.0,0.0,0.0,0.0,0.0,0.0,0.0,0.0,0.0,0.0,40.0,38.0,0.0,42000.0,1.0,1.0,0.0,1.0,1.0,1.0,6279.0,3.0,2598.0,1648.0,100.0,400000.0,442000.0,2,11666.666666666666,True,False,False,0,1.0526315789473684
MLC-2044156617,1.0,0,1,4,True,598.4,598.4,5.0,5.0,1.0,5.0,0.0,1.0,5.0,2.0,0.0,5.0,0.0,40.0,35.0,0.0,55000.0,1.0,0.0,0.0,1.0,1.0,4.0,6768.0,4.0,1656.0,1111.0,100.0,480000.0,535000.0,2,11777.777777777777,True,False,False,1,1.1428571428571428
MLC-2045836591,2.0,2,2,14,True,1461.6,4986.5,0.0,1.0,0.0,0.0,0.0,0.0,0.0,0.0,0.0,0.0,0.0,60.0,60.0,0.0,125000.0,1.0,1.0,0.0,1.0,1.0,4.0,6748.0,4.0,2908.0,1351.0,5.75523405114186,630000.0,755000.0,3,11353.03265940902,True,False,True,0,1.0
MLC-2045859731,1.0,1,1,0,True,1741.5,1741.5,1.0,1.0,1.0,0.0,1.0,1.0,0.0,0.0,0.0,0.0,0.0,34.0,34.0,0.0,35000.0,0.0,0.0,0.0,1.0,1.0,1.0,5924.0,2.0,3532.0,1915.0,100.0,380000.0,415000.0,4,11345.646437994723,True,False,False,0,1.0
MLC-2046335527,1.0,1,2,2,True,1717.6,1717.6,5.0,1.0,1.0,2.0,0.0,5.0,1.0,0.0,0.0,2.0,0.0,55.0,50.0,1.0,89000.0,0.0,0.0,0.0,1.0,1.0,8.0,6382.0,3.0,2472.0,1579.0,44.7477970543667,550000.0,639000.0,4,13333.333333333334,True,False,False,0,1.1
MLC-2048442567,2.0,1,2,7,True,1681.8,2996.7,4.0,0.0,0.0,0.0,0.0,0.0,0.0,0.0,0.0,0.0,0.0,48.0,46.0,1.0,60000.0,0.0,1.0,0.0,1.0,1.0,3.0,5879.0,4.0,12234.0,5977.0,80.4354882614475,480000.0,540000.0,0,10166.666666666666,True,False,True,0,1.0434782608695652
MLC-4155685886,2.0,1,3,20,False,1932.5,1932.5,5.0,1.0,3.0,1.0,0.0,1.0,0.0,0.0,0.0,0.0,0.0,54.0,54.0,1.0,100000.0,0.0,0.0,0.0,1.0,0.0,12.0,5666.0,2.0,2051.0,1108.0,100.0,480000.0,580000.0,4,11326.530612244898,True,False,False,0,1.0
MLC-2048415909,1.0,1,2,11,True,2553.2,5135.4,5.0,0.0,0.0,1.0,0.0,1.0,0.0,0.0,0.0,0.0,0.0,60.0,57.0,0.0,0.0,0.0,0.0,0.0,1.0,1.0,8.0,5933.0,4.0,1180.0,720.0,100.0,540000.0,540000.0,1,9883.333333333332,True,True,False,0,1.0526315789473684
MLC-2048422379,2.0,0,2,10,True,731.3,731.3,5.0,0.0,4.0,1.0,2.0,1.0,2.0,0.0,0.0,3.0,1.0,69.0,69.0,0.0,85000.0,1.0,0.0,0.0,1.0,1.0,7.0,3967.0,1.0,2152.0,1148.0,50.505791961991,550000.0,635000.0,2,11324.99713204084,True,False,False,0,1.0
MLC-2048431035,2.0,0,2,0,True,1808.8,1808.8,5.0,1.0,5.0,2.0,2.0,5.0,3.0,0.0,0.0,2.0,0.0,56.0,54.0,0.0,55000.0,1.0,0.0,0.0,1.0,1.0,10.0,6382.0,3.0,2472.0,1579.0,44.7477970543667,590000.0,645000.0,4,13529.411764705883,True,False,False,0,1.037037037037037
MLC-2048424117,2.0,1,2,0,True,1800.3,1800.3,5.0,0.0,1.0,0.0,0.0,1.0,0.0,0.0,0.0,0.0,0.0,67.0,67.0,0.0,120000.0,1.0,0.0,0.0,1.0,1.0,1.0,5924.0,2.0,3532.0,1915.0,100.0,480000.0,600000.0,4,11609.498680738787,True,False,False,0,1.0
MLC-4050155132,2.0,2,2,6,True,935.3,5045.5,0.0,0.0,0.0,0.0,0.0,0.0,0.0,0.0,0.0,0.0,0.0,54.0,54.0,0.0,80000.0,1.0,0.0,0.0,1.0,1.0,5.0,4433.0,3.0,20174.0,9883.0,82.4572189855629,500000.0,580000.0,4,10454.545454545454,True,False,True,0,1.0
MLC-2049057703,2.0,1,2,0,True,1047.3,1047.3,5.0,1.0,3.0,0.0,5.0,1.0,0.0,0.0,0.0,0.0,0.0,62.0,62.0,1.0,80000.0,0.0,1.0,0.0,1.0,0.0,1.0,5941.0,2.0,3137.0,1891.0,100.0,520000.0,600000.0,2,11428.57142857143,True,False,False,0,1.0
MLC-2049065909,2.0,1,3,6,True,2588.3,2588.3,5.0,0.0,1.0,0.0,0.0,1.0,0.0,0.0,0.0,0.0,0.0,46.5,74.7,1.0,160000.0,0.0,1.0,0.0,1.0,1.0,1.0,6741.0,4.0,1295.0,716.0,36.9900234018146,898585.38,1058585.38,2,14164.21568627451,True,False,False,0,0.6224899598393574
MLC-2049080105,1.0,1,1,11,True,987.5,987.5,5.0,0.0,2.0,0.0,3.0,0.0,0.0,0.0,0.0,0.0,0.0,35.0,35.0,0.0,45000.0,0.0,0.0,0.0,1.0,0.0,1.0,5941.0,2.0,3137.0,1891.0,100.0,350000.0,395000.0,2,11175.793833410033,True,False,False,0,1.0
MLC-2049091591,2.0,1,3,0,True,4934.0,4934.0,0.0,0.0,0.0,0.0,0.0,0.0,1.0,0.0,0.0,0.0,0.0,65.0,63.0,0.0,0.0,1.0,0.0,0.0,1.0,0.0,2.0,6409.0,4.0,6576.0,3080.0,94.3101149608368,560000.0,560000.0,0,9473.443223443224,True,False,False,0,1.0317460317460319
MLC-2051233441,2.0,1,2,6,False,7968.3,7968.3,5.0,1.0,0.0,0.0,2.0,0.0,0.0,0.0,0.0,0.0,0.0,59.0,58.3,0.0,90000.0,1.0,0.0,0.0,1.0,1.0,1.0,6378.0,4.0,5301.0,2786.0,54.753364524323,650000.0,740000.0,4,12714.776632302404,True,False,False,0,1.012006861063465
MLC-2050883151,2.0,1,3,5,True,7157.7,10598.0,5.0,0.0,1.0,0.0,0.0,0.0,0.0,0.0,0.0,0.0,0.0,69.0,65.0,0.0,45000.0,1.0,0.0,0.0,1.0,1.0,1.0,4426.0,2.0,23629.0,10635.0,64.8623594811321,495000.0,540000.0,0,8995.233050847459,True,False,True,0,1.0615384615384615
MLC-2053116619,2.0,1,2,10,True,1681.8,2996.7,4.0,0.0,0.0,0.0,0.0,0.0,0.0,0.0,0.0,0.0,0.0,50.0,50.0,0.0,60000.0,0.0,1.0,0.0,1.0,1.0,9.0,5879.0,4.0,12234.0,5977.0,80.4354882614475,550000.0,610000.0,0,10166.666666666666,True,False,True,0,1.0
MLC-2053518363,1.0,0,1,1,True,698.0,698.0,5.0,5.0,5.0,2.0,1.0,0.0,2.0,0.0,0.0,1.0,0.0,38.0,35.0,0.0,70000.0,0.0,0.0,0.0,1.0,1.0,16.0,6636.0,4.0,2317.0,1552.0,99.9999999999999,600000.0,670000.0,2,12792.353823088455,True,False,False,0,1.0857142857142856
MLC-2053535755,1.0,0,1,1,True,733.8,733.8,5.0,5.0,5.0,3.0,2.0,1.0,5.0,0.0,0.0,3.0,0.0,42.0,42.0,1.0,75000.0,0.0,0.0,0.0,1.0,1.0,9.0,6636.0,4.0,2317.0,1552.0,99.9999999999999,580000.0,655000.0,2,12625.0,True,False,False,0,1.0
MLC-2053133323,2.0,1,2,10,True,1681.8,2996.7,4.0,0.0,0.0,0.0,0.0,0.0,0.0,0.0,0.0,0.0,0.0,62.0,60.0,1.0,80000.0,1.0,1.0,0.0,1.0,1.0,2.0,5879.0,4.0,12234.0,5977.0,80.4354882614475,520000.0,600000.0,0,10166.666666666666,True,False,True,0,1.0333333333333334
MLC-4020446420,2.0,1,2,26,True,1946.4,5741.3,5.0,1.0,2.0,0.0,4.0,1.0,0.0,0.0,0.0,0.0,0.0,70.0,70.0,1.0,90000.0,0.0,0.0,0.0,1.0,0.0,1.0,4433.0,3.0,20174.0,9883.0,82.4572189855629,660000.0,750000.0,4,10793.650793650793,True,False,True,0,1.0
MLC-2053546591,1.0,0,1,3,True,747.5,747.5,4.0,3.0,3.0,0.0,1.0,0.0,0.0,0.0,0.0,0.0,0.0,38.0,37.9,0.0,70000.0,0.0,0.0,0.0,1.0,1.0,6.0,6636.0,4.0,2317.0,1552.0,99.9999999999999,600000.0,670000.0,2,12753.289705882353,True,False,False,1,1.0026385224274408
MLC-3979994172,2.0,1,2,26,True,1170.8,1170.8,5.0,3.0,1.0,1.0,0.0,0.0,1.0,0.0,1.0,2.0,0.0,60.0,60.0,1.0,0.0,0.0,0.0,0.0,1.0,1.0,1.0,6382.0,3.0,2472.0,1579.0,44.7477970543667,790000.0,790000.0,4,11968.085106382978,True,False,False,0,1.0
MLC-4047671032,1.0,1,1,10,True,731.3,731.3,5.0,0.0,4.0,1.0,2.0,1.0,2.0,0.0,0.0,3.0,1.0,33.1,37.9,1.0,70000.0,1.0,0.0,0.0,1.0,1.0,12.0,3967.0,1.0,2152.0,1148.0,50.505791961991,360000.0,430000.0,2,11277.173913043478,True,False,False,1,0.8733509234828497
MLC-4038962916,2.0,1,3,0,True,1787.3,4908.7,0.0,0.0,0.0,0.0,0.0,0.0,0.0,0.0,0.0,0.0,0.0,74.0,74.0,0.0,100000.0,1.0,1.0,0.0,1.0,1.0,8.0,6748.0,4.0,2908.0,1351.0,5.75523405114186,620000.0,720000.0,3,11288.235294117647,True,False,True,0,1.0
MLC-4044497644,1.0,0,1,1,True,375.2,375.2,5.0,1.0,5.0,5.0,1.0,5.0,5.0,1.0,0.0,4.0,0.0,33.1,37.9,0.0,35000.0,1.0,0.0,0.0,1.0,1.0,13.0,5332.0,1.0,4499.0,2404.0,100.0,450000.0,485000.0,2,12178.387650085764,True,False,False,0,0.8733509234828497
MLC-4058477042,1.0,0,1,12,True,748.3,748.3,5.0,5.0,5.0,3.0,3.0,2.0,5.0,0.0,0.0,3.0,0.0,40.0,40.0,0.0,70000.0,0.0,1.0,0.0,0.0,1.0,11.0,6636.0,4.0,2317.0,1552.0,99.9999999999999,450000.0,520000.0,2,12753.289705882353,True,False,False,0,1.0
MLC-4061325766,1.0,1,1,4,True,1665.3,1665.3,5.0,1.0,2.0,1.0,2.0,4.0,1.0,0.0,0.0,2.0,0.0,50.0,50.0,1.0,0.0,0.0,0.0,0.0,1.0,1.0,1.0,6382.0,3.0,2472.0,1579.0,44.7477970543667,550000.0,550000.0,4,13550.420168067227,True,False,False,0,1.0
MLC-4064379458,2.0,0,2,6,False,791.0,791.0,5.0,3.0,1.0,1.0,0.0,3.0,1.0,1.0,0.0,1.0,0.0,50.0,50.0,1.0,60000.0,1.0,1.0,0.0,1.0,1.0,5.0,5492.0,1.0,2073.0,1418.0,100.0,550000.0,610000.0,2,12420.03989960744,True,False,False,0,1.0
MLC-4071279988,2.0,1,2,3,True,2132.4,2132.4,5.0,0.0,1.0,0.0,2.0,0.0,0.0,0.0,0.0,0.0,0.0,60.0,60.0,0.0,70000.0,1.0,0.0,0.0,1.0,1.0,14.0,6019.0,3.0,4332.0,2303.0,55.0392235701766,550000.0,620000.0,4,11579.473985134362,True,False,False,0,1.0
MLC-4075818050,2.0,1,2,5,True,2665.9,2665.9,3.0,0.0,0.0,0.0,0.0,0.0,0.0,0.0,0.0,0.0,0.0,59.7,58.3,0.0,0.0,1.0,0.0,0.0,1.0,0.0,3.0,5901.0,2.0,3835.0,2050.0,58.6173339550477,470000.0,470000.0,4,10121.951219512195,True,False,False,0,1.0240137221269299
MLC-4073521846,2.0,1,3,1,False,5458.8,5458.8,0.0,0.0,0.0,0.0,0.0,0.0,0.0,0.0,0.0,0.0,0.0,63.0,60.0,0.0,59000.0,0.0,0.0,0.0,1.0,0.0,5.0,6684.0,4.0,6833.0,3079.0,90.5171296845883,495000.0,554000.0,0,9402.985074626866,True,False,False,0,1.05
MLC-4079901810,1.0,1,1,0,True,1406.3,1406.3,5.0,2.0,4.0,2.0,1.0,4.0,1.0,0.0,0.0,2.0,0.0,33.1,37.9,1.0,60000.0,0.0,0.0,0.0,1.0,1.0,1.0,6382.0,3.0,2472.0,1579.0,44.7477970543667,690000.0,750000.0,4,12567.567567567568,True,False,False,0,0.8733509234828497
MLC-4084850702,1.0,1,2,4,True,4885.1,8890.6,0.0,0.0,0.0,0.0,0.0,0.0,0.0,1.0,0.0,0.0,0.0,50.0,50.0,0.0,75000.0,0.0,0.0,0.0,0.0,0.0,1.0,1859.0,2.0,27535.0,12357.0,68.1398650783455,380000.0,455000.0,0,10333.333333333334,True,False,True,0,1.0
MLC-4084963030,2.0,1,2,9,True,1600.1,3013.4,4.0,0.0,0.0,0.0,0.0,0.0,0.0,0.0,0.0,0.0,0.0,52.0,52.0,0.0,0.0,0.0,0.0,0.0,1.0,1.0,9.0,5879.0,4.0,12234.0,5977.0,80.4354882614475,580000.0,580000.0,0,10166.666666666666,True,False,True,0,1.0
MLC-4084969992,1.0,0,2,0,True,515.2,515.2,5.0,5.0,5.0,3.0,3.0,3.0,5.0,1.0,0.0,5.0,0.0,56.0,56.0,0.0,85000.0,0.0,0.0,0.0,1.0,1.0,5.0,6636.0,4.0,2317.0,1552.0,99.9999999999999,480000.0,565000.0,2,13037.5,True,False,False,1,1.0
MLC-4186961516,1.0,1,2,18,True,1821.6,5991.9,5.0,2.0,1.0,0.0,5.0,1.0,0.0,0.0,0.0,0.0,0.0,55.0,53.0,0.0,75000.0,1.0,1.0,0.0,1.0,0.0,5.0,5879.0,4.0,12234.0,5977.0,80.4354882614475,430000.0,505000.0,0,8855.93220338983,True,False,True,0,1.0377358490566038
MLC-4087330368,1.0,1,1,1,True,758.0,758.0,5.0,0.0,4.0,0.0,1.0,0.0,0.0,0.0,0.0,0.0,0.0,33.1,37.9,0.0,70000.0,0.0,0.0,0.0,1.0,1.0,14.0,4644.0,1.0,2739.0,1645.0,100.0,470000.0,540000.0,2,10950.859950859951,True,False,False,0,0.8733509234828497
MLC-4087926428,2.0,1,2,2,True,3972.3,3972.3,5.0,2.0,0.0,0.0,1.0,2.0,1.0,0.0,0.0,0.0,0.0,65.0,65.0,1.0,140000.0,1.0,0.0,0.0,1.0,1.0,1.0,6684.0,4.0,6833.0,3079.0,90.5171296845883,700000.0,840000.0,4,12295.081967213115,True,False,False,0,1.0
MLC-4089190166,2.0,1,2,20,False,3951.4,3951.4,0.0,0.0,0.0,0.0,0.0,0.0,0.0,0.0,0.0,0.0,0.0,80.0,58.3,0.0,130000.0,0.0,0.0,0.0,1.0,1.0,1.0,6684.0,4.0,6833.0,3079.0,90.5171296845883,780000.0,910000.0,4,12936.948297604034,True,False,False,1,1.37221269296741
MLC-4091480256,2.0,1,2,10,True,515.2,515.2,5.0,5.0,5.0,3.0,3.0,3.0,5.0,1.0,0.0,5.0,0.0,56.0,54.0,1.0,100000.0,1.0,0.0,0.0,1.0,1.0,9.0,6636.0,4.0,2317.0,1552.0,99.9999999999999,599000.0,699000.0,2,13037.5,True,False,False,0,1.037037037037037
MLC-4093503998,1.0,0,1,7,True,1369.2,1369.2,4.0,1.0,1.0,0.0,5.0,2.0,0.0,0.0,0.0,0.0,0.0,40.0,38.0,0.0,45000.0,0.0,0.0,0.0,1.0,1.0,12.0,6279.0,3.0,2598.0,1648.0,100.0,440000.0,485000.0,2,11355.060034305317,True,False,False,0,1.0526315789473684
MLC-4096134228,2.0,1,2,4,False,1138.3,1138.3,5.0,0.0,1.0,0.0,5.0,0.0,0.0,0.0,0.0,0.0,0.0,47.0,45.0,0.0,75000.0,0.0,0.0,0.0,1.0,1.0,6.0,5752.0,2.0,3137.0,1789.0,100.0,480000.0,555000.0,2,9572.727272727272,True,False,False,0,1.0444444444444445
MLC-4109494052,3.0,0,5,60,True,617.0,617.0,5.0,5.0,3.0,2.0,1.0,3.0,5.0,2.0,0.0,4.0,0.0,100.0,90.0,0.0,0.0,0.0,0.0,0.0,0.0,0.0,5.0,3511.0,1.0,1254.0,785.0,100.0,300000.0,300000.0,2,11693.181818181818,True,False,False,0,1.1111111111111112
MLC-4105567112,1.0,1,3,5,True,3495.3,5791.1,5.0,0.0,1.0,0.0,0.0,0.0,0.0,0.0,0.0,0.0,0.0,53.0,53.0,0.0,0.0,1.0,0.0,0.0,1.0,0.0,1.0,4924.0,2.0,16315.0,7728.0,96.1398621005236,630000.0,630000.0,4,8867.924528301886,True,True,False,1,1.0
MLC-4096145076,2.0,1,3,31,False,1283.0,1283.0,5.0,2.0,2.0,0.0,1.0,0.0,0.0,0.0,0.0,0.0,0.0,80.0,80.0,0.0,79000.0,0.0,0.0,0.0,1.0,0.0,2.0,6691.0,4.0,2810.0,1764.0,100.0,600000.0,679000.0,4,12229.53216374269,True,False,False,0,1.0
MLC-4118615710,2.0,1,2,10,False,1195.4,1195.4,5.0,0.0,0.0,0.0,1.0,1.0,2.0,1.0,0.0,0.0,0.0,55.0,52.0,0.0,0.0,0.0,0.0,0.0,0.0,0.0,8.0,6741.0,4.0,1295.0,716.0,36.9900234018146,700000.0,700000.0,2,13666.666666666666,True,False,False,1,1.0576923076923077
MLC-4096291884,1.0,0,1,2,True,926.5,926.5,5.0,5.0,3.0,1.0,1.0,2.0,2.0,1.0,0.0,3.0,0.0,33.1,37.9,0.0,55000.0,0.0,0.0,0.0,0.0,1.0,10.0,5492.0,1.0,2073.0,1418.0,100.0,380000.0,435000.0,2,12089.55223880597,True,False,False,0,0.8733509234828497
MLC-4100171792,2.0,2,3,2,False,2313.6,4973.0,0.0,0.0,0.0,0.0,0.0,0.0,0.0,0.0,0.0,0.0,0.0,120.0,104.0,1.0,130000.0,0.0,1.0,0.0,1.0,1.0,12.0,6748.0,4.0,2908.0,1351.0,5.75523405114186,1350750.64,1480750.64,3,11855.378281008749,True,False,True,0,1.1538461538461537
MLC-4098161342,1.0,1,1,3,True,1406.3,1406.3,5.0,2.0,4.0,2.0,1.0,4.0,1.0,0.0,0.0,2.0,0.0,30.0,37.9,0.0,48000.0,0.0,0.0,0.0,1.0,0.0,1.0,6382.0,3.0,2472.0,1579.0,44.7477970543667,495000.0,543000.0,4,12567.567567567568,True,False,False,0,0.79155672823219
MLC-4101798514,2.0,2,2,10,True,3984.7,8154.5,5.0,0.0,0.0,0.0,0.0,0.0,0.0,0.0,0.0,0.0,0.0,64.0,60.0,0.0,85000.0,1.0,0.0,0.0,1.0,1.0,5.0,1859.0,2.0,27535.0,12357.0,68.1398650783455,560000.0,645000.0,0,10000.0,True,False,True,0,1.0666666666666667
MLC-4101642036,1.0,1,1,0,True,2755.5,4953.8,5.0,0.0,1.0,1.0,0.0,1.0,0.0,0.0,0.0,0.0,0.0,30.0,30.0,0.0,30000.0,0.0,1.0,0.0,1.0,1.0,1.0,5933.0,4.0,1180.0,720.0,100.0,490000.0,520000.0,1,9473.684210526315,True,True,False,1,1.0
MLC-4102139448,2.0,0,2,3,True,909.0,909.0,5.0,0.0,2.0,0.0,4.0,0.0,0.0,0.0,0.0,0.0,0.0,55.0,55.0,0.0,90000.0,1.0,0.0,0.0,0.0,1.0,1.0,5752.0,2.0,3137.0,1789.0,100.0,680000.0,770000.0,2,11609.072225484439,True,False,False,1,1.0
MLC-4103974832,2.0,1,2,6,False,2195.1,3174.7,2.0,0.0,0.0,0.0,0.0,0.0,0.0,0.0,0.0,0.0,0.0,87.0,87.0,1.0,180000.0,0.0,1.0,0.0,0.0,1.0,1.0,6748.0,4.0,2908.0,1351.0,5.75523405114186,1800000.0,1980000.0,3,11400.0,False,False,True,0,1.0
MLC-4135275364,2.0,0,3,60,True,630.0,630.0,5.0,5.0,2.0,2.0,1.0,4.0,5.0,2.0,0.0,2.0,0.0,85.0,80.0,0.0,100000.0,0.0,0.0,0.0,1.0,1.0,9.0,5492.0,1.0,2073.0,1418.0,100.0,650000.0,750000.0,2,12258.064516129032,True,False,False,0,1.0625
MLC-4138909598,4.0,2,3,18,True,5989.0,5596.4,3.0,0.0,0.0,0.0,0.0,0.0,0.0,0.0,0.0,0.0,0.0,140.0,140.0,1.0,0.0,1.0,1.0,0.0,1.0,1.0,1.0,6624.0,4.0,1277.0,600.0,16.149253186174,1400000.0,1400000.0,1,10421.96931868132,True,True,False,0,1.0
MLC-4138518670,2.0,1,2,0,True,1675.4,1675.4,5.0,2.0,5.0,1.0,2.0,4.0,0.0,0.0,0.0,1.0,0.0,58.0,58.3,0.0,75000.0,0.0,0.0,0.0,0.0,0.0,19.0,6691.0,4.0,2810.0,1764.0,100.0,580000.0,655000.0,4,12667.140825035563,True,False,False,0,0.9948542024013722
MLC-4138517552,2.0,1,2,3,True,7368.5,4233.5,0.0,0.0,0.0,0.0,0.0,0.0,0.0,0.0,0.0,0.0,0.0,72.0,95.0,1.0,95000.0,1.0,1.0,0.0,1.0,1.0,6.0,6624.0,4.0,1277.0,600.0,16.149253186174,740000.0,835000.0,1,11631.252,True,True,False,0,0.7578947368421053
MLC-4138511858,1.0,1,1,3,False,1593.1,1593.1,5.0,1.0,4.0,0.0,1.0,2.0,0.0,0.0,0.0,0.0,0.0,33.1,37.9,1.0,75000.0,1.0,0.0,0.0,0.0,1.0,14.0,6691.0,4.0,2810.0,1764.0,100.0,410000.0,485000.0,4,12714.285714285714,True,False,False,0,0.8733509234828497
MLC-4143684730,2.0,1,4,16,True,472.3,4560.8,5.0,0.0,1.0,0.0,1.0,0.0,0.0,0.0,0.0,0.0,0.0,120.0,113.0,1.0,110000.0,1.0,0.0,0.0,1.0,1.0,2.0,4433.0,3.0,20174.0,9883.0,82.4572189855629,900000.0,1010000.0,4,9652.173913043478,True,False,True,0,1.0619469026548674
MLC-4139257512,2.0,1,3,19,True,1124.4,1124.4,5.0,4.0,0.0,0.0,1.0,0.0,2.0,0.0,1.0,2.0,0.0,78.0,78.0,1.0,165000.0,0.0,0.0,0.0,1.0,1.0,10.0,4687.0,1.0,2156.0,1177.0,57.9263203269884,850000.0,1015000.0,2,11833.333333333332,True,False,False,0,1.0
MLC-4143957948,2.0,1,2,4,True,1044.8,1044.8,5.0,0.0,2.0,0.0,4.0,1.0,0.0,0.0,0.0,0.0,0.0,65.0,60.0,0.0,110000.0,0.0,0.0,0.0,1.0,1.0,14.0,6279.0,3.0,2598.0,1648.0,100.0,580000.0,690000.0,2,11041.666666666666,True,False,False,0,1.0833333333333333
MLC-4143685864,2.0,1,2,0,True,2299.5,4949.8,0.0,0.0,0.0,0.0,0.0,0.0,0.0,0.0,0.0,0.0,0.0,89.6,64.3,1.0,122000.0,1.0,1.0,0.0,1.0,1.0,6.0,6748.0,4.0,2908.0,1351.0,5.75523405114186,700000.0,822000.0,3,11641.791044776119,True,False,True,0,1.3934681181959565
MLC-4145374970,1.0,1,1,18,False,2297.1,5307.6,0.0,0.0,0.0,0.0,0.0,0.0,0.0,0.0,0.0,0.0,0.0,50.0,48.0,0.0,120000.0,0.0,1.0,0.0,1.0,0.0,1.0,6748.0,4.0,2908.0,1351.0,5.75523405114186,490000.0,610000.0,3,12000.0,True,False,True,0,1.0416666666666667
MLC-4144854176,1.0,0,2,7,True,1763.3,2889.9,4.0,0.0,0.0,0.0,0.0,0.0,0.0,0.0,0.0,0.0,0.0,60.0,51.0,1.0,50000.0,0.0,1.0,0.0,1.0,1.0,1.0,5879.0,4.0,12234.0,5977.0,80.4354882614475,450000.0,500000.0,0,10166.666666666666,True,False,True,0,1.1764705882352942
MLC-4144854232,1.0,0,1,4,True,4758.2,4758.2,5.0,2.0,0.0,0.0,3.0,1.0,0.0,0.0,0.0,0.0,0.0,42.0,34.0,0.0,80000.0,1.0,0.0,0.0,1.0,1.0,2.0,6282.0,3.0,12506.0,6078.0,99.9999999999999,390000.0,470000.0,4,11250.0,True,False,False,0,1.2352941176470589
MLC-4145374974,1.0,0,1,0,True,716.1,716.1,5.0,5.0,5.0,3.0,3.0,3.0,5.0,2.0,0.0,5.0,0.0,39.0,37.0,0.0,60000.0,0.0,0.0,0.0,0.0,0.0,1.0,6636.0,4.0,2317.0,1552.0,99.9999999999999,590000.0,650000.0,2,12458.686440677966,True,False,False,0,1.054054054054054
MLC-4203942316,1.0,0,1,0,True,973.8,973.8,5.0,5.0,1.0,2.0,1.0,2.0,2.0,0.0,1.0,2.0,0.0,43.0,43.0,1.0,80000.0,0.0,0.0,0.0,1.0,1.0,1.0,6636.0,4.0,2317.0,1552.0,99.9999999999999,460000.0,540000.0,2,12115.113211020434,True,False,False,0,1.0
MLC-4198334274,2.0,1,2,1,False,2809.8,6949.2,4.0,0.0,0.0,0.0,0.0,0.0,0.0,0.0,0.0,0.0,0.0,56.0,52.0,1.0,0.0,0.0,0.0,0.0,1.0,1.0,11.0,5385.0,3.0,323.0,156.0,19.0571301445678,665000.0,665000.0,2,10849.056603773584,True,False,True,0,1.0769230769230769
MLC-4201704686,1.0,0,1,6,True,1044.8,1044.8,5.0,0.0,2.0,0.0,4.0,1.0,0.0,0.0,0.0,0.0,0.0,32.0,32.0,0.0,40000.0,0.0,0.0,0.0,1.0,0.0,1.0,6279.0,3.0,2598.0,1648.0,100.0,380000.0,420000.0,2,11041.666666666666,True,False,False,0,1.0
MLC-2068806123,2.0,1,2,8,True,8370.3,3253.5,5.0,0.0,2.0,0.0,1.0,0.0,0.0,0.0,0.0,0.0,0.0,76.0,76.0,0.0,160000.0,0.0,1.0,0.0,1.0,1.0,8.0,6624.0,4.0,1277.0,600.0,16.149253186174,700000.0,860000.0,1,11315.78947368421,True,True,False,0,1.0
MLC-4205340316,2.0,1,2,0,True,1824.6,4989.2,0.0,0.0,1.0,0.0,0.0,0.0,0.0,0.0,0.0,0.0,0.0,90.0,72.0,1.0,137000.0,1.0,1.0,0.0,1.0,1.0,1.0,6748.0,4.0,2908.0,1351.0,5.75523405114186,1150000.0,1287000.0,3,11730.15873015873,True,False,True,1,1.25
MLC-4151691012,3.0,1,4,35,False,1972.9,1972.9,5.0,2.0,2.0,0.0,0.0,1.0,2.0,0.0,0.0,2.0,0.0,118.0,111.0,1.0,180000.0,1.0,0.0,0.0,1.0,1.0,2.0,5306.0,1.0,5083.0,2579.0,28.2564635452909,800000.0,980000.0,2,10465.116279069767,True,False,False,0,1.063063063063063
MLC-4206493558,1.0,1,1,19,True,2161.5,5420.2,0.0,0.0,0.0,0.0,0.0,0.0,0.0,0.0,0.0,0.0,0.0,48.0,48.0,0.0,110000.0,0.0,1.0,0.0,1.0,1.0,5.0,6748.0,4.0,2908.0,1351.0,5.75523405114186,460000.0,570000.0,3,12000.0,True,False,True,0,1.0
MLC-4205338458,1.0,1,1,6,False,2603.8,2603.8,0.0,0.0,0.0,1.0,0.0,0.0,0.0,0.0,0.0,0.0,0.0,33.1,37.9,0.0,30100.0,0.0,0.0,0.0,1.0,0.0,1.0,6304.0,3.0,4026.0,2134.0,100.0,370000.0,400100.0,4,12340.425531914894,True,False,False,0,0.8733509234828497
MLC-2071204053,2.0,1,2,0,True,1634.3,10058.1,2.0,0.0,0.0,0.0,1.0,0.0,0.0,0.0,0.0,0.0,0.0,68.0,68.0,0.0,50000.0,0.0,0.0,0.0,0.0,0.0,5.0,6201.0,4.0,3828.0,1963.0,52.2534527838595,650000.0,700000.0,0,10452.35361653272,True,True,False,0,1.0
MLC-2068810621,1.0,1,1,4,True,1092.4,1092.4,5.0,1.0,1.0,0.0,5.0,0.0,0.0,0.0,0.0,0.0,0.0,38.0,36.0,1.0,50000.0,0.0,0.0,0.0,1.0,1.0,11.0,5941.0,2.0,3137.0,1891.0,100.0,420000.0,470000.0,2,11410.25641025641,True,False,False,0,1.0555555555555556
MLC-2069547827,1.0,0,1,1,True,1808.8,1808.8,5.0,1.0,5.0,2.0,2.0,5.0,3.0,0.0,0.0,2.0,0.0,33.1,37.9,0.0,40000.0,1.0,0.0,0.0,0.0,1.0,13.0,6382.0,3.0,2472.0,1579.0,44.7477970543667,500000.0,540000.0,4,13333.333333333334,True,False,False,1,0.8733509234828497
MLC-2071210365,1.0,0,2,5,True,2744.4,2744.4,2.0,0.0,0.0,0.0,0.0,0.0,0.0,0.0,0.0,0.0,0.0,50.0,50.0,0.0,45000.0,0.0,0.0,0.0,0.0,0.0,1.0,5901.0,2.0,3835.0,2050.0,58.6173339550477,360000.0,405000.0,4,10121.951219512195,True,False,False,0,1.0
MLC-2071206041,2.0,1,3,2,True,1372.3,1372.3,0.0,0.0,0.0,0.0,0.0,0.0,0.0,0.0,0.0,0.0,0.0,67.0,63.0,0.0,85000.0,1.0,0.0,0.0,1.0,1.0,10.0,6691.0,4.0,2810.0,1764.0,100.0,670000.0,755000.0,4,12222.222222222223,True,False,False,1,1.0634920634920635
MLC-2071205915,2.0,1,2,16,True,2068.1,2068.1,5.0,2.0,5.0,0.0,1.0,1.0,0.0,0.0,0.0,0.0,0.0,52.0,49.0,0.0,55000.0,1.0,1.0,0.0,1.0,1.0,12.0,6715.0,4.0,2440.0,1484.0,100.0,500000.0,555000.0,4,11326.530612244898,True,False,False,0,1.0612244897959184
MLC-4206499508,2.0,1,2,11,True,610.9,610.9,5.0,5.0,2.0,5.0,3.0,2.0,5.0,2.0,0.0,5.0,0.0,52.0,48.0,1.0,90000.0,0.0,0.0,0.0,1.0,1.0,10.0,6768.0,4.0,1656.0,1111.0,100.0,600000.0,690000.0,2,11304.33273156506,True,False,False,0,1.0833333333333333
MLC-4209026194,2.0,1,2,18,False,2235.0,5586.7,0.0,0.0,1.0,0.0,0.0,0.0,0.0,0.0,0.0,0.0,0.0,72.0,68.0,0.0,130000.0,1.0,1.0,0.0,1.0,1.0,10.0,6748.0,4.0,2908.0,1351.0,5.75523405114186,600000.0,730000.0,3,12258.064516129032,True,False,True,0,1.0588235294117647
MLC-2079334721,2.0,1,2,18,True,9634.3,34237.6,0.0,0.0,0.0,0.0,0.0,0.0,0.0,0.0,0.0,0.0,0.0,58.0,64.0,1.0,120000.0,1.0,1.0,0.0,1.0,1.0,1.0,2449.0,2.0,986.0,583.0,51.3838868908969,449292.69,569292.69,2,11400.0,False,True,False,0,0.90625
MLC-4145379696,1.0,0,1,0,True,790.9,790.9,5.0,4.0,0.0,0.0,1.0,1.0,2.0,1.0,0.0,5.0,0.0,36.0,36.0,0.0,50000.0,0.0,0.0,0.0,0.0,1.0,7.0,6768.0,4.0,1656.0,1111.0,100.0,450000.0,500000.0,2,11777.777777777777,True,False,False,0,1.0
MLC-4206489968,1.0,1,2,7,False,4747.4,4747.4,0.0,0.0,0.0,0.0,0.0,0.0,1.0,0.0,0.0,0.0,0.0,50.0,53.0,0.0,0.0,0.0,0.0,0.0,1.0,0.0,1.0,6409.0,4.0,6576.0,3080.0,94.3101149608368,500000.0,500000.0,0,8730.15873015873,True,False,False,1,0.9433962264150944
MLC-2070814825,1.0,0,1,2,True,716.1,716.1,5.0,5.0,5.0,3.0,3.0,3.0,5.0,2.0,0.0,5.0,0.0,46.0,40.0,1.0,63000.0,0.0,0.0,0.0,0.0,0.0,1.0,6636.0,4.0,2317.0,1552.0,99.9999999999999,460000.0,523000.0,2,12458.686440677966,True,False,False,0,1.15
MLC-4202056508,1.0,1,2,9,True,685.0,4792.3,1.0,0.0,0.0,0.0,0.0,0.0,0.0,0.0,0.0,0.0,0.0,52.0,48.0,0.0,65000.0,0.0,0.0,0.0,1.0,1.0,4.0,4433.0,3.0,20174.0,9883.0,82.4572189855629,500000.0,565000.0,4,9941.860465116279,True,False,True,0,1.0833333333333333
MLC-4211501574,3.0,1,3,30,True,6538.0,5053.9,5.0,0.0,0.0,0.0,0.0,0.0,0.0,0.0,0.0,0.0,0.0,115.0,113.0,1.0,200000.0,0.0,0.0,0.0,1.0,1.0,1.0,6624.0,4.0,1277.0,600.0,16.149253186174,750000.0,950000.0,1,8849.557522123894,True,True,False,0,1.0176991150442478
MLC-4213159550,2.0,1,2,6,False,2054.3,3571.0,0.0,0.0,0.0,0.0,0.0,0.0,0.0,0.0,0.0,0.0,0.0,90.0,80.0,0.0,120000.0,0.0,0.0,0.0,0.0,0.0,1.0,6748.0,4.0,2908.0,1351.0,5.75523405114186,830000.0,950000.0,3,11834.935897435898,True,False,True,0,1.125
MLC-2074135015,1.0,0,0,0,True,2687.4,2687.4,2.0,0.0,1.0,0.0,1.0,0.0,0.0,0.0,0.0,0.0,0.0,31.4,35.7,0.0,35000.0,0.0,0.0,0.0,1.0,1.0,5.0,6304.0,3.0,4026.0,2134.0,100.0,310000.0,345000.0,4,10239.361702127659,True,False,False,0,0.8795518207282912
MLC-4212660856,1.0,0,1,0,True,6097.9,6671.3,5.0,1.0,0.0,0.0,0.0,0.0,0.0,0.0,0.0,0.0,0.0,34.0,34.0,0.0,400000.0,0.0,0.0,0.0,1.0,1.0,1.0,6682.0,4.0,4021.0,1996.0,65.5175717706704,560000.0,960000.0,1,11400.0,False,True,False,1,1.0
MLC-4213378478,1.0,0,3,5,False,1243.8,4999.2,4.0,0.0,1.0,0.0,2.0,0.0,0.0,0.0,0.0,0.0,0.0,54.0,54.0,0.0,15000.0,0.0,0.0,0.0,0.0,0.0,4.0,5879.0,4.0,12234.0,5977.0,80.4354882614475,450000.0,465000.0,3,10897.435897435897,True,False,True,0,1.0
MLC-4216693458,2.0,1,2,12,False,4079.9,4079.9,4.0,0.0,0.0,0.0,0.0,1.0,1.0,0.0,1.0,0.0,0.0,57.0,55.0,0.0,92000.0,0.0,1.0,0.0,1.0,1.0,9.0,6684.0,4.0,6833.0,3079.0,90.5171296845883,650000.0,742000.0,4,12295.081967213115,True,False,False,1,1.0363636363636364
MLC-4217825412,1.0,0,1,1,True,601.4,601.4,5.0,0.0,4.0,0.0,0.0,5.0,1.0,0.0,0.0,0.0,0.0,40.0,40.0,0.0,50000.0,0.0,0.0,0.0,0.0,1.0,8.0,4644.0,1.0,2739.0,1645.0,100.0,340000.0,390000.0,2,11247.208931419456,True,False,False,0,1.0
MLC-4213383224,2.0,1,2,6,True,1113.1,1113.1,5.0,3.0,1.0,0.0,0.0,0.0,2.0,0.0,0.0,4.0,0.0,60.0,60.0,0.0,85000.0,1.0,0.0,0.0,1.0,1.0,22.0,6382.0,3.0,2472.0,1579.0,44.7477970543667,620000.0,705000.0,4,11873.35092348285,True,False,False,0,1.0
MLC-4145400924,1.0,0,3,6,False,3546.0,7699.3,5.0,0.0,0.0,0.0,3.0,0.0,0.0,0.0,0.0,0.0,1.0,70.0,70.0,0.0,50000.0,0.0,0.0,0.0,1.0,0.0,3.0,1859.0,2.0,27535.0,12357.0,68.1398650783455,360000.0,410000.0,0,7782.924528301886,True,False,True,0,1.0
MLC-4146253930,2.0,1,2,14,True,746.9,746.9,5.0,4.0,5.0,1.0,1.0,0.0,1.0,0.0,0.0,2.0,0.0,56.0,56.0,1.0,145000.0,0.0,0.0,0.0,1.0,0.0,5.0,6636.0,4.0,2317.0,1552.0,99.9999999999999,585000.0,730000.0,2,13230.240549828179,True,False,False,0,1.0
MLC-4146276450,2.0,1,2,7,True,407.0,3845.6,5.0,0.0,1.0,0.0,2.0,1.0,2.0,0.0,0.0,0.0,1.0,55.8,54.0,2.0,70000.0,0.0,0.0,0.0,0.0,1.0,6.0,5879.0,4.0,12234.0,5977.0,80.4354882614475,600000.0,670000.0,0,11400.0,True,False,True,0,1.0333333333333332
MLC-4146278378,2.0,1,3,0,True,5141.9,5141.9,5.0,1.0,0.0,0.0,2.0,1.0,0.0,0.0,0.0,0.0,0.0,90.0,88.0,0.0,0.0,0.0,0.0,0.0,1.0,1.0,6.0,6684.0,4.0,6833.0,3079.0,90.5171296845883,750000.0,750000.0,4,10445.96912521441,True,False,False,0,1.0227272727272727
MLC-4151690872,1.0,0,1,4,True,1044.8,1044.8,5.0,0.0,2.0,0.0,4.0,1.0,0.0,0.0,0.0,0.0,0.0,41.0,35.0,1.0,80000.0,0.0,0.0,0.0,1.0,0.0,9.0,6279.0,3.0,2598.0,1648.0,100.0,400000.0,480000.0,2,11041.666666666666,True,False,False,0,1.1714285714285715
MLC-4151710414,1.0,0,1,6,True,1681.8,2996.7,4.0,0.0,0.0,0.0,0.0,0.0,0.0,0.0,0.0,0.0,0.0,45.0,40.0,1.0,0.0,0.0,1.0,0.0,1.0,1.0,4.0,5879.0,4.0,12234.0,5977.0,80.4354882614475,390000.0,390000.0,0,10166.666666666666,True,False,True,0,1.125
MLC-4151735770,1.0,0,1,0,False,2914.4,2914.4,0.0,0.0,0.0,0.0,0.0,0.0,0.0,0.0,0.0,0.0,0.0,33.1,37.9,0.0,25000.0,0.0,0.0,0.0,0.0,1.0,8.0,5455.0,1.0,10400.0,5578.0,70.0075532601241,398417.2,423417.2,0,7800.0,True,False,False,1,0.8733509234828497
MLC-4152880972,2.0,1,2,2,True,793.8,793.8,5.0,4.0,4.0,1.0,0.0,3.0,3.0,2.0,0.0,4.0,0.0,67.0,67.0,1.0,110000.0,1.0,0.0,0.0,1.0,1.0,14.0,5492.0,1.0,2073.0,1418.0,100.0,700000.0,810000.0,2,12500.0,True,False,False,0,1.0
MLC-4152883346,2.0,0,3,40,False,1250.5,1250.5,5.0,3.0,2.0,1.0,0.0,1.0,2.0,0.0,2.0,4.0,0.0,80.0,80.0,0.0,20000.0,0.0,0.0,0.0,0.0,0.0,2.0,6382.0,3.0,2472.0,1579.0,44.7477970543667,650000.0,670000.0,4,11200.0,True,False,False,0,1.0
MLC-4152911966,2.0,1,3,0,True,1863.1,6031.3,4.0,1.0,0.0,0.0,5.0,0.0,0.0,0.0,0.0,0.0,0.0,83.0,83.0,0.0,0.0,0.0,1.0,0.0,1.0,1.0,4.0,5879.0,4.0,12234.0,5977.0,80.4354882614475,700000.0,700000.0,0,9528.301886792453,True,False,True,0,1.0
MLC-4155490654,2.0,1,2,11,True,6636.5,4948.9,0.0,0.0,0.0,0.0,0.0,0.0,0.0,0.0,0.0,0.0,0.0,82.0,76.0,0.0,250000.0,1.0,1.0,0.0,1.0,1.0,1.0,6624.0,4.0,1277.0,600.0,16.149253186174,790000.0,1040000.0,1,8407.079646017699,True,True,False,0,1.0789473684210527
MLC-4155630334,1.0,1,1,0,True,2161.8,5420.2,0.0,0.0,0.0,0.0,0.0,0.0,0.0,0.0,0.0,0.0,0.0,54.0,54.0,1.0,75000.0,0.0,1.0,0.0,0.0,1.0,9.0,6748.0,4.0,2908.0,1351.0,5.75523405114186,600000.0,675000.0,3,11911.764705882353,True,False,True,1,1.0
MLC-4155693780,2.0,1,2,8,True,3595.4,3595.4,0.0,0.0,0.0,0.0,0.0,0.0,0.0,0.0,0.0,0.0,0.0,88.0,80.0,1.0,150000.0,1.0,0.0,0.0,1.0,1.0,2.0,6684.0,4.0,6833.0,3079.0,90.5171296845883,700000.0,850000.0,4,12616.822429906542,True,False,False,0,1.1
MLC-4159943778,1.0,1,1,0,False,2800.7,2800.7,0.0,0.0,0.0,0.0,0.0,0.0,0.0,0.0,0.0,0.0,0.0,30.0,30.0,0.0,50000.0,0.0,0.0,0.0,0.0,0.0,1.0,6304.0,3.0,4026.0,2134.0,100.0,350000.0,400000.0,4,10158.311345646438,True,False,False,0,1.0
MLC-4159977818,1.0,1,2,1,True,4934.0,4934.0,0.0,0.0,0.0,0.0,0.0,0.0,1.0,0.0,0.0,0.0,0.0,60.0,63.0,0.0,0.0,1.0,0.0,0.0,1.0,0.0,5.0,6409.0,4.0,6576.0,3080.0,94.3101149608368,580000.0,580000.0,0,9473.443223443224,True,False,False,0,0.9523809523809523
MLC-4210800508,1.0,0,1,5,True,1334.9,1334.9,5.0,1.0,2.0,0.0,1.0,2.0,0.0,0.0,0.0,0.0,0.0,35.0,35.0,0.0,55000.0,0.0,0.0,0.0,1.0,1.0,5.0,6691.0,4.0,2810.0,1764.0,100.0,370000.0,425000.0,4,12243.42105263158,True,False,False,0,1.0
MLC-2091974571,1.0,0,1,0,False,1000.3,1000.3,5.0,0.0,3.0,0.0,3.0,1.0,1.0,0.0,0.0,0.0,0.0,48.0,46.0,0.0,70000.0,0.0,0.0,0.0,1.0,1.0,18.0,6279.0,3.0,2598.0,1648.0,100.0,570000.0,640000.0,2,11111.111111111111,True,False,False,1,1.0434782608695652
MLC-4247972318,2.0,1,2,0,False,5073.1,5073.1,0.0,0.0,0.0,0.0,0.0,0.0,0.0,0.0,0.0,0.0,0.0,66.0,66.0,0.0,80000.0,0.0,1.0,0.0,1.0,1.0,2.0,6282.0,3.0,12506.0,6078.0,99.9999999999999,550000.0,630000.0,4,10463.917525773195,True,False,False,0,1.0
MLC-2091972487,2.0,0,5,59,False,184.9,184.9,5.0,0.0,2.0,1.0,1.0,5.0,5.0,1.0,0.0,0.0,0.0,147.0,127.0,0.0,25000.0,0.0,0.0,0.0,0.0,0.0,6.0,4644.0,1.0,2739.0,1645.0,100.0,550000.0,575000.0,2,11048.387096774193,True,False,False,0,1.1574803149606299
MLC-2092199199,1.0,0,1,0,True,1373.8,1373.8,5.0,1.0,2.0,0.0,1.0,2.0,0.0,0.0,0.0,0.0,0.0,34.0,34.0,0.0,45000.0,0.0,0.0,0.0,0.0,1.0,9.0,6691.0,4.0,2810.0,1764.0,100.0,420000.0,465000.0,4,12071.428571428572,True,False,False,0,1.0
MLC-4248441388,1.0,0,1,0,True,747.5,747.5,4.0,3.0,3.0,0.0,1.0,0.0,0.0,0.0,0.0,0.0,0.0,40.0,40.0,0.0,55000.0,0.0,0.0,0.0,1.0,1.0,5.0,6636.0,4.0,2317.0,1552.0,99.9999999999999,450000.0,505000.0,2,12755.102040816326,True,False,False,0,1.0
MLC-4161004420,2.0,1,2,15,True,5202.1,9356.2,0.0,0.0,0.0,0.0,0.0,0.0,0.0,0.0,0.0,0.0,0.0,55.0,55.0,0.0,120000.0,1.0,1.0,0.0,0.0,1.0,1.0,1859.0,2.0,27535.0,12357.0,68.1398650783455,460000.0,580000.0,0,10995.039682539682,True,False,True,0,1.0
MLC-2092204957,2.0,1,2,5,True,2566.4,2566.4,1.0,0.0,1.0,1.0,0.0,0.0,0.0,0.0,0.0,0.0,0.0,50.0,47.0,0.0,0.0,0.0,0.0,0.0,1.0,1.0,1.0,6304.0,3.0,4026.0,2134.0,100.0,580000.0,580000.0,4,11345.646437994723,True,False,False,0,1.0638297872340425
MLC-4248581292,2.0,1,3,0,True,5167.9,5167.9,0.0,0.0,0.0,0.0,0.0,0.0,0.0,0.0,0.0,0.0,0.0,63.0,61.0,0.0,60000.0,1.0,0.0,0.0,1.0,0.0,4.0,6409.0,4.0,6576.0,3080.0,94.3101149608368,480000.0,540000.0,0,9523.809523809523,True,False,False,0,1.0327868852459017
MLC-2092300231,1.0,0,1,0,True,909.0,909.0,5.0,0.0,2.0,0.0,4.0,0.0,0.0,0.0,0.0,0.0,0.0,39.0,39.0,0.0,55000.0,0.0,0.0,0.0,1.0,1.0,2.0,5752.0,2.0,3137.0,1789.0,100.0,390000.0,445000.0,2,11653.944020356234,True,False,False,0,1.0
MLC-2092193751,1.0,0,1,6,True,751.5,751.5,5.0,5.0,1.0,1.0,1.0,1.0,2.0,1.0,0.0,5.0,0.0,33.5,32.0,0.0,57000.0,0.0,0.0,0.0,1.0,1.0,1.0,6768.0,4.0,1656.0,1111.0,100.0,390000.0,447000.0,2,11777.777777777777,True,False,False,0,1.046875
MLC-4247979704,1.0,1,1,1,True,1594.9,1594.9,5.0,2.0,4.0,2.0,1.0,3.0,1.0,0.0,2.0,2.0,0.0,33.1,37.9,1.0,95000.0,1.0,0.0,0.0,1.0,1.0,12.0,6382.0,3.0,2472.0,1579.0,44.7477970543667,580000.0,675000.0,4,11829.532604598568,True,False,False,0,0.8733509234828497
MLC-4248045074,2.0,0,2,17,True,497.5,497.5,5.0,5.0,3.0,4.0,1.0,2.0,5.0,1.0,0.0,5.0,0.0,55.0,55.0,0.0,85000.0,1.0,0.0,0.0,1.0,1.0,10.0,6318.0,3.0,1035.0,677.0,100.0,530000.0,615000.0,2,11692.307692307691,True,False,False,0,1.0
MLC-2092612013,2.0,1,3,12,True,2018.0,4841.2,0.0,0.0,0.0,0.0,0.0,1.0,1.0,0.0,0.0,0.0,0.0,83.0,78.0,1.0,100000.0,1.0,0.0,0.0,0.0,1.0,3.0,6748.0,4.0,2908.0,1351.0,5.75523405114186,590000.0,690000.0,3,11473.069435431538,True,False,True,0,1.064102564102564
MLC-4248422580,1.0,1,1,0,True,2161.5,5420.2,0.0,0.0,0.0,0.0,0.0,0.0,0.0,0.0,0.0,0.0,0.0,50.0,50.0,1.0,75000.0,1.0,1.0,0.0,1.0,1.0,9.0,6748.0,4.0,2908.0,1351.0,5.75523405114186,600000.0,675000.0,3,11911.764705882353,True,False,True,1,1.0
MLC-4248257348,2.0,1,2,10,True,1461.6,4986.5,0.0,1.0,0.0,0.0,0.0,0.0,0.0,0.0,0.0,0.0,0.0,65.0,65.0,1.0,90000.0,0.0,0.0,0.0,0.0,0.0,1.0,6748.0,4.0,2908.0,1351.0,5.75523405114186,600000.0,690000.0,3,11481.481481481482,True,False,True,0,1.0
MLC-4161011794,2.0,2,2,0,True,2305.5,4976.6,0.0,0.0,0.0,0.0,0.0,0.0,0.0,0.0,0.0,0.0,0.0,80.0,80.0,1.0,100000.0,1.0,1.0,0.0,1.0,1.0,1.0,6748.0,4.0,2908.0,1351.0,5.75523405114186,933656.71,1033656.71,3,11641.791044776119,True,False,True,0,1.0
MLC-4162497200,2.0,1,2,6,True,1123.1,1123.1,5.0,3.0,1.0,0.0,0.0,0.0,2.0,0.0,0.0,4.0,0.0,63.0,58.0,0.0,72000.0,1.0,0.0,0.0,1.0,1.0,3.0,6382.0,3.0,2472.0,1579.0,44.7477970543667,590000.0,662000.0,4,11873.35092348285,True,False,False,0,1.0862068965517242
MLC-4162523492,1.0,11,1,0,True,688.4,3808.6,5.0,0.0,1.0,0.0,2.0,1.0,3.0,0.0,0.0,0.0,0.0,36.0,39.0,1.0,60000.0,1.0,0.0,0.0,1.0,1.0,1.0,5879.0,4.0,12234.0,5977.0,80.4354882614475,430000.0,490000.0,0,11368.13186813187,True,False,True,0,0.9230769230769231
MLC-4253602378,2.0,1,2,11,True,1916.4,5455.1,0.0,0.0,0.0,0.0,0.0,0.0,0.0,0.0,0.0,0.0,0.0,70.0,67.0,0.0,170000.0,0.0,0.0,0.0,1.0,1.0,1.0,6748.0,4.0,2908.0,1351.0,5.75523405114186,650000.0,820000.0,3,12238.805970149253,True,False,True,0,1.044776119402985
MLC-2092617575,2.0,1,2,8,True,8370.3,3253.5,5.0,0.0,2.0,0.0,1.0,0.0,0.0,0.0,0.0,0.0,0.0,77.9,68.2,1.0,140000.0,1.0,1.0,0.0,1.0,1.0,1.0,6624.0,4.0,1277.0,600.0,16.149253186174,850000.0,990000.0,1,11315.78947368421,True,True,False,0,1.1422287390029326
MLC-2092765741,2.0,1,2,1,True,457.5,4504.2,5.0,0.0,0.0,0.0,1.0,0.0,1.0,0.0,0.0,0.0,0.0,70.0,70.0,0.0,90000.0,1.0,1.0,0.0,1.0,1.0,15.0,5879.0,4.0,12234.0,5977.0,80.4354882614475,670000.0,760000.0,0,10916.17933723197,True,False,True,0,1.0
MLC-2092643349,2.0,1,3,4,True,1003.8,4794.1,5.0,0.0,0.0,0.0,3.0,1.0,0.0,0.0,0.0,0.0,0.0,70.0,70.0,1.0,80000.0,1.0,0.0,0.0,1.0,1.0,1.0,4433.0,3.0,20174.0,9883.0,82.4572189855629,700000.0,780000.0,4,10023.444266666665,True,False,True,0,1.0
MLC-4253600538,2.0,1,2,11,True,1899.6,5495.6,0.0,0.0,0.0,0.0,0.0,0.0,0.0,0.0,0.0,0.0,0.0,64.1,64.6,0.0,150000.0,0.0,1.0,0.0,1.0,1.0,4.0,6748.0,4.0,2908.0,1351.0,5.75523405114186,650000.0,800000.0,3,12238.805970149253,True,False,True,0,0.9922600619195047
MLC-2095431043,2.0,1,2,7,True,407.0,3845.6,5.0,0.0,1.0,0.0,2.0,1.0,2.0,0.0,0.0,0.0,1.0,53.0,50.0,0.0,80000.0,0.0,0.0,0.0,1.0,1.0,4.0,5879.0,4.0,12234.0,5977.0,80.4354882614475,490000.0,570000.0,0,11875.0,True,False,True,0,1.06
MLC-4109494126,2.0,1,3,7,True,1340.6,10365.1,5.0,1.0,3.0,0.0,3.0,0.0,1.0,0.0,0.0,0.0,1.0,70.0,66.0,0.0,57000.0,0.0,0.0,0.0,1.0,1.0,6.0,6201.0,4.0,3828.0,1963.0,52.2534527838595,510000.0,567000.0,0,10500.0,True,True,False,0,1.0606060606060606
MLC-4109494142,2.0,1,2,12,True,1070.9,4494.7,5.0,1.0,4.0,0.0,1.0,0.0,2.0,0.0,1.0,0.0,0.0,65.0,65.0,1.0,80000.0,1.0,1.0,0.0,1.0,1.0,6.0,6748.0,4.0,2908.0,1351.0,5.75523405114186,750000.0,830000.0,3,13577.20588235294,True,False,True,0,1.0
MLC-2092636875,2.0,1,2,10,True,2018.0,4841.2,0.0,0.0,0.0,0.0,0.0,1.0,1.0,0.0,0.0,0.0,0.0,56.0,52.0,1.0,90000.0,1.0,1.0,0.0,1.0,1.0,3.0,6748.0,4.0,2908.0,1351.0,5.75523405114186,540000.0,630000.0,3,11240.409207161125,True,False,True,0,1.0769230769230769
MLC-4109494226,1.0,1,1,0,True,723.7,723.7,5.0,5.0,5.0,3.0,2.0,1.0,5.0,0.0,0.0,3.0,0.0,33.1,37.9,1.0,63000.0,1.0,0.0,0.0,1.0,1.0,7.0,6636.0,4.0,2317.0,1552.0,99.9999999999999,590000.0,653000.0,2,12680.424528301886,True,False,False,0,0.8733509234828497
MLC-4230799824,2.0,1,2,7,True,3984.7,8154.5,5.0,0.0,0.0,0.0,0.0,0.0,0.0,0.0,0.0,0.0,0.0,62.0,60.0,0.0,80000.0,1.0,1.0,0.0,1.0,1.0,2.0,1859.0,2.0,27535.0,12357.0,68.1398650783455,520000.0,600000.0,0,10000.0,True,False,True,0,1.0333333333333334
MLC-4230680564,1.0,0,2,3,False,2658.6,2658.6,3.0,0.0,0.0,0.0,0.0,0.0,0.0,0.0,0.0,0.0,0.0,48.0,45.0,0.0,46000.0,1.0,0.0,0.0,1.0,0.0,2.0,5901.0,2.0,3835.0,2050.0,58.6173339550477,400000.0,446000.0,4,10121.951219512195,True,False,False,0,1.0666666666666667
MLC-2081789087,1.0,1,1,7,True,1760.8,1760.8,1.0,1.0,1.0,0.0,0.0,0.0,0.0,0.0,0.0,0.0,0.0,33.1,37.9,0.0,45000.0,0.0,0.0,0.0,1.0,1.0,6.0,4687.0,1.0,2156.0,1177.0,57.9263203269884,380000.0,425000.0,2,13518.518518518518,True,False,False,0,0.8733509234828497
MLC-4229147048,2.0,1,2,0,False,768.3,768.3,5.0,5.0,1.0,1.0,1.0,1.0,2.0,2.0,0.0,5.0,0.0,55.0,55.0,1.0,80000.0,1.0,0.0,0.0,0.0,1.0,1.0,6768.0,4.0,1656.0,1111.0,100.0,600000.0,680000.0,2,11826.388888888889,True,False,False,1,1.0
MLC-4225852170,1.0,1,2,5,False,1806.2,1806.2,1.0,0.0,1.0,0.0,0.0,0.0,0.0,0.0,0.0,0.0,0.0,47.0,47.0,0.0,0.0,0.0,0.0,0.0,0.0,1.0,1.0,5924.0,2.0,3532.0,1915.0,100.0,620000.0,620000.0,4,11477.572559366756,True,False,False,1,1.0
MLC-4230654438,1.0,1,1,8,True,751.5,751.5,5.0,5.0,1.0,1.0,1.0,1.0,2.0,1.0,0.0,5.0,0.0,36.0,34.0,1.0,70000.0,1.0,0.0,0.0,1.0,1.0,13.0,6768.0,4.0,1656.0,1111.0,100.0,400000.0,470000.0,2,11777.777777777777,True,False,False,0,1.0588235294117647
MLC-4225847470,2.0,2,2,0,True,900.0,4527.0,5.0,0.0,3.0,0.0,2.0,0.0,1.0,0.0,0.0,0.0,0.0,83.0,66.0,1.0,150000.0,0.0,0.0,0.0,1.0,1.0,12.0,5879.0,4.0,12234.0,5977.0,80.4354882614475,700000.0,850000.0,0,13685.390174732413,True,False,True,0,1.2575757575757576
MLC-4225152068,1.0,0,1,5,True,521.2,521.2,5.0,5.0,5.0,4.0,3.0,0.0,5.0,0.0,0.0,5.0,0.0,30.0,30.0,0.0,40000.0,0.0,0.0,0.0,1.0,1.0,1.0,6636.0,4.0,2317.0,1552.0,99.9999999999999,390000.0,430000.0,2,12142.857142857143,True,False,False,1,1.0
MLC-4228885964,2.0,1,2,3,False,777.9,777.9,5.0,4.0,0.0,0.0,1.0,1.0,2.0,2.0,0.0,5.0,0.0,50.0,58.3,1.0,80000.0,0.0,0.0,0.0,1.0,1.0,15.0,6768.0,4.0,1656.0,1111.0,100.0,650000.0,730000.0,2,11875.0,True,False,False,0,0.8576329331046313
MLC-2082121279,1.0,1,2,30,True,466.7,466.7,5.0,4.0,3.0,3.0,1.0,4.0,5.0,2.0,0.0,3.0,0.0,57.0,54.0,0.0,90000.0,0.0,0.0,0.0,1.0,1.0,15.0,3511.0,1.0,1254.0,785.0,100.0,550000.0,640000.0,2,11296.296296296296,True,False,False,0,1.0555555555555556
MLC-4229149408,1.0,1,3,14,True,1985.4,13567.9,0.0,0.0,0.0,0.0,0.0,0.0,0.0,0.0,0.0,0.0,0.0,60.6,60.0,0.0,0.0,1.0,1.0,0.0,1.0,0.0,4.0,5136.0,2.0,13939.0,6879.0,81.3670347779654,430000.0,430000.0,0,8530.884808013356,True,True,False,0,1.01
MLC-4229316902,2.0,2,2,0,True,900.0,4527.0,5.0,0.0,3.0,0.0,2.0,0.0,1.0,0.0,0.0,0.0,0.0,69.0,65.0,1.0,120000.0,1.0,0.0,0.0,1.0,1.0,10.0,5879.0,4.0,12234.0,5977.0,80.4354882614475,780000.0,900000.0,0,13402.636916835701,True,False,True,0,1.0615384615384615
MLC-4234130216,1.0,1,3,0,True,4311.1,8313.2,5.0,1.0,1.0,0.0,3.0,0.0,0.0,0.0,0.0,0.0,0.0,56.0,54.0,0.0,50000.0,0.0,0.0,0.0,1.0,0.0,4.0,6358.0,4.0,4448.0,2458.0,54.2005929673536,600000.0,650000.0,4,9083.916083916083,True,True,False,0,1.037037037037037
MLC-2079666941,1.0,0,2,0,True,733.8,733.8,5.0,5.0,5.0,3.0,2.0,1.0,5.0,0.0,0.0,3.0,0.0,60.0,60.0,0.0,0.0,0.0,0.0,0.0,1.0,0.0,10.0,6636.0,4.0,2317.0,1552.0,99.9999999999999,700000.0,700000.0,2,12735.849056603774,True,False,False,0,1.0
MLC-2079448449,2.0,1,2,10,True,1461.6,4986.5,0.0,1.0,0.0,0.0,0.0,0.0,0.0,0.0,0.0,0.0,0.0,70.0,64.3,0.0,120000.0,0.0,1.0,0.0,0.0,0.0,1.0,6748.0,4.0,2908.0,1351.0,5.75523405114186,610000.0,730000.0,3,11481.481481481482,True,False,True,0,1.088646967340591
MLC-4223497656,1.0,0,1,0,True,1675.4,1675.4,5.0,2.0,5.0,1.0,2.0,4.0,0.0,0.0,0.0,1.0,0.0,35.0,35.0,0.0,45000.0,0.0,0.0,0.0,1.0,1.0,1.0,6691.0,4.0,2810.0,1764.0,100.0,430000.0,475000.0,4,12605.263157894737,True,False,False,0,1.0
MLC-2076890747,1.0,1,1,15,True,4026.9,4026.9,3.0,0.0,0.0,0.0,0.0,1.0,1.0,0.0,0.0,0.0,0.0,41.3,40.0,0.0,80000.0,1.0,1.0,0.0,1.0,1.0,15.0,6684.0,4.0,6833.0,3079.0,90.5171296845883,500000.0,580000.0,4,12295.081967213115,True,False,False,1,1.0325
MLC-4221737346,1.0,1,1,6,True,1085.0,5073.4,2.0,0.0,1.0,0.0,0.0,1.0,0.0,0.0,0.0,0.0,0.0,45.0,39.0,0.0,65000.0,1.0,0.0,0.0,1.0,1.0,1.0,4433.0,3.0,20174.0,9883.0,82.4572189855629,450000.0,515000.0,4,10454.545454545454,True,False,True,0,1.1538461538461537
MLC-2076806097,2.0,1,2,5,True,2744.4,2744.4,2.0,0.0,0.0,0.0,0.0,0.0,0.0,0.0,0.0,0.0,0.0,43.0,43.0,1.0,50000.0,0.0,0.0,0.0,1.0,0.0,4.0,5901.0,2.0,3835.0,2050.0,58.6173339550477,430000.0,480000.0,4,9911.111111111111,True,False,False,0,1.0
MLC-2079444339,1.0,0,1,19,True,880.0,880.0,5.0,5.0,1.0,2.0,1.0,2.0,2.0,0.0,0.0,5.0,0.0,35.0,35.0,0.0,60000.0,0.0,1.0,0.0,1.0,1.0,4.0,6636.0,4.0,2317.0,1552.0,99.9999999999999,650000.0,710000.0,2,12352.941176470587,True,False,False,0,1.0
MLC-2079448435,2.0,1,2,5,True,6263.3,6646.2,2.0,0.0,0.0,0.0,0.0,0.0,0.0,0.0,0.0,0.0,0.0,55.0,55.0,0.0,40000.0,0.0,0.0,0.0,1.0,0.0,1.0,6682.0,4.0,4021.0,1996.0,65.5175717706704,500000.0,540000.0,1,12338.697984630999,True,True,False,0,1.0
MLC-2079667221,2.0,1,2,10,True,1787.3,4908.7,0.0,0.0,0.0,0.0,0.0,0.0,0.0,0.0,0.0,0.0,0.0,64.0,62.0,1.0,110000.0,1.0,1.0,0.0,1.0,1.0,7.0,6748.0,4.0,2908.0,1351.0,5.75523405114186,650000.0,760000.0,3,10940.347970173985,True,False,True,0,1.032258064516129
MLC-2081847157,1.0,1,3,0,True,2216.3,13799.1,5.0,2.0,1.0,0.0,0.0,3.0,0.0,0.0,0.0,0.0,0.0,60.6,59.6,0.0,45000.0,1.0,1.0,0.0,1.0,0.0,3.0,5136.0,2.0,13939.0,6879.0,81.3670347779654,490000.0,535000.0,0,8530.884808013356,True,True,False,0,1.016778523489933
MLC-4225151836,1.0,1,2,0,True,1762.2,1762.2,1.0,0.0,1.0,0.0,0.0,1.0,0.0,0.0,0.0,0.0,0.0,42.0,42.0,0.0,0.0,0.0,0.0,0.0,1.0,1.0,1.0,5924.0,2.0,3532.0,1915.0,100.0,460000.0,460000.0,4,11638.082673702727,True,False,False,0,1.0
MLC-2081791831,2.0,1,2,6,True,1141.4,1141.4,5.0,0.0,1.0,0.0,5.0,0.0,0.0,0.0,0.0,0.0,0.0,55.0,55.0,0.0,75000.0,1.0,0.0,0.0,1.0,1.0,10.0,5752.0,2.0,3137.0,1789.0,100.0,470000.0,545000.0,2,9572.727272727272,True,False,False,0,1.0
MLC-2081792211,1.0,0,1,6,True,507.6,507.6,5.0,0.0,4.0,4.0,0.0,4.0,4.0,0.0,0.0,3.0,0.0,50.0,45.0,0.0,70000.0,0.0,0.0,0.0,1.0,1.0,12.0,5332.0,1.0,4499.0,2404.0,100.0,460000.0,530000.0,2,12404.580152671757,True,False,False,1,1.1111111111111112
MLC-2081847849,1.0,0,1,0,True,1115.9,1115.9,5.0,1.0,1.0,0.0,5.0,0.0,0.0,0.0,0.0,0.0,0.0,30.0,30.0,0.0,30000.0,0.0,0.0,0.0,0.0,0.0,1.0,5941.0,2.0,3137.0,1891.0,100.0,380000.0,410000.0,2,11410.25641025641,True,False,False,0,1.0
MLC-2082157943,2.0,1,2,5,True,3464.1,6135.4,5.0,0.0,1.0,0.0,0.0,1.0,1.0,0.0,0.0,0.0,0.0,54.0,54.0,0.0,30000.0,0.0,0.0,0.0,0.0,1.0,1.0,4924.0,2.0,16315.0,7728.0,96.1398621005236,500000.0,530000.0,4,9715.099715099715,True,True,False,1,1.0
MLC-4110690056,2.0,1,3,20,True,1186.5,1186.5,5.0,5.0,3.0,2.0,0.0,2.0,2.0,0.0,1.0,4.0,0.0,46.5,74.7,1.0,140000.0,1.0,0.0,0.0,1.0,1.0,4.0,6382.0,3.0,2472.0,1579.0,44.7477970543667,645000.0,785000.0,4,11873.35092348285,True,False,False,0,0.6224899598393574
MLC-4217827346,2.0,1,3,3,True,863.3,4951.8,5.0,0.0,3.0,0.0,1.0,2.0,0.0,0.0,0.0,0.0,0.0,94.0,85.0,1.0,160000.0,0.0,0.0,0.0,1.0,0.0,5.0,4433.0,3.0,20174.0,9883.0,82.4572189855629,816895.8,976895.8,4,10420.16806722689,True,False,True,0,1.1058823529411765
MLC-4179314748,2.0,1,2,1,True,4193.3,4193.3,0.0,0.0,0.0,0.0,0.0,0.0,0.0,0.0,0.0,0.0,0.0,59.7,58.3,1.0,60000.0,1.0,1.0,0.0,1.0,1.0,3.0,6684.0,4.0,6833.0,3079.0,90.5171296845883,750000.0,810000.0,4,12950.819672131147,True,False,False,0,1.0240137221269299
MLC-4218351864,2.0,1,2,1,True,1634.3,10058.1,2.0,0.0,0.0,0.0,1.0,0.0,0.0,0.0,0.0,0.0,0.0,77.0,69.0,0.0,0.0,0.0,0.0,0.0,0.0,0.0,2.0,6201.0,4.0,3828.0,1963.0,52.2534527838595,600000.0,600000.0,0,10452.35361653272,True,True,False,0,1.1159420289855073
MLC-4217925510,2.0,1,3,2,True,4501.8,4501.8,2.0,0.0,1.0,0.0,1.0,0.0,0.0,0.0,0.0,0.0,0.0,60.0,60.0,0.0,80000.0,0.0,0.0,0.0,1.0,1.0,1.0,6746.0,4.0,1359.0,578.0,0.79120010960881,550000.0,630000.0,0,11568.627450980392,True,False,False,0,1.0
MLC-4218351370,1.0,0,1,1,True,1144.8,1144.8,5.0,5.0,2.0,2.0,1.0,2.0,2.0,0.0,1.0,4.0,0.0,44.0,40.0,0.0,0.0,0.0,0.0,0.0,0.0,0.0,2.0,6382.0,3.0,2472.0,1579.0,44.7477970543667,440000.0,440000.0,4,11818.181818181818,True,False,False,0,1.1
MLC-2079325819,2.0,1,3,0,True,1787.3,4908.7,0.0,0.0,0.0,0.0,0.0,0.0,0.0,0.0,0.0,0.0,0.0,88.0,88.0,1.0,150000.0,0.0,1.0,0.0,1.0,1.0,9.0,6748.0,4.0,2908.0,1351.0,5.75523405114186,870000.0,1020000.0,3,10940.347970173985,True,False,True,0,1.0
MLC-4223495790,1.0,2,2,5,True,983.3,12511.6,0.0,0.0,0.0,0.0,0.0,0.0,0.0,0.0,0.0,0.0,0.0,60.0,52.4,0.0,0.0,0.0,0.0,0.0,1.0,0.0,1.0,5136.0,2.0,13939.0,6879.0,81.3670347779654,480000.0,480000.0,1,8888.888888888889,True,True,False,0,1.1450381679389314
MLC-2079662965,1.0,0,1,18,True,361.1,361.1,5.0,0.0,2.0,2.0,1.0,5.0,5.0,1.0,0.0,0.0,0.0,33.1,37.9,1.0,92000.0,0.0,0.0,0.0,1.0,1.0,8.0,3511.0,1.0,1254.0,785.0,100.0,350000.0,442000.0,2,11851.851851851852,True,False,False,0,0.8733509234828497
MLC-4223757906,2.0,1,2,10,True,4860.4,4860.4,5.0,2.0,0.0,0.0,3.0,0.0,0.0,0.0,0.0,0.0,0.0,78.0,73.0,0.0,85000.0,0.0,1.0,0.0,1.0,1.0,12.0,6282.0,3.0,12506.0,6078.0,99.9999999999999,680000.0,765000.0,4,11168.384879725085,True,False,False,0,1.0684931506849316
MLC-4225146752,1.0,1,2,8,True,4785.8,4785.8,5.0,1.0,0.0,0.0,2.0,0.0,0.0,0.0,0.0,0.0,0.0,66.0,58.0,0.0,60000.0,1.0,1.0,0.0,1.0,0.0,9.0,6282.0,3.0,12506.0,6078.0,99.9999999999999,500000.0,560000.0,4,11000.0,True,False,False,0,1.1379310344827587
MLC-4225149380,2.0,1,2,7,True,1085.0,5073.4,2.0,0.0,1.0,0.0,0.0,1.0,0.0,0.0,0.0,0.0,0.0,58.0,70.0,1.0,85000.0,0.0,0.0,0.0,1.0,1.0,5.0,4433.0,3.0,20174.0,9883.0,82.4572189855629,590000.0,675000.0,4,10454.545454545454,True,False,True,0,0.8285714285714286
MLC-4229051294,2.0,1,2,1,True,698.9,698.9,5.0,1.0,4.0,0.0,0.0,2.0,2.0,1.0,0.0,0.0,0.0,50.0,50.0,0.0,85000.0,0.0,0.0,0.0,1.0,1.0,18.0,4644.0,1.0,2739.0,1645.0,100.0,500000.0,585000.0,2,12400.0,True,False,False,0,1.0
MLC-2082078511,2.0,1,3,0,True,7550.3,10931.5,1.0,0.0,1.0,0.0,0.0,0.0,0.0,0.0,0.0,0.0,0.0,58.0,58.0,0.0,0.0,0.0,1.0,0.0,1.0,1.0,3.0,4426.0,2.0,23629.0,10635.0,64.8623594811321,580000.0,580000.0,0,10185.185185185184,True,False,True,0,1.0
MLC-2070930181,2.0,0,2,21,True,978.3,978.3,5.0,5.0,2.0,1.0,1.0,2.0,3.0,1.0,1.0,4.0,0.0,90.0,90.0,0.0,100000.0,1.0,0.0,0.0,1.0,1.0,7.0,5492.0,1.0,2073.0,1418.0,100.0,645000.0,745000.0,2,11639.78494623656,True,False,False,0,1.0
MLC-4211502538,2.0,1,2,0,False,3484.1,3484.1,5.0,0.0,1.0,0.0,2.0,1.0,0.0,0.0,0.0,0.0,0.0,59.7,58.3,0.0,90000.0,0.0,0.0,0.0,1.0,1.0,1.0,6324.0,3.0,3689.0,1875.0,97.5302584398257,650000.0,740000.0,0,11873.35092348285,True,False,False,0,1.0240137221269299
MLC-4217926040,2.0,1,2,2,True,4584.9,4584.9,0.0,0.0,1.0,0.0,0.0,0.0,0.0,0.0,0.0,0.0,0.0,68.0,65.0,0.0,80000.0,0.0,0.0,0.0,1.0,1.0,2.0,6684.0,4.0,6833.0,3079.0,90.5171296845883,700000.0,780000.0,4,11168.384879725085,True,False,False,0,1.0461538461538462
MLC-2076888897,1.0,0,2,0,True,1373.8,1373.8,5.0,1.0,2.0,0.0,1.0,2.0,0.0,0.0,0.0,0.0,0.0,48.0,46.0,0.0,60000.0,0.0,0.0,0.0,1.0,1.0,5.0,6691.0,4.0,2810.0,1764.0,100.0,490000.0,550000.0,4,12182.539682539682,True,False,False,0,1.0434782608695652
MLC-4223495876,2.0,0,3,10,True,5376.7,5376.7,3.0,0.0,1.0,0.0,0.0,0.0,0.0,0.0,0.0,0.0,0.0,40.0,74.7,0.0,0.0,0.0,0.0,0.0,1.0,0.0,1.0,6684.0,4.0,6833.0,3079.0,90.5171296845883,680000.0,680000.0,4,9910.168447904296,True,False,False,0,0.535475234270415
MLC-4219656528,1.0,1,3,3,True,2087.2,13662.8,5.0,1.0,1.0,0.0,0.0,2.0,0.0,0.0,0.0,0.0,0.0,56.1,56.0,0.0,0.0,1.0,0.0,0.0,1.0,0.0,5.0,4290.0,1.0,8912.0,4260.0,99.9999999999999,450000.0,450000.0,0,8552.35515568453,True,True,False,0,1.0017857142857143
MLC-4223499292,2.0,1,2,4,True,3972.3,3972.3,5.0,2.0,0.0,0.0,1.0,2.0,1.0,0.0,0.0,0.0,0.0,70.0,60.0,0.0,80000.0,1.0,0.0,0.0,1.0,1.0,2.0,6684.0,4.0,6833.0,3079.0,90.5171296845883,700000.0,780000.0,4,12295.081967213115,True,False,False,0,1.1666666666666667
MLC-2079124583,2.0,1,2,0,True,1003.3,4976.7,5.0,0.0,2.0,0.0,1.0,3.0,0.0,0.0,0.0,0.0,0.0,60.0,60.0,0.0,70000.0,1.0,1.0,0.0,1.0,1.0,2.0,4433.0,3.0,20174.0,9883.0,82.4572189855629,550000.0,620000.0,4,10437.356760886172,True,False,True,0,1.0
MLC-4164836156,2.0,1,2,14,True,1461.6,4986.5,0.0,1.0,0.0,0.0,0.0,0.0,0.0,0.0,0.0,0.0,0.0,110.0,100.0,0.0,120000.0,0.0,1.0,0.0,0.0,1.0,1.0,6748.0,4.0,2908.0,1351.0,5.75523405114186,715000.0,835000.0,3,11481.481481481482,True,False,True,0,1.1
MLC-4160888156,2.0,1,3,4,True,4212.3,8484.8,5.0,0.0,2.0,0.0,0.0,0.0,0.0,0.0,0.0,0.0,0.0,62.0,58.0,0.0,0.0,0.0,0.0,0.0,0.0,0.0,3.0,6592.0,4.0,5079.0,2589.0,29.8628034168695,580000.0,580000.0,4,6906.906906906907,True,True,False,0,1.0689655172413792
MLC-4176372054,1.0,0,1,5,True,598.4,598.4,5.0,5.0,1.0,5.0,0.0,1.0,5.0,2.0,0.0,5.0,0.0,40.0,40.0,0.0,70000.0,0.0,0.0,0.0,1.0,1.0,1.0,6768.0,4.0,1656.0,1111.0,100.0,460000.0,530000.0,2,11777.777777777777,True,False,False,0,1.0
MLC-4176384498,1.0,1,2,1,True,584.9,584.9,5.0,0.0,4.0,0.0,0.0,5.0,1.0,0.0,0.0,0.0,0.0,48.3,52.4,0.0,60000.0,1.0,0.0,0.0,1.0,1.0,11.0,4644.0,1.0,2739.0,1645.0,100.0,620000.0,680000.0,2,11071.77033492823,True,False,False,1,0.9217557251908397
MLC-4179284850,2.0,0,2,1,True,733.8,733.8,5.0,5.0,5.0,3.0,2.0,1.0,5.0,0.0,0.0,3.0,0.0,59.7,58.3,0.0,0.0,0.0,0.0,0.0,0.0,1.0,2.0,6636.0,4.0,2317.0,1552.0,99.9999999999999,650000.0,650000.0,2,12735.849056603774,True,False,False,0,1.0240137221269299
MLC-4179341422,1.0,0,1,6,True,751.5,751.5,5.0,5.0,1.0,1.0,1.0,1.0,2.0,1.0,0.0,5.0,0.0,38.0,36.0,0.0,52000.0,1.0,0.0,0.0,1.0,1.0,12.0,6768.0,4.0,1656.0,1111.0,100.0,550000.0,602000.0,2,11777.777777777777,True,False,False,1,1.0555555555555556
MLC-4179289960,2.0,1,2,0,True,898.7,898.7,5.0,5.0,1.0,1.0,1.0,2.0,3.0,0.0,0.0,4.0,0.0,62.0,62.0,1.0,100000.0,0.0,0.0,0.0,1.0,1.0,8.0,6636.0,4.0,2317.0,1552.0,99.9999999999999,620000.0,720000.0,2,12185.622859709201,True,False,False,0,1.0
MLC-4179285536,2.0,1,2,2,True,2337.9,4967.7,0.0,0.0,0.0,0.0,0.0,0.0,0.0,0.0,0.0,0.0,0.0,88.0,64.3,1.0,120000.0,1.0,1.0,0.0,1.0,1.0,1.0,6748.0,4.0,2908.0,1351.0,5.75523405114186,900000.0,1020000.0,3,12142.857142857143,True,False,True,0,1.3685847589424573
MLC-4179312000,1.0,1,1,7,True,1437.0,1437.0,5.0,1.0,1.0,2.0,0.0,1.0,0.0,0.0,0.0,1.0,0.0,40.0,40.0,1.0,0.0,0.0,0.0,0.0,1.0,1.0,1.0,6691.0,4.0,2810.0,1764.0,100.0,410000.0,410000.0,4,12400.0,True,False,False,0,1.0
MLC-4182740028,1.0,0,1,8,True,2566.4,2566.4,1.0,0.0,1.0,1.0,0.0,0.0,0.0,0.0,0.0,0.0,0.0,34.2,33.0,0.0,0.0,0.0,0.0,0.0,1.0,1.0,6.0,6304.0,3.0,4026.0,2134.0,100.0,430000.0,430000.0,4,11345.646437994723,True,False,False,0,1.0363636363636364
MLC-2059585895,2.0,1,2,6,False,1685.2,5572.7,5.0,0.0,2.0,0.0,3.0,2.0,0.0,0.0,0.0,0.0,0.0,72.0,63.0,1.0,80000.0,1.0,1.0,0.0,0.0,1.0,2.0,4433.0,3.0,20174.0,9883.0,82.4572189855629,600000.0,680000.0,4,11947.310642354674,True,False,True,0,1.1428571428571428
MLC-4182742592,2.0,1,2,8,True,1033.7,5098.8,1.0,0.0,0.0,0.0,0.0,0.0,0.0,0.0,0.0,0.0,0.0,55.0,55.0,0.0,75000.0,1.0,0.0,0.0,0.0,1.0,1.0,4433.0,3.0,20174.0,9883.0,82.4572189855629,520000.0,595000.0,4,10454.545454545454,True,False,True,0,1.0
MLC-4182779548,2.0,1,3,16,True,4929.1,4929.1,5.0,1.0,0.0,0.0,1.0,1.0,0.0,0.0,0.0,0.0,0.0,76.0,74.0,0.0,90000.0,1.0,0.0,0.0,1.0,1.0,4.0,6282.0,3.0,12506.0,6078.0,99.9999999999999,650000.0,740000.0,4,10571.42857142857,True,False,False,0,1.027027027027027
MLC-4111940314,1.0,1,1,10,True,1225.9,5052.2,4.0,0.0,0.0,0.0,0.0,2.0,0.0,0.0,0.0,0.0,0.0,39.0,45.0,0.0,50000.0,1.0,1.0,0.0,1.0,1.0,3.0,4433.0,3.0,20174.0,9883.0,82.4572189855629,450000.0,500000.0,4,10420.16806722689,True,False,True,1,0.8666666666666667
MLC-4111943474,2.0,1,2,2,True,793.8,793.8,5.0,4.0,4.0,1.0,0.0,3.0,3.0,2.0,0.0,4.0,0.0,60.0,60.0,0.0,100000.0,1.0,0.0,0.0,1.0,1.0,13.0,5492.0,1.0,2073.0,1418.0,100.0,600000.0,700000.0,2,12500.0,True,False,False,0,1.0
MLC-4187140822,2.0,1,2,9,True,574.2,574.2,5.0,0.0,4.0,0.0,0.0,5.0,3.0,0.0,0.0,0.0,0.0,52.0,52.0,0.0,0.0,0.0,0.0,0.0,1.0,1.0,1.0,4644.0,1.0,2739.0,1645.0,100.0,595000.0,595000.0,2,12450.0,True,False,False,0,1.0
MLC-4188420062,3.0,2,3,8,True,2184.8,3658.3,0.0,0.0,0.0,0.0,0.0,0.0,0.0,0.0,0.0,0.0,0.0,150.0,130.0,2.0,200000.0,0.0,1.0,0.0,1.0,1.0,6.0,6748.0,4.0,2908.0,1351.0,5.75523405114186,1500000.0,1700000.0,3,11834.935897435898,True,False,True,0,1.1538461538461537
MLC-4117543290,2.0,1,2,7,True,4709.6,4709.6,5.0,0.0,0.0,0.0,0.0,0.0,0.0,0.0,0.0,0.0,0.0,55.0,50.0,1.0,90000.0,1.0,0.0,0.0,0.0,1.0,1.0,6282.0,3.0,12506.0,6078.0,99.9999999999999,570000.0,660000.0,4,10582.52427184466,True,False,False,1,1.1
MLC-4118347102,2.0,1,2,10,True,3913.2,3913.2,3.0,0.0,0.0,0.0,1.0,0.0,0.0,0.0,0.0,0.0,0.0,80.0,76.0,0.0,150000.0,1.0,0.0,0.0,1.0,1.0,5.0,6684.0,4.0,6833.0,3079.0,90.5171296845883,670000.0,820000.0,4,12363.757199822772,True,False,False,0,1.0526315789473684
MLC-4118400300,1.0,0,1,1,True,698.9,698.9,5.0,1.0,4.0,0.0,0.0,2.0,2.0,1.0,0.0,0.0,0.0,36.0,34.0,0.0,45000.0,0.0,0.0,0.0,1.0,1.0,9.0,4644.0,1.0,2739.0,1645.0,100.0,420000.0,465000.0,2,12234.04255319149,True,False,False,0,1.0588235294117647
MLC-4118401088,3.0,1,3,2,True,4756.1,4756.1,5.0,2.0,0.0,0.0,3.0,0.0,0.0,0.0,0.0,0.0,0.0,116.4,111.0,1.0,120000.0,0.0,0.0,0.0,1.0,1.0,9.0,6282.0,3.0,12506.0,6078.0,99.9999999999999,970000.0,1090000.0,4,11000.0,True,False,False,0,1.0486486486486486
MLC-4118642400,1.0,1,2,0,True,5167.9,5167.9,0.0,0.0,0.0,0.0,0.0,0.0,0.0,0.0,0.0,0.0,0.0,50.0,50.0,0.0,0.0,0.0,0.0,0.0,1.0,0.0,5.0,6409.0,4.0,6576.0,3080.0,94.3101149608368,530000.0,530000.0,0,9423.076923076924,True,False,False,0,1.0
MLC-4120778786,2.0,1,2,36,True,761.1,761.1,5.0,5.0,0.0,1.0,1.0,1.0,3.0,2.0,0.0,5.0,0.0,70.0,70.0,0.0,130000.0,0.0,0.0,0.0,1.0,0.0,2.0,6768.0,4.0,1656.0,1111.0,100.0,600000.0,730000.0,2,11777.777777777777,True,False,False,0,1.0
MLC-4135262578,2.0,1,2,2,True,793.8,793.8,5.0,4.0,4.0,1.0,0.0,3.0,3.0,2.0,0.0,4.0,0.0,71.0,63.0,1.0,110000.0,1.0,0.0,0.0,1.0,1.0,14.0,5492.0,1.0,2073.0,1418.0,100.0,750000.0,860000.0,2,12469.512195121952,True,False,False,0,1.126984126984127
MLC-4138303924,2.0,1,3,20,False,1353.2,1353.2,5.0,2.0,2.0,2.0,0.0,2.0,2.0,0.0,3.0,4.0,0.0,108.0,99.0,1.0,180000.0,0.0,0.0,0.0,1.0,1.0,3.0,6382.0,3.0,2472.0,1579.0,44.7477970543667,950000.0,1130000.0,4,11632.171645329541,True,False,False,0,1.0909090909090908
MLC-4138224958,2.0,1,3,0,True,2544.5,5380.3,0.0,0.0,0.0,0.0,0.0,0.0,0.0,0.0,0.0,0.0,0.0,77.0,75.0,1.0,120000.0,1.0,0.0,0.0,1.0,1.0,3.0,6748.0,4.0,2908.0,1351.0,5.75523405114186,600000.0,720000.0,3,12068.965517241379,True,False,True,0,1.0266666666666666
MLC-4138310686,2.0,0,2,5,True,645.3,645.3,5.0,0.0,3.0,0.0,0.0,1.0,2.0,0.0,0.0,0.0,0.0,47.0,58.3,0.0,45000.0,1.0,0.0,0.0,1.0,1.0,16.0,4644.0,1.0,2739.0,1645.0,100.0,500000.0,545000.0,2,12211.111111111111,True,False,False,0,0.8061749571183534
MLC-4139155944,2.0,1,3,5,True,1135.2,4951.3,5.0,0.0,0.0,0.0,1.0,2.0,0.0,0.0,0.0,0.0,0.0,80.0,80.0,1.0,115000.0,1.0,0.0,0.0,1.0,1.0,4.0,4433.0,3.0,20174.0,9883.0,82.4572189855629,750000.0,865000.0,4,10048.010117647058,True,False,True,0,1.0
MLC-4139260584,2.0,1,2,4,True,4859.9,4859.9,5.0,1.0,0.0,0.0,2.0,0.0,0.0,0.0,0.0,0.0,0.0,68.0,60.0,1.0,95000.0,1.0,0.0,0.0,1.0,1.0,6.0,6282.0,3.0,12506.0,6078.0,99.9999999999999,700000.0,795000.0,4,11105.025773195875,True,False,False,1,1.1333333333333333
MLC-4146261928,2.0,1,3,11,True,1963.2,4798.8,0.0,0.0,0.0,0.0,0.0,1.0,1.0,0.0,0.0,0.0,0.0,72.0,68.0,1.0,110000.0,0.0,1.0,0.0,1.0,1.0,6.0,6748.0,4.0,2908.0,1351.0,5.75523405114186,650000.0,760000.0,3,11304.347826086956,True,False,True,0,1.0588235294117647
MLC-4146282588,1.0,1,1,0,True,1531.9,1531.9,1.0,2.0,3.0,0.0,0.0,0.0,0.0,0.0,0.0,0.0,0.0,34.0,34.0,1.0,55000.0,0.0,0.0,0.0,0.0,1.0,1.0,4687.0,1.0,2156.0,1177.0,57.9263203269884,490000.0,545000.0,2,13142.857142857143,True,False,False,0,1.0
MLC-4146282872,1.0,1,2,0,True,948.9,948.9,5.0,1.0,3.0,0.0,1.0,1.0,2.0,0.0,0.0,0.0,0.0,45.0,40.0,1.0,70000.0,0.0,0.0,0.0,1.0,0.0,1.0,6178.0,3.0,2620.0,1658.0,100.0,255000.0,325000.0,2,12450.0,True,False,False,0,1.125
MLC-4152901036,1.0,1,1,7,True,4709.6,4709.6,5.0,0.0,0.0,0.0,0.0,0.0,0.0,0.0,0.0,0.0,0.0,40.0,40.0,1.0,0.0,1.0,0.0,0.0,1.0,1.0,5.0,6282.0,3.0,12506.0,6078.0,99.9999999999999,450000.0,450000.0,4,10582.52427184466,True,False,False,0,1.0
MLC-4155689370,1.0,0,0,1,True,699.4,699.4,5.0,1.0,4.0,0.0,0.0,2.0,2.0,1.0,0.0,0.0,0.0,31.8,35.0,0.0,60000.0,0.0,0.0,0.0,1.0,1.0,23.0,4644.0,1.0,2739.0,1645.0,100.0,430000.0,490000.0,2,12234.04255319149,True,False,False,0,0.9085714285714286
MLC-4155690248,2.0,1,2,28,True,204.8,204.8,5.0,1.0,4.0,5.0,1.0,5.0,5.0,1.0,0.0,5.0,0.0,56.0,56.0,0.0,75000.0,0.0,1.0,0.0,1.0,1.0,11.0,6318.0,3.0,1035.0,677.0,100.0,500000.0,575000.0,2,12291.48390137876,True,False,False,0,1.0
MLC-4159943298,2.0,1,3,18,True,2193.5,5506.6,0.0,0.0,0.0,0.0,0.0,0.0,0.0,0.0,0.0,0.0,0.0,88.0,81.9,1.0,150000.0,0.0,0.0,0.0,1.0,1.0,9.0,6748.0,4.0,2908.0,1351.0,5.75523405114186,870000.0,1020000.0,3,12166.666666666666,True,False,True,0,1.0744810744810744
MLC-4159955470,1.0,1,1,0,True,1373.8,1373.8,5.0,1.0,2.0,0.0,1.0,2.0,0.0,0.0,0.0,0.0,0.0,33.1,37.9,1.0,55000.0,0.0,0.0,0.0,1.0,0.0,1.0,6691.0,4.0,2810.0,1764.0,100.0,430000.0,485000.0,4,12071.428571428572,True,False,False,0,0.8733509234828497
MLC-4162443120,1.0,1,1,7,True,1437.0,1437.0,5.0,1.0,1.0,2.0,0.0,1.0,0.0,0.0,0.0,1.0,0.0,41.0,36.0,1.0,49000.0,0.0,0.0,0.0,1.0,0.0,1.0,6691.0,4.0,2810.0,1764.0,100.0,450000.0,499000.0,4,12400.0,True,False,False,0,1.1388888888888888
MLC-4162511254,2.0,0,2,9,True,1028.9,1028.9,5.0,3.0,1.0,0.0,1.0,0.0,0.0,0.0,0.0,0.0,0.0,50.0,50.0,0.0,100000.0,1.0,0.0,0.0,1.0,1.0,5.0,6178.0,3.0,2620.0,1658.0,100.0,500000.0,600000.0,4,12044.776119402984,True,False,False,0,1.0
MLC-4168007454,1.0,0,2,0,True,2687.4,2687.4,2.0,0.0,1.0,0.0,1.0,0.0,0.0,0.0,0.0,0.0,0.0,35.0,35.0,0.0,40000.0,0.0,0.0,0.0,1.0,0.0,1.0,6304.0,3.0,4026.0,2134.0,100.0,400000.0,440000.0,4,10158.311345646438,True,False,False,0,1.0
MLC-4168014288,1.0,0,1,1,True,601.4,601.4,5.0,0.0,4.0,0.0,0.0,5.0,1.0,0.0,0.0,0.0,0.0,40.0,40.0,0.0,60000.0,0.0,0.0,0.0,0.0,1.0,8.0,4644.0,1.0,2739.0,1645.0,100.0,330000.0,390000.0,2,11247.208931419456,True,False,False,0,1.0
MLC-4168567708,1.0,1,2,0,True,4290.8,4072.9,0.0,0.0,0.0,0.0,0.0,0.0,0.0,0.0,0.0,0.0,0.0,49.0,47.0,0.0,70000.0,1.0,0.0,0.0,1.0,1.0,2.0,5535.0,3.0,1600.0,768.0,9.03186513678773,550000.0,620000.0,4,12647.058823529413,True,True,False,0,1.0425531914893618
MLC-4170200998,2.0,1,3,0,True,7287.6,10839.2,5.0,1.0,1.0,0.0,0.0,0.0,0.0,0.0,0.0,0.0,0.0,60.0,58.0,0.0,50000.0,0.0,0.0,0.0,1.0,0.0,5.0,4426.0,2.0,23629.0,10635.0,64.8623594811321,460000.0,510000.0,0,8196.72131147541,True,False,True,0,1.0344827586206897
MLC-4170348584,1.0,0,1,1,True,601.4,601.4,5.0,0.0,4.0,0.0,0.0,5.0,1.0,0.0,0.0,0.0,0.0,40.0,36.0,0.0,40000.0,1.0,0.0,0.0,1.0,1.0,5.0,4644.0,1.0,2739.0,1645.0,100.0,420000.0,460000.0,2,11071.77033492823,True,False,False,0,1.1111111111111112
MLC-4170364736,2.0,1,3,16,True,3019.4,8570.5,5.0,1.0,3.0,0.0,0.0,1.0,1.0,0.0,0.0,0.0,0.0,96.0,91.0,1.0,140000.0,1.0,1.0,0.0,1.0,1.0,2.0,6335.0,4.0,485.0,244.0,24.1564524129314,830000.0,970000.0,2,11645.569620253165,True,True,False,0,1.054945054945055
MLC-4173018132,2.0,1,2,3,True,580.3,4520.4,5.0,0.0,4.0,0.0,3.0,1.0,5.0,0.0,1.0,0.0,0.0,89.6,64.3,1.0,85000.0,1.0,1.0,0.0,1.0,1.0,11.0,5879.0,4.0,12234.0,5977.0,80.4354882614475,600000.0,685000.0,0,10916.17933723197,True,False,True,0,1.3934681181959565
MLC-4173025660,1.0,1,1,2,True,2271.6,3230.5,2.0,0.0,0.0,0.0,0.0,0.0,0.0,0.0,0.0,0.0,0.0,71.0,57.0,1.0,90000.0,1.0,1.0,0.0,1.0,1.0,7.0,6748.0,4.0,2908.0,1351.0,5.75523405114186,770000.0,860000.0,3,11537.81512605042,True,False,True,0,1.2456140350877194
MLC-4173922536,1.0,0,1,4,True,4859.9,4859.9,5.0,1.0,0.0,0.0,2.0,0.0,0.0,0.0,0.0,0.0,0.0,41.0,34.0,0.0,90000.0,0.0,0.0,0.0,0.0,0.0,1.0,6282.0,3.0,12506.0,6078.0,99.9999999999999,390000.0,480000.0,4,11105.025773195875,True,False,False,0,1.2058823529411764
MLC-4176330786,1.0,1,1,0,True,900.0,4527.0,5.0,0.0,3.0,0.0,2.0,0.0,1.0,0.0,0.0,0.0,0.0,49.0,40.0,1.0,90000.0,1.0,0.0,0.0,1.0,1.0,13.0,5879.0,4.0,12234.0,5977.0,80.4354882614475,560000.0,650000.0,0,13402.636916835701,True,False,True,0,1.225
MLC-4139253508,1.0,0,1,5,True,654.3,654.3,5.0,3.0,1.0,1.0,1.0,3.0,5.0,2.0,0.0,1.0,0.0,43.0,43.0,0.0,50000.0,0.0,0.0,0.0,1.0,1.0,5.0,5492.0,1.0,2073.0,1418.0,100.0,430000.0,480000.0,2,12375.0,True,False,False,0,1.0
